"ID"	"name"
"GO:0043038"	"amino acid activation"
"GO:0043232"	"intracellular non-membrane-bounded organelle"
"GO:0035639"	"purine ribonucleoside triphosphate binding"
"GO:0006518"	"peptide metabolic process"
"GO:0009058"	"biosynthetic process"
"GO:0005829"	"cytosol"
"GO:0006399"	"tRNA metabolic process"
"GO:0034645"	"cellular macromolecule biosynthetic process"
"GO:0098805"	"whole membrane"
"GO:0043226"	"organelle"
"GO:0120025"	"plasma membrane bounded cell projection"
"GO:0006725"	"cellular aromatic compound metabolic process"
"GO:1901576"	"organic substance biosynthetic process"
"GO:0006796"	"phosphate-containing compound metabolic process"
"GO:0015672"	"monovalent inorganic cation transport"
"GO:0009141"	"nucleoside triphosphate metabolic process"
"GO:0071944"	"cell periphery"
"GO:0048699"	"generation of neurons"
"GO:0044271"	"cellular nitrogen compound biosynthetic process"
"GO:0010608"	"posttranscriptional regulation of gene expression"
"GO:0034622"	"cellular protein-containing complex assembly"
"GO:0019219"	"regulation of nucleobase-containing compound metabolic process"
"GO:0005575"	"cellular_component"
"GO:0042255"	"ribosome assembly"
"GO:0045088"	"regulation of innate immune response"
"GO:1901269"	"lipooligosaccharide metabolic process"
"GO:0044092"	"negative regulation of molecular function"
"GO:0022613"	"ribonucleoprotein complex biogenesis"
"GO:0006955"	"immune response"
"GO:0042625"	"ATPase coupled ion transmembrane transporter activity"
"GO:0003824"	"catalytic activity"
"GO:0016114"	"terpenoid biosynthetic process"
"GO:1901505"	"carbohydrate derivative transmembrane transporter activity"
"GO:0090627"	"plant epidermal cell differentiation"
"GO:0043167"	"ion binding"
"GO:0010911"	"regulation of isomerase activity"
"GO:0044706"	"multi-multicellular organism process"
"GO:0005737"	"cytoplasm"
"GO:0016020"	"membrane"
"GO:0035821"	"modification of morphology or physiology of other organism"
"GO:0009116"	"nucleoside metabolic process"
"GO:0003006"	"developmental process involved in reproduction"
"GO:0051180"	"vitamin transport"
"GO:0044085"	"cellular component biogenesis"
"GO:0097159"	"organic cyclic compound binding"
"GO:0008152"	"metabolic process"
"GO:0006139"	"nucleobase-containing compound metabolic process"
"GO:0046854"	"phosphatidylinositol phosphorylation"
"GO:0009059"	"macromolecule biosynthetic process"
"GO:0051716"	"cellular response to stimulus"
"GO:0034641"	"cellular nitrogen compound metabolic process"
"GO:0031981"	"nuclear lumen"
"GO:0009987"	"cellular process"
"GO:0044464"	"cell part"
"GO:0003677"	"DNA binding"
"GO:0043043"	"peptide biosynthetic process"
"GO:0071826"	"ribonucleoprotein complex subunit organization"
"GO:0016021"	"integral component of membrane"
"GO:0030154"	"cell differentiation"
"GO:0042221"	"response to chemical"
"GO:0007275"	"multicellular organism development"
"GO:0001067"	"regulatory region nucleic acid binding"
"GO:0009394"	"2'-deoxyribonucleotide metabolic process"
"GO:0005622"	"intracellular"
"GO:0015101"	"organic cation transmembrane transporter activity"
"GO:0009314"	"response to radiation"
"GO:0040007"	"growth"
"GO:0016741"	"transferase activity, transferring one-carbon groups"
"GO:0044237"	"cellular metabolic process"
"GO:0044238"	"primary metabolic process"
"GO:0043229"	"intracellular organelle"
"GO:0010468"	"regulation of gene expression"
"GO:0009056"	"catabolic process"
"GO:0005623"	"cell"
"GO:0005215"	"transporter activity"
"GO:0004347"	"glucose-6-phosphate isomerase activity"
"GO:0005515"	"protein binding"
"GO:0043933"	"protein-containing complex subunit organization"
"GO:0046483"	"heterocycle metabolic process"
"GO:0032553"	"ribonucleotide binding"
"GO:0046942"	"carboxylic acid transport"
"GO:0044282"	"small molecule catabolic process"
"GO:0009263"	"deoxyribonucleotide biosynthetic process"
"GO:0006807"	"nitrogen compound metabolic process"
"GO:0005488"	"binding"
"GO:0071704"	"organic substance metabolic process"
"GO:0034220"	"ion transmembrane transport"
"GO:0050776"	"regulation of immune response"
"GO:0043101"	"purine-containing compound salvage"
"GO:0051182"	"coenzyme transport"
"GO:0009124"	"nucleoside monophosphate biosynthetic process"
"GO:1901360"	"organic cyclic compound metabolic process"
"GO:0044255"	"cellular lipid metabolic process"
"GO:0016740"	"transferase activity"
"GO:0000027"	"ribosomal large subunit assembly"
"GO:0006418"	"tRNA aminoacylation for protein translation"
"GO:0002130"	"wobble position ribose methylation"
"GO:0043228"	"non-membrane-bounded organelle"
"GO:0023052"	"signaling"
"GO:0019538"	"protein metabolic process"
"GO:0072521"	"purine-containing compound metabolic process"
"GO:0050896"	"response to stimulus"
"GO:0034654"	"nucleobase-containing compound biosynthetic process"
"GO:0048468"	"cell development"
"GO:0016829"	"lyase activity"
"GO:0072337"	"modified amino acid transport"
"GO:0043170"	"macromolecule metabolic process"
"GO:0046872"	"metal ion binding"
"GO:0044260"	"cellular macromolecule metabolic process"
"GO:0019319"	"hexose biosynthetic process"
"GO:0009893"	"positive regulation of metabolic process"
"GO:0016491"	"oxidoreductase activity"
"GO:0044444"	"cytoplasmic part"
"GO:0010020"	"chloroplast fission"
"GO:0022626"	"cytosolic ribosome"
"GO:0042546"	"cell wall biogenesis"
"GO:0071705"	"nitrogen compound transport"
"GO:0006753"	"nucleoside phosphate metabolic process"
"GO:0008299"	"isoprenoid biosynthetic process"
"GO:0097367"	"carbohydrate derivative binding"
"GO:1905039"	"carboxylic acid transmembrane transport"
"GO:0007165"	"signal transduction"
"GO:0009165"	"nucleotide biosynthetic process"
"GO:0045935"	"positive regulation of nucleobase-containing compound metabolic process"
"GO:0051704"	"multi-organism process"
"GO:1901566"	"organonitrogen compound biosynthetic process"
"GO:0015934"	"large ribosomal subunit"
"GO:0005618"	"cell wall"
"GO:0022607"	"cellular component assembly"
"GO:0032074"	"negative regulation of nuclease activity"
"GO:0090304"	"nucleic acid metabolic process"
"GO:0006721"	"terpenoid metabolic process"
"GO:0009986"	"cell surface"
"GO:0051234"	"establishment of localization"
"GO:0044422"	"organelle part"
"GO:0006644"	"phospholipid metabolic process"
"GO:0044877"	"protein-containing complex binding"
"GO:0065007"	"biological regulation"
"GO:0009211"	"pyrimidine deoxyribonucleoside triphosphate metabolic process"
"GO:0005198"	"structural molecule activity"
"GO:0015882"	"L-ascorbic acid transmembrane transport"
"GO:0048856"	"anatomical structure development"
"GO:0008144"	"drug binding"
"GO:0048858"	"cell projection morphogenesis"
"GO:0006235"	"dTTP biosynthetic process"
"GO:0071496"	"cellular response to external stimulus"
"GO:0022857"	"transmembrane transporter activity"
"GO:0008982"	"protein-N(PI)-phosphohistidine-sugar phosphotransferase activity"
"GO:0002376"	"immune system process"
"GO:0003674"	"molecular_function"
"GO:0019206"	"nucleoside kinase activity"
"GO:0009636"	"response to toxic substance"
"GO:0051179"	"localization"
"GO:0009117"	"nucleotide metabolic process"
"GO:0009262"	"deoxyribonucleotide metabolic process"
"GO:0061024"	"membrane organization"
"GO:0051172"	"negative regulation of nitrogen compound metabolic process"
"GO:0009968"	"negative regulation of signal transduction"
"GO:0009179"	"purine ribonucleoside diphosphate metabolic process"
"GO:0003688"	"DNA replication origin binding"
"GO:0000166"	"nucleotide binding"
"GO:0019752"	"carboxylic acid metabolic process"
"GO:0046364"	"monosaccharide biosynthetic process"
"GO:0044391"	"ribosomal subunit"
"GO:2001141"	"regulation of RNA biosynthetic process"
"GO:0140101"	"catalytic activity, acting on a tRNA"
"GO:0043604"	"amide biosynthetic process"
"GO:0043168"	"anion binding"
"GO:0008610"	"lipid biosynthetic process"
"GO:1901135"	"carbohydrate derivative metabolic process"
"GO:0030246"	"carbohydrate binding"
"GO:0048519"	"negative regulation of biological process"
"GO:0090698"	"post-embryonic plant morphogenesis"
"GO:0003676"	"nucleic acid binding"
"GO:0060338"	"regulation of type I interferon-mediated signaling pathway"
"GO:0009148"	"pyrimidine nucleoside triphosphate biosynthetic process"
"GO:0006793"	"phosphorus metabolic process"
"GO:0015405"	"P-P-bond-hydrolysis-driven transmembrane transporter activity"
"GO:0032420"	"stereocilium"
"GO:0016831"	"carboxy-lyase activity"
"GO:0017150"	"tRNA dihydrouridine synthase activity"
"GO:1901137"	"carbohydrate derivative biosynthetic process"
"GO:0006952"	"defense response"
"GO:0016053"	"organic acid biosynthetic process"
"GO:1904951"	"positive regulation of establishment of protein localization"
"GO:0048767"	"root hair elongation"
"GO:0006412"	"translation"
"GO:0032269"	"negative regulation of cellular protein metabolic process"
"GO:0060089"	"molecular transducer activity"
"GO:0010053"	"root epidermal cell differentiation"
"GO:0051156"	"glucose 6-phosphate metabolic process"
"GO:0065008"	"regulation of biological quality"
"GO:2000112"	"regulation of cellular macromolecule biosynthetic process"
"GO:0045182"	"translation regulator activity"
"GO:0050794"	"regulation of cellular process"
"GO:0009126"	"purine nucleoside monophosphate metabolic process"
"GO:0030182"	"neuron differentiation"
"GO:0006650"	"glycerophospholipid metabolic process"
"GO:1901564"	"organonitrogen compound metabolic process"
"GO:0016627"	"oxidoreductase activity, acting on the CH-CH group of donors"
"GO:0046496"	"nicotinamide nucleotide metabolic process"
"GO:0140098"	"catalytic activity, acting on RNA"
"GO:0005840"	"ribosome"
"GO:0019136"	"deoxynucleoside kinase activity"
"GO:0018130"	"heterocycle biosynthetic process"
"GO:0061564"	"axon development"
"GO:0016787"	"hydrolase activity"
"GO:0006996"	"organelle organization"
"GO:0022804"	"active transmembrane transporter activity"
"GO:0043169"	"cation binding"
"GO:0008150"	"biological_process"
"GO:0030003"	"cellular cation homeostasis"
"GO:1901362"	"organic cyclic compound biosynthetic process"
"GO:0016054"	"organic acid catabolic process"
"GO:0030312"	"external encapsulating structure"
"GO:0072525"	"pyridine-containing compound biosynthetic process"
"GO:0019843"	"rRNA binding"
"GO:0044424"	"intracellular part"
"GO:0044445"	"cytosolic part"
"GO:0033683"	"nucleotide-excision repair, DNA incision"
"GO:0009162"	"deoxyribonucleoside monophosphate metabolic process"
"GO:0052689"	"carboxylic ester hydrolase activity"
"GO:0005971"	"ribonucleoside-diphosphate reductase complex"
"GO:0032559"	"adenyl ribonucleotide binding"
"GO:0001883"	"purine nucleoside binding"
"GO:0071840"	"cellular component organization or biogenesis"
"GO:0036094"	"small molecule binding"
"GO:0043231"	"intracellular membrane-bounded organelle"
"GO:1990904"	"ribonucleoprotein complex"
"GO:0003723"	"RNA binding"
"GO:0048518"	"positive regulation of biological process"
"GO:0080147"	"root hair cell development"
"GO:0019438"	"aromatic compound biosynthetic process"
"GO:0070925"	"organelle assembly"
"GO:0032421"	"stereocilium bundle"
"GO:0009888"	"tissue development"
"GO:0019222"	"regulation of metabolic process"
"GO:0140097"	"catalytic activity, acting on DNA"
"GO:0120127"	"response to zinc ion starvation"
"GO:0022627"	"cytosolic small ribosomal subunit"
"GO:0000270"	"peptidoglycan metabolic process"
"GO:0015711"	"organic anion transport"
"GO:0048513"	"animal organ development"
"GO:0030667"	"secretory granule membrane"
"GO:0016772"	"transferase activity, transferring phosphorus-containing groups"
"GO:0022625"	"cytosolic large ribosomal subunit"
"GO:0016070"	"RNA metabolic process"
"GO:1990351"	"transporter complex"
"GO:0044249"	"cellular biosynthetic process"
"GO:0006423"	"cysteinyl-tRNA aminoacylation"
"GO:0044267"	"cellular protein metabolic process"
"GO:0006457"	"protein folding"
"GO:0043603"	"cellular amide metabolic process"
"GO:0034219"	"carbohydrate transmembrane transport"
"GO:0000049"	"tRNA binding"
"GO:0015144"	"carbohydrate transmembrane transporter activity"
"GO:0071702"	"organic substance transport"
"GO:0048812"	"neuron projection morphogenesis"
"GO:0046122"	"purine deoxyribonucleoside metabolic process"
"GO:0042278"	"purine nucleoside metabolic process"
"GO:0019363"	"pyridine nucleotide biosynthetic process"
"GO:0009605"	"response to external stimulus"
"GO:0046434"	"organophosphate catabolic process"
"GO:0006811"	"ion transport"
"GO:0009205"	"purine ribonucleoside triphosphate metabolic process"
"GO:1903509"	"liposaccharide metabolic process"
"GO:0031224"	"intrinsic component of membrane"
"GO:0003735"	"structural constituent of ribosome"
"GO:0072522"	"purine-containing compound biosynthetic process"
"GO:0006520"	"cellular amino acid metabolic process"
"GO:0006820"	"anion transport"
"GO:0031975"	"envelope"
"GO:0055082"	"cellular chemical homeostasis"
"GO:0016773"	"phosphotransferase activity, alcohol group as acceptor"
"GO:0046031"	"ADP metabolic process"
"GO:0006805"	"xenobiotic metabolic process"
"GO:0006401"	"RNA catabolic process"
"GO:0002253"	"activation of immune response"
"GO:0008080"	"N-acetyltransferase activity"
"GO:0051254"	"positive regulation of RNA metabolic process"
"GO:0010467"	"gene expression"
"GO:0005887"	"integral component of plasma membrane"
"GO:0044281"	"small molecule metabolic process"
"GO:0016818"	"hydrolase activity, acting on acid anhydrides, in phosphorus-containing anhydrides"
"GO:0097237"	"cellular response to toxic substance"
"GO:1903825"	"organic acid transmembrane transport"
"GO:0007399"	"nervous system development"
"GO:0010038"	"response to metal ion"
"GO:0006259"	"DNA metabolic process"
"GO:0006555"	"methionine metabolic process"
"GO:0008653"	"lipopolysaccharide metabolic process"
"GO:0050044"	"galactose-6-phosphate isomerase activity"
"GO:0019569"	"L-arabinose catabolic process to xylulose 5-phosphate"
"GO:0044419"	"interspecies interaction between organisms"
"GO:0048522"	"positive regulation of cellular process"
"GO:0010558"	"negative regulation of macromolecule biosynthetic process"
"GO:0051188"	"cofactor biosynthetic process"
"GO:0009891"	"positive regulation of biosynthetic process"
"GO:0032550"	"purine ribonucleoside binding"
"GO:1900424"	"regulation of defense response to bacterium"
"GO:0016616"	"oxidoreductase activity, acting on the CH-OH group of donors, NAD or NADP as acceptor"
"GO:1901363"	"heterocyclic compound binding"
"GO:0017000"	"antibiotic biosynthetic process"
"GO:0032991"	"protein-containing complex"
"GO:0016032"	"viral process"
"GO:0016860"	"intramolecular oxidoreductase activity"
"GO:0009653"	"anatomical structure morphogenesis"
"GO:0046040"	"IMP metabolic process"
"GO:0003977"	"UDP-N-acetylglucosamine diphosphorylase activity"
"GO:2000234"	"positive regulation of rRNA processing"
"GO:0016310"	"phosphorylation"
"GO:0009260"	"ribonucleotide biosynthetic process"
"GO:0044208"	"'de novo' AMP biosynthetic process"
"GO:0031327"	"negative regulation of cellular biosynthetic process"
"GO:0046686"	"response to cadmium ion"
"GO:0005886"	"plasma membrane"
"GO:0016043"	"cellular component organization"
"GO:0065003"	"protein-containing complex assembly"
"GO:0031669"	"cellular response to nutrient levels"
"GO:0019104"	"DNA N-glycosylase activity"
"GO:0016853"	"isomerase activity"
"GO:0006164"	"purine nucleotide biosynthetic process"
"GO:0030659"	"cytoplasmic vesicle membrane"
"GO:0072594"	"establishment of protein localization to organelle"
"GO:0046390"	"ribose phosphate biosynthetic process"
"GO:0032787"	"monocarboxylic acid metabolic process"
"GO:0009311"	"oligosaccharide metabolic process"
"GO:0090503"	"RNA phosphodiester bond hydrolysis, exonucleolytic"
"GO:0003973"	"(S)-2-hydroxy-acid oxidase activity"
"GO:0098660"	"inorganic ion transmembrane transport"
"GO:0042594"	"response to starvation"
"GO:0031325"	"positive regulation of cellular metabolic process"
"GO:0044446"	"intracellular organelle part"
"GO:0016866"	"intramolecular transferase activity"
"GO:0046700"	"heterocycle catabolic process"
"GO:0070013"	"intracellular organelle lumen"
"GO:0030554"	"adenyl nucleotide binding"
"GO:0044087"	"regulation of cellular component biogenesis"
"GO:0043436"	"oxoacid metabolic process"
"GO:0046939"	"nucleotide phosphorylation"
"GO:0033554"	"cellular response to stress"
"GO:0046164"	"alcohol catabolic process"
"GO:0009506"	"plasmodesma"
"GO:0022008"	"neurogenesis"
"GO:0042254"	"ribosome biogenesis"
"GO:0044248"	"cellular catabolic process"
"GO:0009657"	"plastid organization"
"GO:0009532"	"plastid stroma"
"GO:0032934"	"sterol binding"
"GO:0051063"	"CDP reductase activity"
"GO:0044093"	"positive regulation of molecular function"
"GO:0019320"	"hexose catabolic process"
"GO:0009966"	"regulation of signal transduction"
"GO:0016570"	"histone modification"
"GO:0055086"	"nucleobase-containing small molecule metabolic process"
"GO:0060589"	"nucleoside-triphosphatase regulator activity"
"GO:0035461"	"vitamin transmembrane transport"
"GO:0051181"	"cofactor transport"
"GO:0044265"	"cellular macromolecule catabolic process"
"GO:0017144"	"drug metabolic process"
"GO:0006004"	"fucose metabolic process"
"GO:0019317"	"fucose catabolic process"
"GO:0072488"	"ammonium transmembrane transport"
"GO:0005975"	"carbohydrate metabolic process"
"GO:1901293"	"nucleoside phosphate biosynthetic process"
"GO:0046033"	"AMP metabolic process"
"GO:0006464"	"cellular protein modification process"
"GO:0006260"	"DNA replication"
"GO:0019318"	"hexose metabolic process"
"GO:0007409"	"axonogenesis"
"GO:0019899"	"enzyme binding"
"GO:0031323"	"regulation of cellular metabolic process"
"GO:0007265"	"Ras protein signal transduction"
"GO:0006810"	"transport"
"GO:0072349"	"modified amino acid transmembrane transporter activity"
"GO:0023061"	"signal release"
"GO:0046879"	"hormone secretion"
"GO:0098797"	"plasma membrane protein complex"
"GO:0050790"	"regulation of catalytic activity"
"GO:0009892"	"negative regulation of metabolic process"
"GO:0001072"	"transcription antitermination factor activity, RNA binding"
"GO:0004798"	"thymidylate kinase activity"
"GO:0009167"	"purine ribonucleoside monophosphate metabolic process"
"GO:0099402"	"plant organ development"
"GO:0016874"	"ligase activity"
"GO:0019048"	"modulation by virus of host morphology or physiology"
"GO:0003729"	"mRNA binding"
"GO:0032069"	"regulation of nuclease activity"
"GO:0017076"	"purine nucleotide binding"
"GO:0016830"	"carbon-carbon lyase activity"
"GO:1903507"	"negative regulation of nucleic acid-templated transcription"
"GO:0032993"	"protein-DNA complex"
"GO:0008519"	"ammonium transmembrane transporter activity"
"GO:0043908"	"Ser(Gly)-tRNA(Ala) hydrolase activity"
"GO:0009206"	"purine ribonucleoside triphosphate biosynthetic process"
"GO:0006066"	"alcohol metabolic process"
"GO:0051336"	"regulation of hydrolase activity"
"GO:1901701"	"cellular response to oxygen-containing compound"
"GO:0036211"	"protein modification process"
"GO:0048442"	"sepal development"
"GO:0006629"	"lipid metabolic process"
"GO:0005506"	"iron ion binding"
"GO:0051173"	"positive regulation of nitrogen compound metabolic process"
"GO:0009401"	"phosphoenolpyruvate-dependent sugar phosphotransferase system"
"GO:0006195"	"purine nucleotide catabolic process"
"GO:0006355"	"regulation of transcription, DNA-templated"
"GO:0009741"	"response to brassinosteroid"
"GO:0030247"	"polysaccharide binding"
"GO:0008156"	"negative regulation of DNA replication"
"GO:0006950"	"response to stress"
"GO:0015297"	"antiporter activity"
"GO:0003697"	"single-stranded DNA binding"
"GO:0004136"	"deoxyadenosine kinase activity"
"GO:0042802"	"identical protein binding"
"GO:0050789"	"regulation of biological process"
"GO:0044262"	"cellular carbohydrate metabolic process"
"GO:0051094"	"positive regulation of developmental process"
"GO:0061448"	"connective tissue development"
"GO:0019362"	"pyridine nucleotide metabolic process"
"GO:0009157"	"deoxyribonucleoside monophosphate biosynthetic process"
"GO:0009132"	"nucleoside diphosphate metabolic process"
"GO:0006015"	"5-phosphoribose 1-diphosphate biosynthetic process"
"GO:0098858"	"actin-based cell projection"
"GO:0071236"	"cellular response to antibiotic"
"GO:0061178"	"regulation of insulin secretion involved in cellular response to glucose stimulus"
"GO:0046365"	"monosaccharide catabolic process"
"GO:0061731"	"ribonucleoside-diphosphate reductase activity"
"GO:0009245"	"lipid A biosynthetic process"
"GO:0004518"	"nuclease activity"
"GO:0009408"	"response to heat"
"GO:0002161"	"aminoacyl-tRNA editing activity"
"GO:0072511"	"divalent inorganic cation transport"
"GO:0051171"	"regulation of nitrogen compound metabolic process"
"GO:0005524"	"ATP binding"
"GO:0045824"	"negative regulation of innate immune response"
"GO:0042623"	"ATPase activity, coupled"
"GO:0030004"	"cellular monovalent inorganic cation homeostasis"
"GO:0016747"	"transferase activity, transferring acyl groups other than amino-acyl groups"
"GO:0048583"	"regulation of response to stimulus"
"GO:0046391"	"5-phosphoribose 1-diphosphate metabolic process"
"GO:0042578"	"phosphoric ester hydrolase activity"
"GO:0090407"	"organophosphate biosynthetic process"
"GO:0032555"	"purine ribonucleotide binding"
"GO:0008774"	"acetaldehyde dehydrogenase (acetylating) activity"
"GO:0016462"	"pyrophosphatase activity"
"GO:0019346"	"transsulfuration"
"GO:0017111"	"nucleoside-triphosphatase activity"
"GO:0097197"	"tetraspanin-enriched microdomain"
"GO:0016072"	"rRNA metabolic process"
"GO:0009152"	"purine ribonucleotide biosynthetic process"
"GO:0034248"	"regulation of cellular amide metabolic process"
"GO:0008324"	"cation transmembrane transporter activity"
"GO:0010646"	"regulation of cell communication"
"GO:0006979"	"response to oxidative stress"
"GO:0014070"	"response to organic cyclic compound"
"GO:0006812"	"cation transport"
"GO:0048878"	"chemical homeostasis"
"GO:0009890"	"negative regulation of biosynthetic process"
"GO:0030260"	"entry into host cell"
"GO:0009221"	"pyrimidine deoxyribonucleotide biosynthetic process"
"GO:0009186"	"deoxyribonucleoside diphosphate metabolic process"
"GO:0010629"	"negative regulation of gene expression"
"GO:0019637"	"organophosphate metabolic process"
"GO:0051130"	"positive regulation of cellular component organization"
"GO:0060322"	"head development"
"GO:0046916"	"cellular transition metal ion homeostasis"
"GO:0051253"	"negative regulation of RNA metabolic process"
"GO:0033643"	"host cell part"
"GO:0019512"	"lactose catabolic process via tagatose-6-phosphate"
"GO:0009259"	"ribonucleotide metabolic process"
"GO:0032502"	"developmental process"
"GO:0009308"	"amine metabolic process"
"GO:0046394"	"carboxylic acid biosynthetic process"
"GO:0004022"	"alcohol dehydrogenase (NAD) activity"
"GO:0046903"	"secretion"
"GO:0005576"	"extracellular region"
"GO:0140110"	"transcription regulator activity"
"GO:0009168"	"purine ribonucleoside monophosphate biosynthetic process"
"GO:0016725"	"oxidoreductase activity, acting on CH or CH2 groups"
"GO:0042282"	"hydroxymethylglutaryl-CoA reductase activity"
"GO:0043227"	"membrane-bounded organelle"
"GO:0072359"	"circulatory system development"
"GO:0009527"	"plastid outer membrane"
"GO:0005247"	"voltage-gated chloride channel activity"
"GO:0048666"	"neuron development"
"GO:0030313"	"cell envelope"
"GO:1901159"	"xylulose 5-phosphate biosynthetic process"
"GO:0048584"	"positive regulation of response to stimulus"
"GO:0031460"	"glycine betaine transport"
"GO:0060255"	"regulation of macromolecule metabolic process"
"GO:0004638"	"phosphoribosylaminoimidazole carboxylase activity"
"GO:0022618"	"ribonucleoprotein complex assembly"
"GO:0016052"	"carbohydrate catabolic process"
"GO:0006873"	"cellular ion homeostasis"
"GO:0046870"	"cadmium ion binding"
"GO:0034660"	"ncRNA metabolic process"
"GO:0019566"	"arabinose metabolic process"
"GO:0055085"	"transmembrane transport"
"GO:0019568"	"arabinose catabolic process"
"GO:0000302"	"response to reactive oxygen species"
"GO:1901136"	"carbohydrate derivative catabolic process"
"GO:0042273"	"ribosomal large subunit biogenesis"
"GO:0005984"	"disaccharide metabolic process"
"GO:0007154"	"cell communication"
"GO:0043005"	"neuron projection"
"GO:0051015"	"actin filament binding"
"GO:0051095"	"regulation of helicase activity"
"GO:0008170"	"N-methyltransferase activity"
"GO:0008104"	"protein localization"
"GO:0016903"	"oxidoreductase activity, acting on the aldehyde or oxo group of donors"
"GO:0004812"	"aminoacyl-tRNA ligase activity"
"GO:0098796"	"membrane protein complex"
"GO:1902495"	"transmembrane transporter complex"
"GO:0006829"	"zinc ion transport"
"GO:1901292"	"nucleoside phosphate catabolic process"
"GO:0030030"	"cell projection organization"
"GO:0006354"	"DNA-templated transcription, elongation"
"GO:1901615"	"organic hydroxy compound metabolic process"
"GO:0051047"	"positive regulation of secretion"
"GO:0042455"	"ribonucleoside biosynthetic process"
"GO:0055072"	"iron ion homeostasis"
"GO:0090563"	"protein-phosphocysteine-sugar phosphotransferase activity"
"GO:0005996"	"monosaccharide metabolic process"
"GO:0006364"	"rRNA processing"
"GO:0009416"	"response to light stimulus"
"GO:0033993"	"response to lipid"
"GO:1903311"	"regulation of mRNA metabolic process"
"GO:0016778"	"diphosphotransferase activity"
"GO:0019693"	"ribose phosphate metabolic process"
"GO:0043565"	"sequence-specific DNA binding"
"GO:0042173"	"regulation of sporulation resulting in formation of a cellular spore"
"GO:1901575"	"organic substance catabolic process"
"GO:0000003"	"reproduction"
"GO:0004175"	"endopeptidase activity"
"GO:0006508"	"proteolysis"
"GO:0070001"	"aspartic-type peptidase activity"
"GO:0043039"	"tRNA aminoacylation"
"GO:0018995"	"host"
"GO:0019439"	"aromatic compound catabolic process"
"GO:0046174"	"polyol catabolic process"
"GO:0016817"	"hydrolase activity, acting on acid anhydrides"
"GO:0002682"	"regulation of immune system process"
"GO:0016833"	"oxo-acid-lyase activity"
"GO:0080090"	"regulation of primary metabolic process"
"GO:0042844"	"glycol metabolic process"
"GO:0030145"	"manganese ion binding"
"GO:0001968"	"fibronectin binding"
"GO:0030490"	"maturation of SSU-rRNA"
"GO:0016620"	"oxidoreductase activity, acting on the aldehyde or oxo group of donors, NAD or NADP as acceptor"
"GO:0099512"	"supramolecular fiber"
"GO:0051715"	"cytolysis in other organism"
"GO:0032784"	"regulation of DNA-templated transcription, elongation"
"GO:1902476"	"chloride transmembrane transport"
"GO:0045471"	"response to ethanol"
"GO:0045947"	"negative regulation of translational initiation"
"GO:0010817"	"regulation of hormone levels"
"GO:0006417"	"regulation of translation"
"GO:1901565"	"organonitrogen compound catabolic process"
"GO:0048589"	"developmental growth"
"GO:0070011"	"peptidase activity, acting on L-amino acid peptides"
"GO:1901265"	"nucleoside phosphate binding"
"GO:1901657"	"glycosyl compound metabolic process"
"GO:0046677"	"response to antibiotic"
"GO:0043236"	"laminin binding"
"GO:0043244"	"regulation of protein complex disassembly"
"GO:0019692"	"deoxyribose phosphate metabolic process"
"GO:0045263"	"proton-transporting ATP synthase complex, coupling factor F(o)"
"GO:0050840"	"extracellular matrix binding"
"GO:0006281"	"DNA repair"
"GO:0019388"	"galactose catabolic process"
"GO:0009200"	"deoxyribonucleoside triphosphate metabolic process"
"GO:0005518"	"collagen binding"
"GO:1901616"	"organic hydroxy compound catabolic process"
"GO:0022853"	"active ion transmembrane transporter activity"
"GO:0071470"	"cellular response to osmotic stress"
"GO:0016887"	"ATPase activity"
"GO:0009749"	"response to glucose"
"GO:0051248"	"negative regulation of protein metabolic process"
"GO:0009266"	"response to temperature stimulus"
"GO:0043418"	"homocysteine catabolic process"
"GO:0019835"	"cytolysis"
"GO:0015485"	"cholesterol binding"
"GO:0090305"	"nucleic acid phosphodiester bond hydrolysis"
"GO:0009536"	"plastid"
"GO:0046983"	"protein dimerization activity"
"GO:0006261"	"DNA-dependent DNA replication"
"GO:1903530"	"regulation of secretion by cell"
"GO:0008260"	"3-oxoacid CoA-transferase activity"
"GO:0048731"	"system development"
"GO:0004807"	"triose-phosphate isomerase activity"
"GO:0016301"	"kinase activity"
"GO:0090696"	"post-embryonic plant organ development"
"GO:0072599"	"establishment of protein localization to endoplasmic reticulum"
"GO:0051239"	"regulation of multicellular organismal process"
"GO:0048580"	"regulation of post-embryonic development"
"GO:0032501"	"multicellular organismal process"
"GO:0034249"	"negative regulation of cellular amide metabolic process"
"GO:0048523"	"negative regulation of cellular process"
"GO:0032984"	"protein-containing complex disassembly"
"GO:0046060"	"dATP metabolic process"
"GO:0098771"	"inorganic ion homeostasis"
"GO:0060612"	"adipose tissue development"
"GO:0009156"	"ribonucleoside monophosphate biosynthetic process"
"GO:0009069"	"serine family amino acid metabolic process"
"GO:1901605"	"alpha-amino acid metabolic process"
"GO:0032880"	"regulation of protein localization"
"GO:0031324"	"negative regulation of cellular metabolic process"
"GO:0006163"	"purine nucleotide metabolic process"
"GO:0030551"	"cyclic nucleotide binding"
"GO:0051187"	"cofactor catabolic process"
"GO:0032561"	"guanyl ribonucleotide binding"
"GO:0009889"	"regulation of biosynthetic process"
"GO:0016805"	"dipeptidase activity"
"GO:0051252"	"regulation of RNA metabolic process"
"GO:0072348"	"sulfur compound transport"
"GO:0050515"	"4-(cytidine 5'-diphospho)-2-C-methyl-D-erythritol kinase activity"
"GO:0006720"	"isoprenoid metabolic process"
"GO:0002943"	"tRNA dihydrouridine synthesis"
"GO:0009628"	"response to abiotic stimulus"
"GO:0015804"	"neutral amino acid transport"
"GO:0071266"	"'de novo' L-methionine biosynthetic process"
"GO:0000098"	"sulfur amino acid catabolic process"
"GO:0019279"	"L-methionine biosynthetic process from L-homoserine via cystathionine"
"GO:0019344"	"cysteine biosynthetic process"
"GO:0048285"	"organelle fission"
"GO:0003887"	"DNA-directed DNA polymerase activity"
"GO:0043621"	"protein self-association"
"GO:0006575"	"cellular modified amino acid metabolic process"
"GO:0005525"	"GTP binding"
"GO:0006972"	"hyperosmotic response"
"GO:0015075"	"ion transmembrane transporter activity"
"GO:0009914"	"hormone transport"
"GO:0045851"	"pH reduction"
"GO:0022414"	"reproductive process"
"GO:0007264"	"small GTPase mediated signal transduction"
"GO:0051301"	"cell division"
"GO:0036265"	"RNA (guanine-N7)-methylation"
"GO:0009145"	"purine nucleoside triphosphate biosynthetic process"
"GO:0015077"	"monovalent inorganic cation transmembrane transporter activity"
"GO:0009606"	"tropism"
"GO:0046914"	"transition metal ion binding"
"GO:0008757"	"S-adenosylmethionine-dependent methyltransferase activity"
"GO:0055114"	"oxidation-reduction process"
"GO:0018455"	"alcohol dehydrogenase [NAD(P)+] activity"
"GO:0009123"	"nucleoside monophosphate metabolic process"
"GO:0015935"	"small ribosomal subunit"
"GO:0006310"	"DNA recombination"
"GO:0015171"	"amino acid transmembrane transporter activity"
"GO:0098656"	"anion transmembrane transport"
"GO:0009144"	"purine nucleoside triphosphate metabolic process"
"GO:0031297"	"replication fork processing"
"GO:0006732"	"coenzyme metabolic process"
"GO:0008219"	"cell death"
"GO:0055069"	"zinc ion homeostasis"
"GO:0008410"	"CoA-transferase activity"
"GO:0016779"	"nucleotidyltransferase activity"
"GO:0090069"	"regulation of ribosome biogenesis"
"GO:0016614"	"oxidoreductase activity, acting on CH-OH group of donors"
"GO:0009150"	"purine ribonucleotide metabolic process"
"GO:0040008"	"regulation of growth"
"GO:0009185"	"ribonucleoside diphosphate metabolic process"
"GO:0006396"	"RNA processing"
"GO:0034470"	"ncRNA processing"
"GO:0019856"	"pyrimidine nucleobase biosynthetic process"
"GO:0070476"	"rRNA (guanine-N7)-methylation"
"GO:0022604"	"regulation of cell morphogenesis"
"GO:0050796"	"regulation of insulin secretion"
"GO:0097659"	"nucleic acid-templated transcription"
"GO:0045259"	"proton-transporting ATP synthase complex"
"GO:0140096"	"catalytic activity, acting on a protein"
"GO:0016776"	"phosphotransferase activity, phosphate group as acceptor"
"GO:1902600"	"proton transmembrane transport"
"GO:0016832"	"aldehyde-lyase activity"
"GO:0010051"	"xylem and phloem pattern formation"
"GO:0120036"	"plasma membrane bounded cell projection organization"
"GO:0009066"	"aspartate family amino acid metabolic process"
"GO:0008408"	"3'-5' exonuclease activity"
"GO:0051052"	"regulation of DNA metabolic process"
"GO:0016835"	"carbon-oxygen lyase activity"
"GO:0042597"	"periplasmic space"
"GO:0035690"	"cellular response to drug"
"GO:0015318"	"inorganic molecular entity transmembrane transporter activity"
"GO:0044703"	"multi-organism reproductive process"
"GO:0006754"	"ATP biosynthetic process"
"GO:0042274"	"ribosomal small subunit biogenesis"
"GO:0015949"	"nucleobase-containing small molecule interconversion"
"GO:0003899"	"DNA-directed 5'-3' RNA polymerase activity"
"GO:0009273"	"peptidoglycan-based cell wall biogenesis"
"GO:0016407"	"acetyltransferase activity"
"GO:0008289"	"lipid binding"
"GO:0044275"	"cellular carbohydrate catabolic process"
"GO:0007155"	"cell adhesion"
"GO:2001065"	"mannan binding"
"GO:0070727"	"cellular macromolecule localization"
"GO:0051828"	"entry into other organism involved in symbiotic interaction"
"GO:0015849"	"organic acid transport"
"GO:0044283"	"small molecule biosynthetic process"
"GO:0009108"	"coenzyme biosynthetic process"
"GO:0006082"	"organic acid metabolic process"
"GO:0046654"	"tetrahydrofolate biosynthetic process"
"GO:0001871"	"pattern binding"
"GO:0051128"	"regulation of cellular component organization"
"GO:0009067"	"aspartate family amino acid biosynthetic process"
"GO:0015605"	"organophosphate ester transmembrane transporter activity"
"GO:0042493"	"response to drug"
"GO:0035438"	"cyclic-di-GMP binding"
"GO:0016149"	"translation release factor activity, codon specific"
"GO:0009991"	"response to extracellular stimulus"
"GO:1902680"	"positive regulation of RNA biosynthetic process"
"GO:0006970"	"response to osmotic stress"
"GO:0034311"	"diol metabolic process"
"GO:0045264"	"plasma membrane proton-transporting ATP synthase complex, coupling factor F(o)"
"GO:0034023"	"5-(carboxyamino)imidazole ribonucleotide mutase activity"
"GO:0009143"	"nucleoside triphosphate catabolic process"
"GO:0019001"	"guanyl nucleotide binding"
"GO:0032268"	"regulation of cellular protein metabolic process"
"GO:0008270"	"zinc ion binding"
"GO:0098772"	"molecular function regulator"
"GO:0004123"	"cystathionine gamma-lyase activity"
"GO:0106074"	"aminoacyl-tRNA metabolism involved in translational fidelity"
"GO:0090276"	"regulation of peptide hormone secretion"
"GO:0071692"	"protein localization to extracellular region"
"GO:0001216"	"bacterial-type RNA polymerase transcriptional activator activity, sequence-specific DNA binding"
"GO:0004748"	"ribonucleoside-diphosphate reductase activity, thioredoxin disulfide as acceptor"
"GO:1901607"	"alpha-amino acid biosynthetic process"
"GO:1901271"	"lipooligosaccharide biosynthetic process"
"GO:0044650"	"adhesion of symbiont to host cell"
"GO:0046373"	"L-arabinose metabolic process"
"GO:0051167"	"xylulose 5-phosphate metabolic process"
"GO:0009791"	"post-embryonic development"
"GO:0050793"	"regulation of developmental process"
"GO:0016469"	"proton-transporting two-sector ATPase complex"
"GO:0022890"	"inorganic cation transmembrane transporter activity"
"GO:0016788"	"hydrolase activity, acting on ester bonds"
"GO:0003779"	"actin binding"
"GO:0031667"	"response to nutrient levels"
"GO:0070677"	"rRNA (cytosine-2'-O-)-methyltransferase activity"
"GO:0042908"	"xenobiotic transport"
"GO:0048646"	"anatomical structure formation involved in morphogenesis"
"GO:0065009"	"regulation of molecular function"
"GO:0150034"	"distal axon"
"GO:0015932"	"nucleobase-containing compound transmembrane transporter activity"
"GO:0043094"	"cellular metabolic compound salvage"
"GO:0071214"	"cellular response to abiotic stimulus"
"GO:0031326"	"regulation of cellular biosynthetic process"
"GO:0004525"	"ribonuclease III activity"
"GO:0046352"	"disaccharide catabolic process"
"GO:0016884"	"carbon-nitrogen ligase activity, with glutamine as amido-N-donor"
"GO:0002791"	"regulation of peptide secretion"
"GO:0071554"	"cell wall organization or biogenesis"
"GO:0045229"	"external encapsulating structure organization"
"GO:0008233"	"peptidase activity"
"GO:0009135"	"purine nucleoside diphosphate metabolic process"
"GO:0019563"	"glycerol catabolic process"
"GO:0098862"	"cluster of actin-based cell projections"
"GO:0048667"	"cell morphogenesis involved in neuron differentiation"
"GO:0019751"	"polyol metabolic process"
"GO:0060350"	"endochondral bone morphogenesis"
"GO:0046488"	"phosphatidylinositol metabolic process"
"GO:0043414"	"macromolecule methylation"
"GO:0000154"	"rRNA modification"
"GO:0009507"	"chloroplast"
"GO:2000232"	"regulation of rRNA processing"
"GO:0047661"	"amino-acid racemase activity"
"GO:0071248"	"cellular response to metal ion"
"GO:0009057"	"macromolecule catabolic process"
"GO:0016071"	"mRNA metabolic process"
"GO:0008643"	"carbohydrate transport"
"GO:0016667"	"oxidoreductase activity, acting on a sulfur group of donors"
"GO:0016651"	"oxidoreductase activity, acting on NAD(P)H"
"GO:0035556"	"intracellular signal transduction"
"GO:0140102"	"catalytic activity, acting on a rRNA"
"GO:1990204"	"oxidoreductase complex"
"GO:0090501"	"RNA phosphodiester bond hydrolysis"
"GO:0009166"	"nucleotide catabolic process"
"GO:0060759"	"regulation of response to cytokine stimulus"
"GO:0016881"	"acid-amino acid ligase activity"
"GO:0009127"	"purine nucleoside monophosphate biosynthetic process"
"GO:0003333"	"amino acid transmembrane transport"
"GO:0072523"	"purine-containing compound catabolic process"
"GO:0009451"	"RNA modification"
"GO:0016879"	"ligase activity, forming carbon-nitrogen bonds"
"GO:0042803"	"protein homodimerization activity"
"GO:0003684"	"damaged DNA binding"
"GO:0016646"	"oxidoreductase activity, acting on the CH-NH group of donors, NAD or NADP as acceptor"
"GO:0090502"	"RNA phosphodiester bond hydrolysis, endonucleolytic"
"GO:0010605"	"negative regulation of macromolecule metabolic process"
"GO:0034599"	"cellular response to oxidative stress"
"GO:0005654"	"nucleoplasm"
"GO:0003682"	"chromatin binding"
"GO:0009328"	"phenylalanine-tRNA ligase complex"
"GO:0051020"	"GTPase binding"
"GO:0010033"	"response to organic substance"
"GO:0031175"	"neuron projection development"
"GO:0044205"	"'de novo' UMP biosynthetic process"
"GO:0016434"	"rRNA (cytosine) methyltransferase activity"
"GO:0051096"	"positive regulation of helicase activity"
"GO:0008514"	"organic anion transmembrane transporter activity"
"GO:0051184"	"cofactor transmembrane transporter activity"
"GO:0042910"	"xenobiotic transmembrane transporter activity"
"GO:0009629"	"response to gravity"
"GO:0006351"	"transcription, DNA-templated"
"GO:0070475"	"rRNA base methylation"
"GO:0009409"	"response to cold"
"GO:0019205"	"nucleobase-containing compound kinase activity"
"GO:0034224"	"cellular response to zinc ion starvation"
"GO:0007049"	"cell cycle"
"GO:0006221"	"pyrimidine nucleotide biosynthetic process"
"GO:0006012"	"galactose metabolic process"
"GO:0090729"	"toxin activity"
"GO:0000099"	"sulfur amino acid transmembrane transporter activity"
"GO:0010556"	"regulation of macromolecule biosynthetic process"
"GO:1903506"	"regulation of nucleic acid-templated transcription"
"GO:0098533"	"ATPase dependent transmembrane transport complex"
"GO:0006096"	"glycolytic process"
"GO:0009161"	"ribonucleoside monophosphate metabolic process"
"GO:0016728"	"oxidoreductase activity, acting on CH or CH2 groups, disulfide as acceptor"
"GO:0009620"	"response to fungus"
"GO:0050832"	"defense response to fungus"
"GO:0019953"	"sexual reproduction"
"GO:0046049"	"UMP metabolic process"
"GO:0006023"	"aminoglycan biosynthetic process"
"GO:0006733"	"oxidoreduction coenzyme metabolic process"
"GO:0051186"	"cofactor metabolic process"
"GO:0016899"	"oxidoreductase activity, acting on the CH-OH group of donors, oxygen as acceptor"
"GO:0009215"	"purine deoxyribonucleoside triphosphate metabolic process"
"GO:0016796"	"exonuclease activity, active with either ribo- or deoxyribonucleic acids and producing 5'-phosphomonoesters"
"GO:0051259"	"protein complex oligomerization"
"GO:0001882"	"nucleoside binding"
"GO:0033865"	"nucleoside bisphosphate metabolic process"
"GO:0035861"	"site of double-strand break"
"GO:0015838"	"amino-acid betaine transport"
"GO:0033036"	"macromolecule localization"
"GO:1902494"	"catalytic complex"
"GO:0023051"	"regulation of signaling"
"GO:0016799"	"hydrolase activity, hydrolyzing N-glycosyl compounds"
"GO:0008079"	"translation termination factor activity"
"GO:0006432"	"phenylalanyl-tRNA aminoacylation"
"GO:0032774"	"RNA biosynthetic process"
"GO:0009267"	"cellular response to starvation"
"GO:0009112"	"nucleobase metabolic process"
"GO:0045184"	"establishment of protein localization"
"GO:0033044"	"regulation of chromosome organization"
"GO:0048532"	"anatomical structure arrangement"
"GO:0046486"	"glycerolipid metabolic process"
"GO:2000241"	"regulation of reproductive process"
"GO:0032781"	"positive regulation of ATPase activity"
"GO:0019898"	"extrinsic component of membrane"
"GO:0009174"	"pyrimidine ribonucleoside monophosphate biosynthetic process"
"GO:0015252"	"proton channel activity"
"GO:0048509"	"regulation of meristem development"
"GO:0009129"	"pyrimidine nucleoside monophosphate metabolic process"
"GO:0097305"	"response to alcohol"
"GO:0000028"	"ribosomal small subunit assembly"
"GO:0045881"	"positive regulation of sporulation resulting in formation of a cellular spore"
"GO:0032990"	"cell part morphogenesis"
"GO:0051249"	"regulation of lymphocyte activation"
"GO:0045597"	"positive regulation of cell differentiation"
"GO:0055080"	"cation homeostasis"
"GO:0046688"	"response to copper ion"
"GO:0004827"	"proline-tRNA ligase activity"
"GO:0009199"	"ribonucleoside triphosphate metabolic process"
"GO:0015833"	"peptide transport"
"GO:0031564"	"transcription antitermination"
"GO:0071326"	"cellular response to monosaccharide stimulus"
"GO:0015078"	"proton transmembrane transporter activity"
"GO:0042592"	"homeostatic process"
"GO:0016426"	"tRNA (adenine) methyltransferase activity"
"GO:0045934"	"negative regulation of nucleobase-containing compound metabolic process"
"GO:1901361"	"organic cyclic compound catabolic process"
"GO:0009130"	"pyrimidine nucleoside monophosphate biosynthetic process"
"GO:0001906"	"cell killing"
"GO:0005976"	"polysaccharide metabolic process"
"GO:0043657"	"host cell"
"GO:0008320"	"protein transmembrane transporter activity"
"GO:0044764"	"multi-organism cellular process"
"GO:0002132"	"wobble position uridine ribose methylation"
"GO:0020002"	"host cell plasma membrane"
"GO:0044179"	"hemolysis in other organism"
"GO:0016746"	"transferase activity, transferring acyl groups"
"GO:0043364"	"glycyl-radical enzyme activating activity"
"GO:0071310"	"cellular response to organic substance"
"GO:0051046"	"regulation of secretion"
"GO:0006631"	"fatty acid metabolic process"
"GO:0016769"	"transferase activity, transferring nitrogenous groups"
"GO:0006633"	"fatty acid biosynthetic process"
"GO:0006188"	"IMP biosynthetic process"
"GO:0006167"	"AMP biosynthetic process"
"GO:0015985"	"energy coupled proton transport, down electrochemical gradient"
"GO:0098542"	"defense response to other organism"
"GO:0034661"	"ncRNA catabolic process"
"GO:0043086"	"negative regulation of catalytic activity"
"GO:0009743"	"response to carbohydrate"
"GO:0098655"	"cation transmembrane transport"
"GO:0009218"	"pyrimidine ribonucleotide metabolic process"
"GO:0051260"	"protein homooligomerization"
"GO:0006189"	"'de novo' IMP biosynthetic process"
"GO:0051607"	"defense response to virus"
"GO:0044270"	"cellular nitrogen compound catabolic process"
"GO:0009607"	"response to biotic stimulus"
"GO:0000724"	"double-strand break repair via homologous recombination"
"GO:0031090"	"organelle membrane"
"GO:0032567"	"dGTP binding"
"GO:0045893"	"positive regulation of transcription, DNA-templated"
"GO:0048585"	"negative regulation of response to stimulus"
"GO:0090734"	"site of DNA damage"
"GO:0016893"	"endonuclease activity, active with either ribo- or deoxyribonucleic acids and producing 5'-phosphomonoesters"
"GO:1903532"	"positive regulation of secretion by cell"
"GO:0071331"	"cellular response to hexose stimulus"
"GO:0050714"	"positive regulation of protein secretion"
"GO:0043624"	"cellular protein complex disassembly"
"GO:0008742"	"L-ribulose-phosphate 4-epimerase activity"
"GO:0048367"	"shoot system development"
"GO:0005657"	"replication fork"
"GO:0006091"	"generation of precursor metabolites and energy"
"GO:0060560"	"developmental growth involved in morphogenesis"
"GO:0043462"	"regulation of ATPase activity"
"GO:0003785"	"actin monomer binding"
"GO:0009826"	"unidimensional cell growth"
"GO:0048440"	"carpel development"
"GO:0016192"	"vesicle-mediated transport"
"GO:0009658"	"chloroplast organization"
"GO:0048764"	"trichoblast maturation"
"GO:0006220"	"pyrimidine nucleotide metabolic process"
"GO:0043412"	"macromolecule modification"
"GO:0072503"	"cellular divalent inorganic cation homeostasis"
"GO:0015980"	"energy derivation by oxidation of organic compounds"
"GO:0046165"	"alcohol biosynthetic process"
"GO:0031967"	"organelle envelope"
"GO:0016049"	"cell growth"
"GO:0021700"	"developmental maturation"
"GO:0044297"	"cell body"
"GO:0055070"	"copper ion homeostasis"
"GO:0043906"	"Ala-tRNA(Pro) hydrolase activity"
"GO:0008173"	"RNA methyltransferase activity"
"GO:0030001"	"metal ion transport"
"GO:0009967"	"positive regulation of signal transduction"
"GO:0045177"	"apical part of cell"
"GO:0016836"	"hydro-lyase activity"
"GO:0031167"	"rRNA methylation"
"GO:0000015"	"phosphopyruvate hydratase complex"
"GO:0001101"	"response to acid chemical"
"GO:0051452"	"intracellular pH reduction"
"GO:0030141"	"secretory granule"
"GO:0006165"	"nucleoside diphosphate phosphorylation"
"GO:0090329"	"regulation of DNA-dependent DNA replication"
"GO:0030174"	"regulation of DNA-dependent DNA replication initiation"
"GO:0030427"	"site of polarized growth"
"GO:0071695"	"anatomical structure maturation"
"GO:0048528"	"post-embryonic root development"
"GO:0009958"	"positive gravitropism"
"GO:0033179"	"proton-transporting V-type ATPase, V0 domain"
"GO:0001130"	"bacterial-type RNA polymerase transcription factor activity, sequence-specific DNA binding"
"GO:0034655"	"nucleobase-containing compound catabolic process"
"GO:0060349"	"bone morphogenesis"
"GO:0099081"	"supramolecular polymer"
"GO:0005604"	"basement membrane"
"GO:0035265"	"organ growth"
"GO:0031214"	"biomineral tissue development"
"GO:0060351"	"cartilage development involved in endochondral bone morphogenesis"
"GO:0009982"	"pseudouridine synthase activity"
"GO:0099131"	"ATP hydrolysis coupled ion transmembrane transport"
"GO:0005261"	"cation channel activity"
"GO:0048839"	"inner ear development"
"GO:0048570"	"notochord morphogenesis"
"GO:0001664"	"G protein-coupled receptor binding"
"GO:0032259"	"methylation"
"GO:0033176"	"proton-transporting V-type ATPase complex"
"GO:0034033"	"purine nucleoside bisphosphate biosynthetic process"
"GO:0034032"	"purine nucleoside bisphosphate metabolic process"
"GO:0009173"	"pyrimidine ribonucleoside monophosphate metabolic process"
"GO:0048027"	"mRNA 5'-UTR binding"
"GO:0016763"	"transferase activity, transferring pentosyl groups"
"GO:0048840"	"otolith development"
"GO:0048568"	"embryonic organ development"
"GO:0009313"	"oligosaccharide catabolic process"
"GO:0030428"	"cell septum"
"GO:0004222"	"metalloendopeptidase activity"
"GO:0007268"	"chemical synaptic transmission"
"GO:0001680"	"tRNA 3'-terminal CCA addition"
"GO:0000096"	"sulfur amino acid metabolic process"
"GO:0045087"	"innate immune response"
"GO:0019170"	"methylglyoxal reductase (NADH-dependent) activity"
"GO:1901700"	"response to oxygen-containing compound"
"GO:0044403"	"symbiont process"
"GO:0001501"	"skeletal system development"
"GO:0030903"	"notochord development"
"GO:0051246"	"regulation of protein metabolic process"
"GO:0016569"	"covalent chromatin modification"
"GO:0048453"	"sepal formation"
"GO:0022622"	"root system development"
"GO:0031410"	"cytoplasmic vesicle"
"GO:0006206"	"pyrimidine nucleobase metabolic process"
"GO:0030425"	"dendrite"
"GO:0045595"	"regulation of cell differentiation"
"GO:0033500"	"carbohydrate homeostasis"
"GO:0046187"	"acetaldehyde catabolic process"
"GO:0006974"	"cellular response to DNA damage stimulus"
"GO:0015215"	"nucleotide transmembrane transporter activity"
"GO:0006450"	"regulation of translational fidelity"
"GO:0043934"	"sporulation"
"GO:0009120"	"deoxyribonucleoside metabolic process"
"GO:0004527"	"exonuclease activity"
"GO:0007059"	"chromosome segregation"
"GO:0042542"	"response to hydrogen peroxide"
"GO:0071241"	"cellular response to inorganic substance"
"GO:0019829"	"cation-transporting ATPase activity"
"GO:0006875"	"cellular metal ion homeostasis"
"GO:0022610"	"biological adhesion"
"GO:0046933"	"proton-transporting ATP synthase activity, rotational mechanism"
"GO:0042777"	"plasma membrane ATP synthesis coupled proton transport"
"GO:0033644"	"host cell membrane"
"GO:0015267"	"channel activity"
"GO:0032549"	"ribonucleoside binding"
"GO:0034061"	"DNA polymerase activity"
"GO:0019725"	"cellular homeostasis"
"GO:0006284"	"base-excision repair"
"GO:0045814"	"negative regulation of gene expression, epigenetic"
"GO:0006285"	"base-excision repair, AP site formation"
"GO:0015937"	"coenzyme A biosynthetic process"
"GO:0051276"	"chromosome organization"
"GO:0090070"	"positive regulation of ribosome biogenesis"
"GO:0008832"	"dGTPase activity"
"GO:1902777"	"6-sulfoquinovose(1-) catabolic process"
"GO:0034404"	"nucleobase-containing small molecule biosynthetic process"
"GO:0009025"	"tagatose-bisphosphate aldolase activity"
"GO:0046070"	"dGTP metabolic process"
"GO:0072329"	"monocarboxylic acid catabolic process"
"GO:0000462"	"maturation of SSU-rRNA from tricistronic rRNA transcript (SSU-rRNA, 5.8S rRNA, LSU-rRNA)"
"GO:0032790"	"ribosome disassembly"
"GO:0001678"	"cellular glucose homeostasis"
"GO:0031312"	"extrinsic component of organelle membrane"
"GO:0048507"	"meristem development"
"GO:0032989"	"cellular component morphogenesis"
"GO:0004540"	"ribonuclease activity"
"GO:0000902"	"cell morphogenesis"
"GO:0032879"	"regulation of localization"
"GO:0060341"	"regulation of cellular localization"
"GO:0004588"	"orotate phosphoribosyltransferase activity"
"GO:0031668"	"cellular response to extracellular stimulus"
"GO:0043085"	"positive regulation of catalytic activity"
"GO:0046034"	"ATP metabolic process"
"GO:0042742"	"defense response to bacterium"
"GO:0005507"	"copper ion binding"
"GO:0003747"	"translation release factor activity"
"GO:0008509"	"anion transmembrane transporter activity"
"GO:0055076"	"transition metal ion homeostasis"
"GO:0007507"	"heart development"
"GO:0009073"	"aromatic amino acid family biosynthetic process"
"GO:0006086"	"acetyl-CoA biosynthetic process from pyruvate"
"GO:0005216"	"ion channel activity"
"GO:0006400"	"tRNA modification"
"GO:0008168"	"methyltransferase activity"
"GO:0042886"	"amide transport"
"GO:1903047"	"mitotic cell cycle process"
"GO:0043178"	"alcohol binding"
"GO:0009405"	"pathogenesis"
"GO:0022603"	"regulation of anatomical structure morphogenesis"
"GO:0006612"	"protein targeting to membrane"
"GO:0044036"	"cell wall macromolecule metabolic process"
"GO:0000287"	"magnesium ion binding"
"GO:0090068"	"positive regulation of cell cycle process"
"GO:0070972"	"protein localization to endoplasmic reticulum"
"GO:0046907"	"intracellular transport"
"GO:0006616"	"SRP-dependent cotranslational protein targeting to membrane, translocation"
"GO:0015450"	"P-P-bond-hydrolysis-driven protein transmembrane transporter activity"
"GO:0019343"	"cysteine biosynthetic process via cystathionine"
"GO:0051649"	"establishment of localization in cell"
"GO:0071265"	"L-methionine biosynthetic process"
"GO:0034284"	"response to monosaccharide"
"GO:0071333"	"cellular response to glucose stimulus"
"GO:0033178"	"proton-transporting two-sector ATPase complex, catalytic domain"
"GO:0008284"	"positive regulation of cell proliferation"
"GO:0009309"	"amine biosynthetic process"
"GO:0006772"	"thiamine metabolic process"
"GO:0009086"	"methionine biosynthetic process"
"GO:1901987"	"regulation of cell cycle phase transition"
"GO:0016875"	"ligase activity, forming carbon-oxygen bonds"
"GO:0006207"	"'de novo' pyrimidine nucleobase biosynthetic process"
"GO:0006740"	"NADPH regeneration"
"GO:0016882"	"cyclo-ligase activity"
"GO:0006081"	"cellular aldehyde metabolic process"
"GO:0009024"	"tagatose-6-phosphate kinase activity"
"GO:0015807"	"L-amino acid transport"
"GO:0005967"	"mitochondrial pyruvate dehydrogenase complex"
"GO:0052929"	"ATP:3'-cytidine-cytidine-tRNA adenylyltransferase activity"
"GO:0016144"	"S-glycoside biosynthetic process"
"GO:0046887"	"positive regulation of hormone secretion"
"GO:0007267"	"cell-cell signaling"
"GO:0110025"	"DNA strand resection involved in replication fork processing"
"GO:0042289"	"MHC class II protein binding"
"GO:0009570"	"chloroplast stroma"
"GO:0030072"	"peptide hormone secretion"
"GO:0048638"	"regulation of developmental growth"
"GO:0003906"	"DNA-(apurinic or apyrimidinic site) endonuclease activity"
"GO:0000904"	"cell morphogenesis involved in differentiation"
"GO:0009909"	"regulation of flower development"
"GO:0042256"	"mature ribosome assembly"
"GO:0022803"	"passive transmembrane transporter activity"
"GO:0031969"	"chloroplast membrane"
"GO:0010102"	"lateral root morphogenesis"
"GO:0035452"	"extrinsic component of plastid membrane"
"GO:0048469"	"cell maturation"
"GO:0098588"	"bounding membrane of organelle"
"GO:0031982"	"vesicle"
"GO:0090585"	"protein-phosphocysteine-L-ascorbate-phosphotransferase system transporter activity"
"GO:0001775"	"cell activation"
"GO:0030139"	"endocytic vesicle"
"GO:0045262"	"plasma membrane proton-transporting ATP synthase complex, catalytic core F(1)"
"GO:0070043"	"rRNA (guanine-N7-)-methyltransferase activity"
"GO:0008649"	"rRNA methyltransferase activity"
"GO:0001510"	"RNA methylation"
"GO:0005743"	"mitochondrial inner membrane"
"GO:0097447"	"dendritic tree"
"GO:0030641"	"regulation of cellular pH"
"GO:0048527"	"lateral root development"
"GO:0015031"	"protein transport"
"GO:0009630"	"gravitropism"
"GO:0090697"	"post-embryonic plant organ morphogenesis"
"GO:0043487"	"regulation of RNA stability"
"GO:0048598"	"embryonic morphogenesis"
"GO:0005102"	"signaling receptor binding"
"GO:0098643"	"banded collagen fibril"
"GO:0051216"	"cartilage development"
"GO:0000455"	"enzyme-directed rRNA pseudouridine synthesis"
"GO:0016846"	"carbon-sulfur lyase activity"
"GO:0070887"	"cellular response to chemical stimulus"
"GO:0048562"	"embryonic organ morphogenesis"
"GO:0045299"	"otolith mineralization"
"GO:0005581"	"collagen trimer"
"GO:0046777"	"protein autophosphorylation"
"GO:0009109"	"coenzyme catabolic process"
"GO:0062023"	"collagen-containing extracellular matrix"
"GO:0016051"	"carbohydrate biosynthetic process"
"GO:0031974"	"membrane-enclosed lumen"
"GO:0002832"	"negative regulation of response to biotic stimulus"
"GO:0030880"	"RNA polymerase complex"
"GO:0051641"	"cellular localization"
"GO:0006760"	"folic acid-containing compound metabolic process"
"GO:0072531"	"pyrimidine-containing compound transmembrane transport"
"GO:0019852"	"L-ascorbic acid metabolic process"
"GO:0009063"	"cellular amino acid catabolic process"
"GO:0019674"	"NAD metabolic process"
"GO:0010015"	"root morphogenesis"
"GO:0016308"	"1-phosphatidylinositol-4-phosphate 5-kinase activity"
"GO:0046950"	"cellular ketone body metabolic process"
"GO:0002252"	"immune effector process"
"GO:0004536"	"deoxyribonuclease activity"
"GO:0043571"	"maintenance of CRISPR repeat elements"
"GO:0019572"	"L-arabinose catabolic process"
"GO:0004521"	"endoribonuclease activity"
"GO:0042779"	"tRNA 3'-trailer cleavage"
"GO:0016999"	"antibiotic metabolic process"
"GO:0006115"	"ethanol biosynthetic process"
"GO:0006067"	"ethanol metabolic process"
"GO:0006415"	"translational termination"
"GO:0034414"	"tRNA 3'-trailer cleavage, endonucleolytic"
"GO:0016891"	"endoribonuclease activity, producing 5'-phosphomonoesters"
"GO:0072527"	"pyrimidine-containing compound metabolic process"
"GO:0016597"	"amino acid binding"
"GO:0015184"	"L-cystine transmembrane transporter activity"
"GO:0015846"	"polyamine transport"
"GO:0004888"	"transmembrane signaling receptor activity"
"GO:0005034"	"osmosensor activity"
"GO:0015695"	"organic cation transport"
"GO:0031554"	"regulation of DNA-templated transcription, termination"
"GO:0006791"	"sulfur utilization"
"GO:0015811"	"L-cystine transport"
"GO:0004801"	"sedoheptulose-7-phosphate:D-glyceraldehyde-3-phosphate glyceronetransferase activity"
"GO:0006222"	"UMP biosynthetic process"
"GO:0019627"	"urea metabolic process"
"GO:0009220"	"pyrimidine ribonucleotide biosynthetic process"
"GO:0000050"	"urea cycle"
"GO:0046349"	"amino sugar biosynthetic process"
"GO:0006289"	"nucleotide-excision repair"
"GO:0043233"	"organelle lumen"
"GO:0008237"	"metallopeptidase activity"
"GO:0005634"	"nucleus"
"GO:0097506"	"deaminated base DNA N-glycosylase activity"
"GO:0031497"	"chromatin assembly"
"GO:0009292"	"genetic transfer"
"GO:0003985"	"acetyl-CoA C-acetyltransferase activity"
"GO:0034062"	"5'-3' RNA polymerase activity"
"GO:0008973"	"phosphopentomutase activity"
"GO:0004019"	"adenylosuccinate synthase activity"
"GO:0002200"	"somatic diversification of immune receptors"
"GO:0002566"	"somatic diversification of immune receptors via somatic mutation"
"GO:0051540"	"metal cluster binding"
"GO:0090087"	"regulation of peptide transport"
"GO:0019400"	"alditol metabolic process"
"GO:1902105"	"regulation of leukocyte differentiation"
"GO:0043938"	"positive regulation of sporulation"
"GO:0009119"	"ribonucleoside metabolic process"
"GO:0098609"	"cell-cell adhesion"
"GO:0042110"	"T cell activation"
"GO:0042102"	"positive regulation of T cell proliferation"
"GO:0006878"	"cellular copper ion homeostasis"
"GO:0022411"	"cellular component disassembly"
"GO:1901617"	"organic hydroxy compound biosynthetic process"
"GO:2000113"	"negative regulation of cellular macromolecule biosynthetic process"
"GO:0042788"	"polysomal ribosome"
"GO:0060701"	"negative regulation of ribonuclease activity"
"GO:0017148"	"negative regulation of translation"
"GO:0016429"	"tRNA (adenine-N1-)-methyltransferase activity"
"GO:0004817"	"cysteine-tRNA ligase activity"
"GO:0045727"	"positive regulation of translation"
"GO:0015169"	"glycerol-3-phosphate transmembrane transporter activity"
"GO:0004017"	"adenylate kinase activity"
"GO:0044364"	"disruption of cells of other organism"
"GO:0005496"	"steroid binding"
"GO:0045047"	"protein targeting to ER"
"GO:0000976"	"transcription regulatory region sequence-specific DNA binding"
"GO:0008565"	"protein transporter activity"
"GO:0032978"	"protein insertion into membrane from inner side"
"GO:0003725"	"double-stranded RNA binding"
"GO:0002793"	"positive regulation of peptide secretion"
"GO:0006790"	"sulfur compound metabolic process"
"GO:0044272"	"sulfur compound biosynthetic process"
"GO:0005342"	"organic acid transmembrane transporter activity"
"GO:0012505"	"endomembrane system"
"GO:0008889"	"glycerophosphodiester phosphodiesterase activity"
"GO:0016298"	"lipase activity"
"GO:0009201"	"ribonucleoside triphosphate biosynthetic process"
"GO:0070567"	"cytidylyltransferase activity"
"GO:0010628"	"positive regulation of gene expression"
"GO:0016798"	"hydrolase activity, acting on glycosyl bonds"
"GO:0000175"	"3'-5'-exoribonuclease activity"
"GO:0034604"	"pyruvate dehydrogenase (NAD+) activity"
"GO:0016896"	"exoribonuclease activity, producing 5'-phosphomonoesters"
"GO:0044089"	"positive regulation of cellular component biogenesis"
"GO:0009295"	"nucleoid"
"GO:0005730"	"nucleolus"
"GO:0090662"	"ATP hydrolysis coupled transmembrane transport"
"GO:0006471"	"protein ADP-ribosylation"
"GO:0006084"	"acetyl-CoA metabolic process"
"GO:0009099"	"valine biosynthetic process"
"GO:0009307"	"DNA restriction-modification system"
"GO:0019655"	"glycolytic fermentation to ethanol"
"GO:0032940"	"secretion by cell"
"GO:0072528"	"pyrimidine-containing compound biosynthetic process"
"GO:0009411"	"response to UV"
"GO:0004642"	"phosphoribosylformylglycinamidine synthase activity"
"GO:0016151"	"nickel cation binding"
"GO:0004462"	"lactoylglutathione lyase activity"
"GO:0043572"	"plastid fission"
"GO:0043021"	"ribonucleoprotein complex binding"
"GO:0008092"	"cytoskeletal protein binding"
"GO:0042170"	"plastid membrane"
"GO:0048364"	"root development"
"GO:0036477"	"somatodendritic compartment"
"GO:0010101"	"post-embryonic root morphogenesis"
"GO:0015749"	"monosaccharide transmembrane transport"
"GO:0016979"	"lipoate-protein ligase activity"
"GO:0003690"	"double-stranded DNA binding"
"GO:0009249"	"protein lipoylation"
"GO:0018205"	"peptidyl-lysine modification"
"GO:0070589"	"cellular component macromolecule biosynthetic process"
"GO:0030234"	"enzyme regulator activity"
"GO:0016774"	"phosphotransferase activity, carboxyl group as acceptor"
"GO:0004386"	"helicase activity"
"GO:0071103"	"DNA conformation change"
"GO:0035383"	"thioester metabolic process"
"GO:0008776"	"acetate kinase activity"
"GO:0016435"	"rRNA (guanine) methyltransferase activity"
"GO:0016601"	"Rac protein signal transduction"
"GO:0010557"	"positive regulation of macromolecule biosynthetic process"
"GO:0061013"	"regulation of mRNA catabolic process"
"GO:0097708"	"intracellular vesicle"
"GO:0098868"	"bone growth"
"GO:0048534"	"hematopoietic or lymphoid organ development"
"GO:0001522"	"pseudouridine synthesis"
"GO:0031329"	"regulation of cellular catabolic process"
"GO:0043488"	"regulation of mRNA stability"
"GO:0001503"	"ossification"
"GO:0008966"	"phosphoglucosamine mutase activity"
"GO:0042626"	"ATPase activity, coupled to transmembrane movement of substances"
"GO:0033982"	"3-dehydro-L-gulonate-6-phosphate decarboxylase activity"
"GO:0009092"	"homoserine metabolic process"
"GO:1901989"	"positive regulation of cell cycle phase transition"
"GO:0006836"	"neurotransmitter transport"
"GO:0015697"	"quaternary ammonium group transport"
"GO:0031226"	"intrinsic component of plasma membrane"
"GO:0015226"	"carnitine transmembrane transporter activity"
"GO:0071616"	"acyl-CoA biosynthetic process"
"GO:0009236"	"cobalamin biosynthetic process"
"GO:0019660"	"glycolytic fermentation"
"GO:0008706"	"6-phospho-beta-glucosidase activity"
"GO:0004312"	"fatty acid synthase activity"
"GO:0042287"	"MHC protein binding"
"GO:0048827"	"phyllome development"
"GO:0031123"	"RNA 3'-end processing"
"GO:0046112"	"nucleobase biosynthetic process"
"GO:0000413"	"protein peptidyl-prolyl isomerization"
"GO:0030016"	"myofibril"
"GO:0099080"	"supramolecular complex"
"GO:0030018"	"Z disc"
"GO:0061061"	"muscle structure development"
"GO:0030017"	"sarcomere"
"GO:0050808"	"synapse organization"
"GO:0043292"	"contractile fiber"
"GO:0000041"	"transition metal ion transport"
"GO:0006865"	"amino acid transport"
"GO:0042398"	"cellular modified amino acid biosynthetic process"
"GO:0006757"	"ATP generation from ADP"
"GO:0009113"	"purine nucleobase biosynthetic process"
"GO:0032261"	"purine nucleotide salvage"
"GO:0043173"	"nucleotide salvage"
"GO:0046083"	"adenine metabolic process"
"GO:1901068"	"guanosine-containing compound metabolic process"
"GO:0032263"	"GMP salvage"
"GO:0052657"	"guanine phosphoribosyltransferase activity"
"GO:0046098"	"guanine metabolic process"
"GO:0043174"	"nucleoside salvage"
"GO:0031647"	"regulation of protein stability"
"GO:0051082"	"unfolded protein binding"
"GO:0044183"	"protein binding involved in protein folding"
"GO:0000101"	"sulfur amino acid transport"
"GO:0015179"	"L-amino acid transmembrane transporter activity"
"GO:0004550"	"nucleoside diphosphate kinase activity"
"GO:0097510"	"base-excision repair, AP site formation via deaminated base removal"
"GO:0015976"	"carbon utilization"
"GO:0004641"	"phosphoribosylformylglycinamidine cyclo-ligase activity"
"GO:0009176"	"pyrimidine deoxyribonucleoside monophosphate metabolic process"
"GO:0046395"	"carboxylic acid catabolic process"
"GO:0045152"	"antisigma factor binding"
"GO:0015199"	"amino-acid betaine transmembrane transporter activity"
"GO:0015986"	"ATP synthesis coupled proton transport"
"GO:0034340"	"response to type I interferon"
"GO:0000702"	"oxidized base lesion DNA N-glycosylase activity"
"GO:0031347"	"regulation of defense response"
"GO:0000703"	"oxidized pyrimidine nucleobase lesion DNA N-glycosylase activity"
"GO:0002790"	"peptide secretion"
"GO:0009060"	"aerobic respiration"
"GO:0050870"	"positive regulation of T cell activation"
"GO:0002696"	"positive regulation of leukocyte activation"
"GO:0007584"	"response to nutrient"
"GO:0050801"	"ion homeostasis"
"GO:0016765"	"transferase activity, transferring alkyl or aryl (other than methyl) groups"
"GO:0004177"	"aminopeptidase activity"
"GO:0009209"	"pyrimidine ribonucleoside triphosphate biosynthetic process"
"GO:0006213"	"pyrimidine nucleoside metabolic process"
"GO:0003015"	"heart process"
"GO:0070301"	"cellular response to hydrogen peroxide"
"GO:0004831"	"tyrosine-tRNA ligase activity"
"GO:0004087"	"carbamoyl-phosphate synthase (ammonia) activity"
"GO:0051223"	"regulation of protein transport"
"GO:0023056"	"positive regulation of signaling"
"GO:0009746"	"response to hexose"
"GO:0006302"	"double-strand break repair"
"GO:0042430"	"indole-containing compound metabolic process"
"GO:0070482"	"response to oxygen levels"
"GO:0042182"	"ketone catabolic process"
"GO:0043811"	"phosphate:acyl-[acyl carrier protein] acyltransferase activity"
"GO:0072330"	"monocarboxylic acid biosynthetic process"
"GO:1901606"	"alpha-amino acid catabolic process"
"GO:0050145"	"nucleoside monophosphate kinase activity"
"GO:0046961"	"proton-transporting ATPase activity, rotational mechanism"
"GO:0031118"	"rRNA pseudouridine synthesis"
"GO:1990837"	"sequence-specific double-stranded DNA binding"
"GO:0034030"	"ribonucleoside bisphosphate biosynthetic process"
"GO:0051270"	"regulation of cellular component movement"
"GO:0015879"	"carnitine transport"
"GO:0033866"	"nucleoside bisphosphate biosynthetic process"
"GO:0051271"	"negative regulation of cellular component movement"
"GO:0004427"	"inorganic diphosphatase activity"
"GO:0044769"	"ATPase activity, coupled to transmembrane movement of ions, rotational mechanism"
"GO:0003916"	"DNA topoisomerase activity"
"GO:0043656"	"intracellular region of host"
"GO:0004452"	"isopentenyl-diphosphate delta-isomerase activity"
"GO:0031060"	"regulation of histone methylation"
"GO:0098657"	"import into cell"
"GO:0030340"	"hyaluronate lyase activity"
"GO:0016837"	"carbon-oxygen lyase activity, acting on polysaccharides"
"GO:0033692"	"cellular polysaccharide biosynthetic process"
"GO:0008202"	"steroid metabolic process"
"GO:0019220"	"regulation of phosphate metabolic process"
"GO:0009719"	"response to endogenous stimulus"
"GO:0004420"	"hydroxymethylglutaryl-CoA reductase (NADPH) activity"
"GO:0016125"	"sterol metabolic process"
"GO:0010941"	"regulation of cell death"
"GO:0031399"	"regulation of protein modification process"
"GO:0006694"	"steroid biosynthetic process"
"GO:0006022"	"aminoglycan metabolic process"
"GO:0045335"	"phagocytic vesicle"
"GO:0002520"	"immune system development"
"GO:0009142"	"nucleoside triphosphate biosynthetic process"
"GO:0000271"	"polysaccharide biosynthetic process"
"GO:0099503"	"secretory vesicle"
"GO:0098590"	"plasma membrane region"
"GO:0006223"	"uracil salvage"
"GO:0006048"	"UDP-N-acetylglucosamine biosynthetic process"
"GO:0004816"	"asparagine-tRNA ligase activity"
"GO:0006071"	"glycerol metabolic process"
"GO:0046166"	"glyceraldehyde-3-phosphate biosynthetic process"
"GO:0009887"	"animal organ morphogenesis"
"GO:0006767"	"water-soluble vitamin metabolic process"
"GO:0044212"	"transcription regulatory region DNA binding"
"GO:0009219"	"pyrimidine deoxyribonucleotide metabolic process"
"GO:0046075"	"dTTP metabolic process"
"GO:0009177"	"pyrimidine deoxyribonucleoside monophosphate biosynthetic process"
"GO:0043856"	"anti-sigma factor antagonist activity"
"GO:0006117"	"acetaldehyde metabolic process"
"GO:0070180"	"large ribosomal subunit rRNA binding"
"GO:0004252"	"serine-type endopeptidase activity"
"GO:0019324"	"L-lyxose metabolic process"
"GO:0006325"	"chromatin organization"
"GO:0048437"	"floral organ development"
"GO:0048447"	"sepal morphogenesis"
"GO:0008654"	"phospholipid biosynthetic process"
"GO:0016859"	"cis-trans isomerase activity"
"GO:0043628"	"ncRNA 3'-end processing"
"GO:0008238"	"exopeptidase activity"
"GO:0051781"	"positive regulation of cell division"
"GO:0010035"	"response to inorganic substance"
"GO:0008652"	"cellular amino acid biosynthetic process"
"GO:0034614"	"cellular response to reactive oxygen species"
"GO:0048869"	"cellular developmental process"
"GO:0106026"	"Gly-tRNA(Ala) hydrolase activity"
"GO:0140078"	"class I DNA-(apurinic or apyrimidinic site) endonuclease activity"
"GO:0009147"	"pyrimidine nucleoside triphosphate metabolic process"
"GO:0046072"	"dTDP metabolic process"
"GO:1901682"	"sulfur compound transmembrane transporter activity"
"GO:0046943"	"carboxylic acid transmembrane transporter activity"
"GO:0009138"	"pyrimidine nucleoside diphosphate metabolic process"
"GO:0046940"	"nucleoside monophosphate phosphorylation"
"GO:0046148"	"pigment biosynthetic process"
"GO:0006233"	"dTDP biosynthetic process"
"GO:0050662"	"coenzyme binding"
"GO:0009212"	"pyrimidine deoxyribonucleoside triphosphate biosynthetic process"
"GO:1901681"	"sulfur compound binding"
"GO:0098869"	"cellular oxidant detoxification"
"GO:0018996"	"molting cycle, collagen and cuticulin-based cuticle"
"GO:0090702"	"non-reproductive fruiting body development"
"GO:0002931"	"response to ischemia"
"GO:0000303"	"response to superoxide"
"GO:0048609"	"multicellular organismal reproductive process"
"GO:0015038"	"glutathione disulfide oxidoreductase activity"
"GO:0010041"	"response to iron(III) ion"
"GO:0004844"	"uracil DNA N-glycosylase activity"
"GO:0007283"	"spermatogenesis"
"GO:0006749"	"glutathione metabolic process"
"GO:0015037"	"peptide disulfide oxidoreductase activity"
"GO:0048232"	"male gamete generation"
"GO:0009055"	"electron transfer activity"
"GO:1990748"	"cellular detoxification"
"GO:0015936"	"coenzyme A metabolic process"
"GO:0000305"	"response to oxygen radical"
"GO:0010039"	"response to iron ion"
"GO:0050660"	"flavin adenine dinucleotide binding"
"GO:0004362"	"glutathione-disulfide reductase activity"
"GO:0045454"	"cell redox homeostasis"
"GO:0046061"	"dATP catabolic process"
"GO:0035592"	"establishment of protein localization to extracellular region"
"GO:0006479"	"protein methylation"
"GO:0048880"	"sensory system development"
"GO:0034644"	"cellular response to UV"
"GO:0002706"	"regulation of lymphocyte mediated immunity"
"GO:0051054"	"positive regulation of DNA metabolic process"
"GO:0006152"	"purine nucleoside catabolic process"
"GO:0002521"	"leukocyte differentiation"
"GO:0042119"	"neutrophil activation"
"GO:0071322"	"cellular response to carbohydrate stimulus"
"GO:0042645"	"mitochondrial nucleoid"
"GO:1901264"	"carbohydrate derivative transport"
"GO:0043207"	"response to external biotic stimulus"
"GO:0016840"	"carbon-nitrogen lyase activity"
"GO:0006353"	"DNA-templated transcription, termination"
"GO:1990234"	"transferase complex"
"GO:0008794"	"arsenate reductase (glutaredoxin) activity"
"GO:0061810"	"NAD glycohydrolase activity"
"GO:0034613"	"cellular protein localization"
"GO:0033365"	"protein localization to organelle"
"GO:0009306"	"protein secretion"
"GO:0006605"	"protein targeting"
"GO:0006614"	"SRP-dependent cotranslational protein targeting to membrane"
"GO:0007568"	"aging"
"GO:0071806"	"protein transmembrane transport"
"GO:0016094"	"polyprenol biosynthetic process"
"GO:0045333"	"cellular respiration"
"GO:0005774"	"vacuolar membrane"
"GO:0009228"	"thiamine biosynthetic process"
"GO:0035384"	"thioester biosynthetic process"
"GO:0002937"	"tRNA 4-thiouridine biosynthesis"
"GO:0045261"	"proton-transporting ATP synthase complex, catalytic core F(1)"
"GO:1903508"	"positive regulation of nucleic acid-templated transcription"
"GO:0048037"	"cofactor binding"
"GO:0046475"	"glycerophospholipid catabolic process"
"GO:0009395"	"phospholipid catabolic process"
"GO:0045017"	"glycerolipid biosynthetic process"
"GO:0042083"	"5,10-methylenetetrahydrofolate-dependent methyltransferase activity"
"GO:0044273"	"sulfur compound catabolic process"
"GO:0004823"	"leucine-tRNA ligase activity"
"GO:0031328"	"positive regulation of cellular biosynthetic process"
"GO:0036442"	"proton-exporting ATPase activity"
"GO:0044425"	"membrane part"
"GO:0017171"	"serine hydrolase activity"
"GO:0042364"	"water-soluble vitamin biosynthetic process"
"GO:0010604"	"positive regulation of macromolecule metabolic process"
"GO:0042995"	"cell projection"
"GO:0009898"	"cytoplasmic side of plasma membrane"
"GO:0050661"	"NADP binding"
"GO:0016863"	"intramolecular oxidoreductase activity, transposing C=C bonds"
"GO:0090079"	"translation regulator activity, nucleic acid binding"
"GO:0044068"	"modulation by symbiont of host cellular process"
"GO:0008135"	"translation factor activity, RNA binding"
"GO:0052200"	"response to host defenses"
"GO:0018193"	"peptidyl-amino acid modification"
"GO:0018065"	"protein-cofactor linkage"
"GO:0043022"	"ribosome binding"
"GO:1902626"	"assembly of large subunit precursor of preribosome"
"GO:0006433"	"prolyl-tRNA aminoacylation"
"GO:0010647"	"positive regulation of cell communication"
"GO:1902679"	"negative regulation of RNA biosynthetic process"
"GO:0010181"	"FMN binding"
"GO:0004190"	"aspartic-type endopeptidase activity"
"GO:0030097"	"hemopoiesis"
"GO:0045321"	"leukocyte activation"
"GO:0019686"	"purine nucleoside interconversion"
"GO:0016868"	"intramolecular transferase activity, phosphotransferases"
"GO:0016645"	"oxidoreductase activity, acting on the CH-NH group of donors"
"GO:0046129"	"purine ribonucleoside biosynthetic process"
"GO:0006734"	"NADH metabolic process"
"GO:0034015"	"L-ribulose-5-phosphate 3-epimerase activity"
"GO:0046185"	"aldehyde catabolic process"
"GO:0016857"	"racemase and epimerase activity, acting on carbohydrates and derivatives"
"GO:0000955"	"amino acid catabolic process via Ehrlich pathway"
"GO:0042737"	"drug catabolic process"
"GO:0019860"	"uracil metabolic process"
"GO:0098721"	"uracil import across plasma membrane"
"GO:0051222"	"positive regulation of protein transport"
"GO:0015291"	"secondary active transmembrane transporter activity"
"GO:0015855"	"pyrimidine nucleobase transport"
"GO:0002100"	"tRNA wobble adenosine to inosine editing"
"GO:0070004"	"cysteine-type exopeptidase activity"
"GO:0007528"	"neuromuscular junction development"
"GO:1905267"	"endonucleolytic cleavage involved in tRNA processing"
"GO:0042780"	"tRNA 3'-end processing"
"GO:0030436"	"asexual sporulation"
"GO:0019954"	"asexual reproduction"
"GO:0031406"	"carboxylic acid binding"
"GO:0006739"	"NADP metabolic process"
"GO:0009265"	"2'-deoxyribonucleotide biosynthetic process"
"GO:0015696"	"ammonium transport"
"GO:0051707"	"response to other organism"
"GO:0009139"	"pyrimidine nucleoside diphosphate biosynthetic process"
"GO:0004654"	"polyribonucleotide nucleotidyltransferase activity"
"GO:0015036"	"disulfide oxidoreductase activity"
"GO:0016209"	"antioxidant activity"
"GO:0071949"	"FAD binding"
"GO:0033875"	"ribonucleoside bisphosphate metabolic process"
"GO:0005951"	"carbamoyl-phosphate synthase complex"
"GO:0042277"	"peptide binding"
"GO:0009064"	"glutamine family amino acid metabolic process"
"GO:0071941"	"nitrogen cycle metabolic process"
"GO:0006085"	"acetyl-CoA biosynthetic process"
"GO:0015802"	"basic amino acid transport"
"GO:0046883"	"regulation of hormone secretion"
"GO:0015857"	"uracil transport"
"GO:0032506"	"cytokinetic process"
"GO:0022402"	"cell cycle process"
"GO:0090529"	"cell septum assembly"
"GO:0019221"	"cytokine-mediated signaling pathway"
"GO:0060698"	"endoribonuclease inhibitor activity"
"GO:0033177"	"proton-transporting two-sector ATPase complex, proton-transporting domain"
"GO:0015794"	"glycerol-3-phosphate transmembrane transport"
"GO:0015114"	"phosphate ion transmembrane transporter activity"
"GO:0015315"	"organophosphate:inorganic phosphate antiporter activity"
"GO:0015103"	"inorganic anion transmembrane transporter activity"
"GO:0015748"	"organophosphate ester transport"
"GO:0031522"	"cell envelope Sec protein transport complex"
"GO:0030336"	"negative regulation of cell migration"
"GO:0003700"	"DNA-binding transcription factor activity"
"GO:0009163"	"nucleoside biosynthetic process"
"GO:0009378"	"four-way junction helicase activity"
"GO:0031012"	"extracellular matrix"
"GO:0004620"	"phospholipase activity"
"GO:0046503"	"glycerolipid catabolic process"
"GO:0042469"	"versicolorin reductase activity"
"GO:0045149"	"acetoin metabolic process"
"GO:0044209"	"AMP salvage"
"GO:0042127"	"regulation of cell proliferation"
"GO:0045252"	"oxoglutarate dehydrogenase complex"
"GO:0045239"	"tricarboxylic acid cycle enzyme complex"
"GO:0009435"	"NAD biosynthetic process"
"GO:0002181"	"cytoplasmic translation"
"GO:0048870"	"cell motility"
"GO:0015294"	"solute:cation symporter activity"
"GO:0008213"	"protein alkylation"
"GO:0017118"	"lipoyltransferase activity"
"GO:0032392"	"DNA geometric change"
"GO:0042030"	"ATPase inhibitor activity"
"GO:0008483"	"transaminase activity"
"GO:0008026"	"ATP-dependent helicase activity"
"GO:0046379"	"extracellular polysaccharide metabolic process"
"GO:0034656"	"nucleobase-containing small molecule catabolic process"
"GO:0004045"	"aminoacyl-tRNA hydrolase activity"
"GO:0006468"	"protein phosphorylation"
"GO:0009396"	"folic acid-containing compound biosynthetic process"
"GO:0071466"	"cellular response to xenobiotic stimulus"
"GO:0042558"	"pteridine-containing compound metabolic process"
"GO:0003416"	"endochondral bone growth"
"GO:0042586"	"peptide deformylase activity"
"GO:0006897"	"endocytosis"
"GO:0000469"	"cleavage involved in rRNA processing"
"GO:0015035"	"protein disulfide oxidoreductase activity"
"GO:2000892"	"cellobiose catabolic process"
"GO:0003924"	"GTPase activity"
"GO:0006208"	"pyrimidine nucleobase catabolic process"
"GO:0046113"	"nucleobase catabolic process"
"GO:0002097"	"tRNA wobble base modification"
"GO:0034309"	"primary alcohol biosynthetic process"
"GO:0010677"	"negative regulation of cellular carbohydrate metabolic process"
"GO:0045912"	"negative regulation of carbohydrate metabolic process"
"GO:0006766"	"vitamin metabolic process"
"GO:0019321"	"pentose metabolic process"
"GO:0006882"	"cellular zinc ion homeostasis"
"GO:0071276"	"cellular response to cadmium ion"
"GO:0055065"	"metal ion homeostasis"
"GO:0006006"	"glucose metabolic process"
"GO:0015755"	"fructose transmembrane transport"
"GO:0005351"	"carbohydrate:proton symporter activity"
"GO:0022877"	"protein-N(PI)-phosphohistidine-fructose phosphotransferase system transporter activity"
"GO:0090582"	"protein-phosphocysteine-D-fructose-phosphotransferase system transporter activity"
"GO:0004040"	"amidase activity"
"GO:0003796"	"lysozyme activity"
"GO:0046100"	"hypoxanthine metabolic process"
"GO:0005990"	"lactose catabolic process"
"GO:0032264"	"IMP salvage"
"GO:0016757"	"transferase activity, transferring glycosyl groups"
"GO:1901659"	"glycosyl compound biosynthetic process"
"GO:0051499"	"D-aminoacyl-tRNA deacylase activity"
"GO:0004176"	"ATP-dependent peptidase activity"
"GO:0016668"	"oxidoreductase activity, acting on a sulfur group of donors, NAD(P) as acceptor"
"GO:0015968"	"stringent response"
"GO:2001058"	"D-tagatose 6-phosphate metabolic process"
"GO:0046835"	"carbohydrate phosphorylation"
"GO:0005988"	"lactose metabolic process"
"GO:0004459"	"L-lactate dehydrogenase activity"
"GO:0006090"	"pyruvate metabolic process"
"GO:0061595"	"6-deoxy-6-sulfofructose-1-phosphate aldolase activity"
"GO:2001059"	"D-tagatose 6-phosphate catabolic process"
"GO:0009151"	"purine deoxyribonucleotide metabolic process"
"GO:0007423"	"sensory organ development"
"GO:0015174"	"basic amino acid transmembrane transporter activity"
"GO:0032554"	"purine deoxyribonucleotide binding"
"GO:0015893"	"drug transport"
"GO:0001654"	"eye development"
"GO:0006414"	"translational elongation"
"GO:0008253"	"5'-nucleotidase activity"
"GO:0009410"	"response to xenobiotic stimulus"
"GO:0008033"	"tRNA processing"
"GO:0006637"	"acyl-CoA metabolic process"
"GO:0090277"	"positive regulation of peptide hormone secretion"
"GO:0016782"	"transferase activity, transferring sulfur-containing groups"
"GO:0030488"	"tRNA methylation"
"GO:0022884"	"macromolecule transmembrane transporter activity"
"GO:0043952"	"protein transport by the Sec complex"
"GO:0003013"	"circulatory system process"
"GO:0008834"	"di-trans,poly-cis-decaprenylcistransferase activity"
"GO:0005739"	"mitochondrion"
"GO:0008775"	"acetate CoA-transferase activity"
"GO:0036293"	"response to decreased oxygen levels"
"GO:1902224"	"ketone body metabolic process"
"GO:0032265"	"XMP salvage"
"GO:0042451"	"purine nucleoside biosynthetic process"
"GO:0000097"	"sulfur amino acid biosynthetic process"
"GO:0014909"	"smooth muscle cell migration"
"GO:0061629"	"RNA polymerase II sequence-specific DNA-binding transcription factor binding"
"GO:0034213"	"quinolinate catabolic process"
"GO:0033218"	"amide binding"
"GO:0004725"	"protein tyrosine phosphatase activity"
"GO:0004514"	"nicotinate-nucleotide diphosphorylase (carboxylating) activity"
"GO:0033646"	"host intracellular part"
"GO:0032299"	"ribonuclease H2 complex"
"GO:0009941"	"chloroplast envelope"
"GO:0051049"	"regulation of transport"
"GO:0009856"	"pollination"
"GO:0030424"	"axon"
"GO:0070042"	"rRNA (uridine-N3-)-methyltransferase activity"
"GO:0005759"	"mitochondrial matrix"
"GO:0044426"	"cell wall part"
"GO:0050708"	"regulation of protein secretion"
"GO:0043408"	"regulation of MAPK cascade"
"GO:0000165"	"MAPK cascade"
"GO:0070404"	"NADH binding"
"GO:0043067"	"regulation of programmed cell death"
"GO:0046649"	"lymphocyte activation"
"GO:0034637"	"cellular carbohydrate biosynthetic process"
"GO:0009225"	"nucleotide-sugar metabolic process"
"GO:0044264"	"cellular polysaccharide metabolic process"
"GO:0003917"	"DNA topoisomerase type I activity"
"GO:0006265"	"DNA topological change"
"GO:0055067"	"monovalent inorganic cation homeostasis"
"GO:0009164"	"nucleoside catabolic process"
"GO:0000984"	"bacterial-type RNA polymerase regulatory region sequence-specific DNA binding"
"GO:0003417"	"growth plate cartilage development"
"GO:0009790"	"embryo development"
"GO:0019359"	"nicotinamide nucleotide biosynthetic process"
"GO:0034471"	"ncRNA 5'-end processing"
"GO:0000966"	"RNA 5'-end processing"
"GO:0042559"	"pteridine-containing compound biosynthetic process"
"GO:0031365"	"N-terminal protein amino acid modification"
"GO:0016671"	"oxidoreductase activity, acting on a sulfur group of donors, disulfide as acceptor"
"GO:0004519"	"endonuclease activity"
"GO:0015970"	"guanosine tetraphosphate biosynthetic process"
"GO:0008893"	"guanosine-3',5'-bis(diphosphate) 3'-diphosphatase activity"
"GO:0015847"	"putrescine transport"
"GO:0009038"	"undecaprenol kinase activity"
"GO:0090482"	"vitamin transmembrane transporter activity"
"GO:0015851"	"nucleobase transport"
"GO:0005350"	"pyrimidine nucleobase transmembrane transporter activity"
"GO:1903791"	"uracil transmembrane transport"
"GO:0052717"	"tRNA-specific adenosine-34 deaminase activity"
"GO:1904082"	"pyrimidine nucleobase transmembrane transport"
"GO:1902047"	"polyamine transmembrane transport"
"GO:0015595"	"spermidine-importing ATPase activity"
"GO:0015606"	"spermidine transmembrane transporter activity"
"GO:0070838"	"divalent metal ion transport"
"GO:0072507"	"divalent inorganic cation homeostasis"
"GO:0016743"	"carboxyl- or carbamoyltransferase activity"
"GO:0008662"	"1-phosphofructokinase activity"
"GO:0015399"	"primary active transmembrane transporter activity"
"GO:0090071"	"negative regulation of ribosome biogenesis"
"GO:0031638"	"zymogen activation"
"GO:0051604"	"protein maturation"
"GO:0031639"	"plasminogen activation"
"GO:0006779"	"porphyrin-containing compound biosynthetic process"
"GO:0015995"	"chlorophyll biosynthetic process"
"GO:0009264"	"deoxyribonucleotide catabolic process"
"GO:0042440"	"pigment metabolic process"
"GO:0006778"	"porphyrin-containing compound metabolic process"
"GO:1902186"	"regulation of viral release from host cell"
"GO:1903725"	"regulation of phospholipid metabolic process"
"GO:0051702"	"interaction with symbiont"
"GO:0006107"	"oxaloacetate metabolic process"
"GO:0042180"	"cellular ketone metabolic process"
"GO:0060761"	"negative regulation of response to cytokine stimulus"
"GO:0006203"	"dGTP catabolic process"
"GO:0006448"	"regulation of translational elongation"
"GO:0009146"	"purine nucleoside triphosphate catabolic process"
"GO:0000451"	"rRNA 2'-O-methylation"
"GO:0016624"	"oxidoreductase activity, acting on the aldehyde or oxo group of donors, disulfide as acceptor"
"GO:0006099"	"tricarboxylic acid cycle"
"GO:1903706"	"regulation of hemopoiesis"
"GO:0006915"	"apoptotic process"
"GO:0036230"	"granulocyte activation"
"GO:0016093"	"polyprenol metabolic process"
"GO:0002094"	"polyprenyltransferase activity"
"GO:0009617"	"response to bacterium"
"GO:0005667"	"transcription factor complex"
"GO:0006828"	"manganese ion transport"
"GO:0015085"	"calcium ion transmembrane transporter activity"
"GO:0046915"	"transition metal ion transmembrane transporter activity"
"GO:0016528"	"sarcoplasm"
"GO:0012501"	"programmed cell death"
"GO:0004605"	"phosphatidate cytidylyltransferase activity"
"GO:0046474"	"glycerophospholipid biosynthetic process"
"GO:0016024"	"CDP-diacylglycerol biosynthetic process"
"GO:0051832"	"avoidance of defenses of other organism involved in symbiotic interaction"
"GO:0006166"	"purine ribonucleoside salvage"
"GO:0070848"	"response to growth factor"
"GO:1903037"	"regulation of leukocyte cell-cell adhesion"
"GO:0070930"	"trans-translation-dependent protein tagging"
"GO:0004121"	"cystathionine beta-lyase activity"
"GO:0040012"	"regulation of locomotion"
"GO:0009432"	"SOS response"
"GO:0003743"	"translation initiation factor activity"
"GO:0042383"	"sarcolemma"
"GO:0004180"	"carboxypeptidase activity"
"GO:0016791"	"phosphatase activity"
"GO:0099536"	"synaptic signaling"
"GO:0098916"	"anterograde trans-synaptic signaling"
"GO:0044459"	"plasma membrane part"
"GO:0015706"	"nitrate transport"
"GO:0019299"	"rhamnose metabolic process"
"GO:0051817"	"modification of morphology or physiology of other organism involved in symbiotic interaction"
"GO:0001932"	"regulation of protein phosphorylation"
"GO:0006429"	"leucyl-tRNA aminoacylation"
"GO:0004148"	"dihydrolipoyl dehydrogenase activity"
"GO:0070661"	"leukocyte proliferation"
"GO:0070232"	"regulation of T cell apoptotic process"
"GO:0045582"	"positive regulation of T cell differentiation"
"GO:0002054"	"nucleobase binding"
"GO:1901658"	"glycosyl compound catabolic process"
"GO:0004731"	"purine-nucleoside phosphorylase activity"
"GO:0045892"	"negative regulation of transcription, DNA-templated"
"GO:0008312"	"7S RNA binding"
"GO:0030695"	"GTPase regulator activity"
"GO:0000156"	"phosphorelay response regulator activity"
"GO:0016811"	"hydrolase activity, acting on carbon-nitrogen (but not peptide) bonds, in linear amides"
"GO:0000967"	"rRNA 5'-end processing"
"GO:0034308"	"primary alcohol metabolic process"
"GO:0006113"	"fermentation"
"GO:0004845"	"uracil phosphoribosyltransferase activity"
"GO:0016758"	"transferase activity, transferring hexosyl groups"
"GO:0097747"	"RNA polymerase activity"
"GO:0015210"	"uracil transmembrane transporter activity"
"GO:0006855"	"drug transmembrane transport"
"GO:0006378"	"mRNA polyadenylation"
"GO:1901070"	"guanosine-containing compound biosynthetic process"
"GO:0046128"	"purine ribonucleoside metabolic process"
"GO:0006397"	"mRNA processing"
"GO:0030288"	"outer membrane-bounded periplasmic space"
"GO:0016810"	"hydrolase activity, acting on carbon-nitrogen (but not peptide) bonds"
"GO:0043177"	"organic acid binding"
"GO:1990145"	"maintenance of translational fidelity"
"GO:0006014"	"D-ribose metabolic process"
"GO:0033013"	"tetrapyrrole metabolic process"
"GO:0032552"	"deoxyribonucleotide binding"
"GO:1904949"	"ATPase complex"
"GO:2000177"	"regulation of neural precursor cell proliferation"
"GO:0031010"	"ISWI-type complex"
"GO:0006366"	"transcription by RNA polymerase II"
"GO:0016458"	"gene silencing"
"GO:0031056"	"regulation of histone modification"
"GO:0034401"	"chromatin organization involved in regulation of transcription"
"GO:0007417"	"central nervous system development"
"GO:0034603"	"pyruvate dehydrogenase [NAD(P)+] activity"
"GO:0015181"	"arginine transmembrane transporter activity"
"GO:0000725"	"recombinational repair"
"GO:0071345"	"cellular response to cytokine stimulus"
"GO:0070297"	"regulation of phosphorelay signal transduction system"
"GO:0034728"	"nucleosome organization"
"GO:0043044"	"ATP-dependent chromatin remodeling"
"GO:0006334"	"nucleosome assembly"
"GO:0032504"	"multicellular organism reproduction"
"GO:0030435"	"sporulation resulting in formation of a cellular spore"
"GO:1902275"	"regulation of chromatin organization"
"GO:0060702"	"negative regulation of endoribonuclease activity"
"GO:0034250"	"positive regulation of cellular amide metabolic process"
"GO:0003746"	"translation elongation factor activity"
"GO:0008763"	"UDP-N-acetylmuramate-L-alanine ligase activity"
"GO:0046110"	"xanthine metabolic process"
"GO:0000310"	"xanthine phosphoribosyltransferase activity"
"GO:0097292"	"XMP metabolic process"
"GO:0016042"	"lipid catabolic process"
"GO:0052588"	"diacetyl reductase ((S)-acetoin forming) activity"
"GO:0045460"	"sterigmatocystin metabolic process"
"GO:0050671"	"positive regulation of lymphocyte proliferation"
"GO:0000428"	"DNA-directed RNA polymerase complex"
"GO:0034418"	"urate biosynthetic process"
"GO:0072524"	"pyridine-containing compound metabolic process"
"GO:0006534"	"cysteine metabolic process"
"GO:0009103"	"lipopolysaccharide biosynthetic process"
"GO:0070569"	"uridylyltransferase activity"
"GO:0034627"	"'de novo' NAD biosynthetic process"
"GO:0070008"	"serine-type exopeptidase activity"
"GO:0044550"	"secondary metabolite biosynthetic process"
"GO:0018352"	"protein-pyridoxal-5-phosphate linkage"
"GO:0051674"	"localization of cell"
"GO:0019748"	"secondary metabolic process"
"GO:1902652"	"secondary alcohol metabolic process"
"GO:0061695"	"transferase complex, transferring phosphorus-containing groups"
"GO:0006928"	"movement of cell or subcellular component"
"GO:0008276"	"protein methyltransferase activity"
"GO:0006103"	"2-oxoglutarate metabolic process"
"GO:0023014"	"signal transduction by protein phosphorylation"
"GO:0097193"	"intrinsic apoptotic signaling pathway"
"GO:0022407"	"regulation of cell-cell adhesion"
"GO:0046635"	"positive regulation of alpha-beta T cell activation"
"GO:0070231"	"T cell apoptotic process"
"GO:0008094"	"DNA-dependent ATPase activity"
"GO:0004003"	"ATP-dependent DNA helicase activity"
"GO:0003678"	"DNA helicase activity"
"GO:0070279"	"vitamin B6 binding"
"GO:0004857"	"enzyme inhibitor activity"
"GO:0036361"	"racemase activity, acting on amino acids and derivatives"
"GO:0060590"	"ATPase regulator activity"
"GO:0036222"	"XTP diphosphatase activity"
"GO:0000987"	"proximal promoter sequence-specific DNA binding"
"GO:0006886"	"intracellular protein transport"
"GO:0071897"	"DNA biosynthetic process"
"GO:0030544"	"Hsp70 protein binding"
"GO:0010496"	"intercellular transport"
"GO:0015926"	"glucosidase activity"
"GO:0051304"	"chromosome separation"
"GO:0046037"	"GMP metabolic process"
"GO:0042781"	"3'-tRNA processing endoribonuclease activity"
"GO:0042454"	"ribonucleoside catabolic process"
"GO:0019239"	"deaminase activity"
"GO:0004126"	"cytidine deaminase activity"
"GO:0034774"	"secretory granule lumen"
"GO:0002366"	"leukocyte activation involved in immune response"
"GO:0045980"	"negative regulation of nucleotide metabolic process"
"GO:0045936"	"negative regulation of phosphate metabolic process"
"GO:0046131"	"pyrimidine ribonucleoside metabolic process"
"GO:0070820"	"tertiary granule"
"GO:0002446"	"neutrophil mediated immunity"
"GO:0052665"	"tRNA (uracil-2'-O-)-methyltransferase activity"
"GO:0002131"	"wobble position cytosine ribose methylation"
"GO:0008175"	"tRNA methyltransferase activity"
"GO:0046099"	"guanine biosynthetic process"
"GO:0008998"	"ribonucleoside-triphosphate reductase activity"
"GO:0015994"	"chlorophyll metabolic process"
"GO:0016408"	"C-acyltransferase activity"
"GO:0009062"	"fatty acid catabolic process"
"GO:0016453"	"C-acetyltransferase activity"
"GO:0019395"	"fatty acid oxidation"
"GO:0034440"	"lipid oxidation"
"GO:0030258"	"lipid modification"
"GO:0070201"	"regulation of establishment of protein localization"
"GO:0042593"	"glucose homeostasis"
"GO:1990868"	"response to chemokine"
"GO:0008073"	"ornithine decarboxylase inhibitor activity"
"GO:0070181"	"small ribosomal subunit rRNA binding"
"GO:0042979"	"ornithine decarboxylase regulator activity"
"GO:0031514"	"motile cilium"
"GO:0018307"	"enzyme active site formation"
"GO:0051539"	"4 iron, 4 sulfur cluster binding"
"GO:0016775"	"phosphotransferase activity, nitrogenous group as acceptor"
"GO:0004673"	"protein histidine kinase activity"
"GO:0002822"	"regulation of adaptive immune response based on somatic recombination of immune receptors built from immunoglobulin superfamily domains"
"GO:0008081"	"phosphoric diester hydrolase activity"
"GO:0005509"	"calcium ion binding"
"GO:1901569"	"fatty acid derivative catabolic process"
"GO:0046378"	"enterobacterial common antigen metabolic process"
"GO:0070402"	"NADPH binding"
"GO:0046402"	"O antigen metabolic process"
"GO:0098798"	"mitochondrial protein complex"
"GO:0031404"	"chloride ion binding"
"GO:0042981"	"regulation of apoptotic process"
"GO:0045785"	"positive regulation of cell adhesion"
"GO:0009294"	"DNA mediated transformation"
"GO:0005694"	"chromosome"
"GO:0002443"	"leukocyte mediated immunity"
"GO:0045226"	"extracellular polysaccharide biosynthetic process"
"GO:0006885"	"regulation of pH"
"GO:0051287"	"NAD binding"
"GO:0046383"	"dTDP-rhamnose metabolic process"
"GO:0009226"	"nucleotide-sugar biosynthetic process"
"GO:0006275"	"regulation of DNA replication"
"GO:0051053"	"negative regulation of DNA metabolic process"
"GO:0019216"	"regulation of lipid metabolic process"
"GO:0051409"	"response to nitrosative stress"
"GO:0046134"	"pyrimidine nucleoside biosynthetic process"
"GO:0010138"	"pyrimidine ribonucleotide salvage"
"GO:1990275"	"preribosome binding"
"GO:0044257"	"cellular protein catabolic process"
"GO:0016894"	"endonuclease activity, active with either ribo- or deoxyribonucleic acids and producing 3'-phosphomonoesters"
"GO:0008728"	"GTP diphosphokinase activity"
"GO:0006094"	"gluconeogenesis"
"GO:0042866"	"pyruvate biosynthetic process"
"GO:0006817"	"phosphate ion transport"
"GO:0034035"	"purine ribonucleoside bisphosphate metabolic process"
"GO:0015203"	"polyamine transmembrane transporter activity"
"GO:0008409"	"5'-3' exonuclease activity"
"GO:0004643"	"phosphoribosylaminoimidazolecarboxamide formyltransferase activity"
"GO:0009041"	"uridylate kinase activity"
"GO:0009133"	"nucleoside diphosphate biosynthetic process"
"GO:0009202"	"deoxyribonucleoside triphosphate biosynthetic process"
"GO:0009197"	"pyrimidine deoxyribonucleoside diphosphate biosynthetic process"
"GO:0009398"	"FMN biosynthetic process"
"GO:0008531"	"riboflavin kinase activity"
"GO:0009231"	"riboflavin biosynthetic process"
"GO:0042727"	"flavin-containing compound biosynthetic process"
"GO:0009196"	"pyrimidine deoxyribonucleoside diphosphate metabolic process"
"GO:0003919"	"FMN adenylyltransferase activity"
"GO:0046443"	"FAD metabolic process"
"GO:0009189"	"deoxyribonucleoside diphosphate biosynthetic process"
"GO:0046385"	"deoxyribose phosphate biosynthetic process"
"GO:0031119"	"tRNA pseudouridine synthesis"
"GO:0106029"	"tRNA pseudouridine synthase activity"
"GO:1990481"	"mRNA pseudouridine synthesis"
"GO:0016556"	"mRNA modification"
"GO:0046685"	"response to arsenic-containing substance"
"GO:0004594"	"pantothenate kinase activity"
"GO:0060542"	"regulation of strand invasion"
"GO:0000018"	"regulation of DNA recombination"
"GO:0006298"	"mismatch repair"
"GO:0070626"	"(S)-2-(5-amino-1-(5-phospho-D-ribosyl)imidazole-4-carboxamido)succinate AMP-lyase (fumarate-forming) activity"
"GO:0004738"	"pyruvate dehydrogenase activity"
"GO:0045254"	"pyruvate dehydrogenase complex"
"GO:0004659"	"prenyltransferase activity"
"GO:0061919"	"process utilizing autophagic mechanism"
"GO:0004739"	"pyruvate dehydrogenase (acetyl-transferring) activity"
"GO:0061732"	"mitochondrial acetyl-CoA biosynthetic process from pyruvate"
"GO:0031640"	"killing of cells of other organism"
"GO:0005773"	"vacuole"
"GO:0008311"	"double-stranded DNA 3'-5' exodeoxyribonuclease activity"
"GO:0014812"	"muscle cell migration"
"GO:0007346"	"regulation of mitotic cell cycle"
"GO:0000082"	"G1/S transition of mitotic cell cycle"
"GO:0048729"	"tissue morphogenesis"
"GO:0042644"	"chloroplast nucleoid"
"GO:0008859"	"exoribonuclease II activity"
"GO:0016236"	"macroautophagy"
"GO:0009725"	"response to hormone"
"GO:0060562"	"epithelial tube morphogenesis"
"GO:0032870"	"cellular response to hormone stimulus"
"GO:0030334"	"regulation of cell migration"
"GO:1901698"	"response to nitrogen compound"
"GO:0051726"	"regulation of cell cycle"
"GO:0009229"	"thiamine diphosphate biosynthetic process"
"GO:0071495"	"cellular response to endogenous stimulus"
"GO:0042357"	"thiamine diphosphate metabolic process"
"GO:0051059"	"NF-kappaB binding"
"GO:0071417"	"cellular response to organonitrogen compound"
"GO:0016895"	"exodeoxyribonuclease activity, producing 5'-phosphomonoesters"
"GO:0008296"	"3'-5'-exodeoxyribonuclease activity"
"GO:0014074"	"response to purine-containing compound"
"GO:0043069"	"negative regulation of programmed cell death"
"GO:0008283"	"cell proliferation"
"GO:0002283"	"neutrophil activation involved in immune response"
"GO:0044242"	"cellular lipid catabolic process"
"GO:0030091"	"protein repair"
"GO:0033743"	"peptide-methionine (R)-S-oxide reductase activity"
"GO:0009252"	"peptidoglycan biosynthetic process"
"GO:0044038"	"cell wall macromolecule biosynthetic process"
"GO:0008015"	"blood circulation"
"GO:0017124"	"SH3 domain binding"
"GO:0004721"	"phosphoprotein phosphatase activity"
"GO:0099537"	"trans-synaptic signaling"
"GO:0003993"	"acid phosphatase activity"
"GO:0015298"	"solute:cation antiporter activity"
"GO:0006821"	"chloride transport"
"GO:0006813"	"potassium ion transport"
"GO:0015698"	"inorganic anion transport"
"GO:0015299"	"solute:proton antiporter activity"
"GO:0046361"	"2-oxobutyrate metabolic process"
"GO:1902806"	"regulation of cell cycle G1/S phase transition"
"GO:0008134"	"transcription factor binding"
"GO:0003007"	"heart morphogenesis"
"GO:0080135"	"regulation of cellular response to stress"
"GO:0046683"	"response to organophosphorus"
"GO:1901652"	"response to peptide"
"GO:0002831"	"regulation of response to biotic stimulus"
"GO:0042579"	"microbody"
"GO:0043902"	"positive regulation of multi-organism process"
"GO:0080134"	"regulation of response to stress"
"GO:0005777"	"peroxisome"
"GO:0050778"	"positive regulation of immune response"
"GO:0044003"	"modification by symbiont of host morphology or physiology"
"GO:0050040"	"lactate 2-monooxygenase activity"
"GO:0006487"	"protein N-linked glycosylation"
"GO:0004360"	"glutamine-fructose-6-phosphate transaminase (isomerizing) activity"
"GO:0006486"	"protein glycosylation"
"GO:0006541"	"glutamine metabolic process"
"GO:0006047"	"UDP-N-acetylglucosamine metabolic process"
"GO:0002833"	"positive regulation of response to biotic stimulus"
"GO:0031349"	"positive regulation of defense response"
"GO:0045089"	"positive regulation of innate immune response"
"GO:0004497"	"monooxygenase activity"
"GO:1903409"	"reactive oxygen species biosynthetic process"
"GO:0072593"	"reactive oxygen species metabolic process"
"GO:0051701"	"interaction with host"
"GO:0032101"	"regulation of response to external stimulus"
"GO:0016701"	"oxidoreductase activity, acting on single donors with incorporation of molecular oxygen"
"GO:0012506"	"vesicle membrane"
"GO:0051289"	"protein homotetramerization"
"GO:0004825"	"methionine-tRNA ligase activity"
"GO:0006431"	"methionyl-tRNA aminoacylation"
"GO:0019854"	"L-ascorbic acid catabolic process"
"GO:0016790"	"thiolester hydrolase activity"
"GO:0030955"	"potassium ion binding"
"GO:0016297"	"acyl-[acyl-carrier-protein] hydrolase activity"
"GO:0032544"	"plastid translation"
"GO:0006270"	"DNA replication initiation"
"GO:0006002"	"fructose 6-phosphate metabolic process"
"GO:0031459"	"glycine betaine-transporting ATPase activity"
"GO:0009110"	"vitamin biosynthetic process"
"GO:0043190"	"ATP-binding cassette (ABC) transporter complex"
"GO:0005275"	"amine transmembrane transporter activity"
"GO:0015871"	"choline transport"
"GO:0015651"	"quaternary ammonium group transmembrane transporter activity"
"GO:0030073"	"insulin secretion"
"GO:0000785"	"chromatin"
"GO:1990778"	"protein localization to cell periphery"
"GO:0008356"	"asymmetric cell division"
"GO:0040029"	"regulation of gene expression, epigenetic"
"GO:0033043"	"regulation of organelle organization"
"GO:0006342"	"chromatin silencing"
"GO:0000160"	"phosphorelay signal transduction system"
"GO:0007276"	"gamete generation"
"GO:0000790"	"nuclear chromatin"
"GO:0006997"	"nucleus organization"
"GO:0019072"	"viral genome packaging"
"GO:0019073"	"viral DNA genome packaging"
"GO:0019068"	"virion assembly"
"GO:0016539"	"intein-mediated protein splicing"
"GO:0098009"	"viral terminase, large subunit"
"GO:0019134"	"glucosamine-1-phosphate N-acetyltransferase activity"
"GO:0030198"	"extracellular matrix organization"
"GO:0007178"	"transmembrane receptor protein serine/threonine kinase signaling pathway"
"GO:0008217"	"regulation of blood pressure"
"GO:0071560"	"cellular response to transforming growth factor beta stimulus"
"GO:0001568"	"blood vessel development"
"GO:0050877"	"nervous system process"
"GO:0106130"	"purine phosphoribosyltransferase activity"
"GO:0071363"	"cellular response to growth factor stimulus"
"GO:0005615"	"extracellular space"
"GO:2000045"	"regulation of G1/S transition of mitotic cell cycle"
"GO:0009799"	"specification of symmetry"
"GO:0050865"	"regulation of cell activation"
"GO:0043649"	"dicarboxylic acid catabolic process"
"GO:0009070"	"serine family amino acid biosynthetic process"
"GO:0015424"	"amino acid-transporting ATPase activity"
"GO:0033284"	"carboxylic acid-transporting ATPase activity"
"GO:0033283"	"organic acid-transporting ATPase activity"
"GO:0004529"	"exodeoxyribonuclease activity"
"GO:0046467"	"membrane lipid biosynthetic process"
"GO:0030203"	"glycosaminoglycan metabolic process"
"GO:0046493"	"lipid A metabolic process"
"GO:0006643"	"membrane lipid metabolic process"
"GO:0006664"	"glycolipid metabolic process"
"GO:0009082"	"branched-chain amino acid biosynthetic process"
"GO:0052655"	"L-valine transaminase activity"
"GO:0019757"	"glycosinolate metabolic process"
"GO:0009297"	"pilus assembly"
"GO:0030031"	"cell projection assembly"
"GO:0045005"	"DNA-dependent DNA replication maintenance of fidelity"
"GO:0006566"	"threonine metabolic process"
"GO:0004633"	"phosphopantothenoylcysteine decarboxylase activity"
"GO:0047297"	"asparagine-oxo-acid transaminase activity"
"GO:0043023"	"ribosomal large subunit binding"
"GO:0030054"	"cell junction"
"GO:0032102"	"negative regulation of response to external stimulus"
"GO:0006561"	"proline biosynthetic process"
"GO:0090150"	"establishment of protein localization to membrane"
"GO:0047429"	"nucleoside-triphosphate diphosphatase activity"
"GO:0043901"	"negative regulation of multi-organism process"
"GO:1900425"	"negative regulation of defense response to bacterium"
"GO:0008413"	"8-oxo-7,8-dihydroguanosine triphosphate pyrophosphatase activity"
"GO:0015766"	"disaccharide transport"
"GO:0015768"	"maltose transport"
"GO:0015774"	"polysaccharide transport"
"GO:0099587"	"inorganic ion import across plasma membrane"
"GO:0004791"	"thioredoxin-disulfide reductase activity"
"GO:0008047"	"enzyme activator activity"
"GO:0098754"	"detoxification"
"GO:0010497"	"plasmodesmata-mediated intercellular transport"
"GO:0097216"	"guanosine tetraphosphate binding"
"GO:0008443"	"phosphofructokinase activity"
"GO:0019200"	"carbohydrate kinase activity"
"GO:0019323"	"pentose catabolic process"
"GO:0051262"	"protein tetramerization"
"GO:0016854"	"racemase and epimerase activity"
"GO:0043864"	"indoleacetamide hydrolase activity"
"GO:0043211"	"carbohydrate-transporting ATPase activity"
"GO:0042956"	"maltodextrin transport"
"GO:0015422"	"oligosaccharide-transporting ATPase activity"
"GO:0015423"	"maltose-transporting ATPase activity"
"GO:1904981"	"maltose transmembrane transport"
"GO:0015157"	"oligosaccharide transmembrane transporter activity"
"GO:0015154"	"disaccharide transmembrane transporter activity"
"GO:0019184"	"nonribosomal peptide biosynthetic process"
"GO:0006750"	"glutathione biosynthetic process"
"GO:0016300"	"tRNA (uracil) methyltransferase activity"
"GO:0006177"	"GMP biosynthetic process"
"GO:0015772"	"oligosaccharide transport"
"GO:1990060"	"maltose transport complex"
"GO:0047798"	"cyclomaltodextrinase activity"
"GO:0090599"	"alpha-glucosidase activity"
"GO:0000272"	"polysaccharide catabolic process"
"GO:0031216"	"neopullulanase activity"
"GO:0004553"	"hydrolase activity, hydrolyzing O-glycosyl compounds"
"GO:0044874"	"lipoprotein localization to outer membrane"
"GO:0019350"	"teichoic acid biosynthetic process"
"GO:0070395"	"lipoteichoic acid biosynthetic process"
"GO:0071478"	"cellular response to radiation"
"GO:0051536"	"iron-sulfur cluster binding"
"GO:0004749"	"ribose phosphate diphosphokinase activity"
"GO:0032024"	"positive regulation of insulin secretion"
"GO:0042401"	"cellular biogenic amine biosynthetic process"
"GO:0006568"	"tryptophan metabolic process"
"GO:0006576"	"cellular biogenic amine metabolic process"
"GO:0009072"	"aromatic amino acid family metabolic process"
"GO:0046219"	"indolalkylamine biosynthetic process"
"GO:0044210"	"'de novo' CTP biosynthetic process"
"GO:0006241"	"CTP biosynthetic process"
"GO:0004309"	"exopolyphosphatase activity"
"GO:0071396"	"cellular response to lipid"
"GO:0043062"	"extracellular structure organization"
"GO:1903039"	"positive regulation of leukocyte cell-cell adhesion"
"GO:0042098"	"T cell proliferation"
"GO:0046874"	"quinolinate metabolic process"
"GO:0015426"	"polar-amino acid-transporting ATPase activity"
"GO:0009235"	"cobalamin metabolic process"
"GO:0004639"	"phosphoribosylaminoimidazolesuccinocarboxamide synthase activity"
"GO:0033214"	"iron assimilation by chelation and transport"
"GO:0015276"	"ligand-gated ion channel activity"
"GO:0060429"	"epithelium development"
"GO:0044206"	"UMP salvage"
"GO:0046173"	"polyol biosynthetic process"
"GO:0016324"	"apical plasma membrane"
"GO:0019305"	"dTDP-rhamnose biosynthetic process"
"GO:0042476"	"odontogenesis"
"GO:0051453"	"regulation of intracellular pH"
"GO:0008853"	"exodeoxyribonuclease III activity"
"GO:0006730"	"one-carbon metabolic process"
"GO:0019238"	"cyclohydrolase activity"
"GO:0008891"	"glycolate oxidase activity"
"GO:0098644"	"complex of collagen trimers"
"GO:0046146"	"tetrahydrobiopterin metabolic process"
"GO:0045260"	"plasma membrane proton-transporting ATP synthase complex"
"GO:0005740"	"mitochondrial envelope"
"GO:0046656"	"folic acid biosynthetic process"
"GO:0046655"	"folic acid metabolic process"
"GO:0090566"	"protein-phosphocysteine-N,N'-diacetylchitobiose phosphotransferase system transporter activity"
"GO:1902815"	"N,N'-diacetylchitobiose import"
"GO:0019405"	"alditol catabolic process"
"GO:2000104"	"negative regulation of DNA-dependent DNA replication"
"GO:0098662"	"inorganic cation transmembrane transport"
"GO:0032196"	"transposition"
"GO:0008360"	"regulation of cell shape"
"GO:0008762"	"UDP-N-acetylmuramate dehydrogenase activity"
"GO:0046416"	"D-amino acid metabolic process"
"GO:0051500"	"D-tyrosyl-tRNA(Tyr) deacylase activity"
"GO:0042726"	"flavin-containing compound metabolic process"
"GO:0047617"	"acyl-CoA hydrolase activity"
"GO:0016289"	"CoA hydrolase activity"
"GO:0004140"	"dephospho-CoA kinase activity"
"GO:0070041"	"rRNA (uridine-C5-)-methyltransferase activity"
"GO:0008169"	"C-methyltransferase activity"
"GO:0016436"	"rRNA (uridine) methyltransferase activity"
"GO:0043727"	"5-amino-4-imidazole carboxylate lyase activity"
"GO:0044873"	"lipoprotein localization to membrane"
"GO:0030614"	"oxidoreductase activity, acting on phosphorus or arsenic in donors, disulfide as acceptor"
"GO:0030611"	"arsenate reductase activity"
"GO:0045910"	"negative regulation of DNA recombination"
"GO:0019808"	"polyamine binding"
"GO:0032508"	"DNA duplex unwinding"
"GO:0006268"	"DNA unwinding involved in DNA replication"
"GO:0019058"	"viral life cycle"
"GO:0046417"	"chorismate metabolic process"
"GO:0003866"	"3-phosphoshikimate 1-carboxyvinyltransferase activity"
"GO:0043650"	"dicarboxylic acid biosynthetic process"
"GO:0001947"	"heart looping"
"GO:0007368"	"determination of left/right symmetry"
"GO:0004520"	"endodeoxyribonuclease activity"
"GO:0040011"	"locomotion"
"GO:0071407"	"cellular response to organic cyclic compound"
"GO:0035050"	"embryonic heart tube development"
"GO:2000145"	"regulation of cell motility"
"GO:0045931"	"positive regulation of mitotic cell cycle"
"GO:0010564"	"regulation of cell cycle process"
"GO:0044770"	"cell cycle phase transition"
"GO:0070006"	"metalloaminopeptidase activity"
"GO:0001944"	"vasculature development"
"GO:0003008"	"system process"
"GO:1901653"	"cellular response to peptide"
"GO:0004647"	"phosphoserine phosphatase activity"
"GO:0016311"	"dephosphorylation"
"GO:0008242"	"omega peptidase activity"
"GO:0043492"	"ATPase activity, coupled to movement of substances"
"GO:0009106"	"lipoate metabolic process"
"GO:0043544"	"lipoamide binding"
"GO:0045240"	"dihydrolipoyl dehydrogenase complex"
"GO:0045787"	"positive regulation of cell cycle"
"GO:0009526"	"plastid envelope"
"GO:0009579"	"thylakoid"
"GO:0061727"	"methylglyoxal catabolic process to lactate"
"GO:0098739"	"import across plasma membrane"
"GO:0009438"	"methylglyoxal metabolic process"
"GO:0019243"	"methylglyoxal catabolic process to D-lactate via S-lactoyl-glutathione"
"GO:0001558"	"regulation of cell growth"
"GO:0004478"	"methionine adenosyltransferase activity"
"GO:0006556"	"S-adenosylmethionine biosynthetic process"
"GO:0046500"	"S-adenosylmethionine metabolic process"
"GO:0002009"	"morphogenesis of an epithelium"
"GO:0003934"	"GTP cyclohydrolase I activity"
"GO:0016814"	"hydrolase activity, acting on carbon-nitrogen (but not peptide) bonds, in cyclic amidines"
"GO:0035239"	"tube morphogenesis"
"GO:0005911"	"cell-cell junction"
"GO:0048563"	"post-embryonic animal organ morphogenesis"
"GO:0016655"	"oxidoreductase activity, acting on NAD(P)H, quinone or similar compound as acceptor"
"GO:0002189"	"ribose phosphate diphosphokinase complex"
"GO:0007444"	"imaginal disc development"
"GO:0007560"	"imaginal disc morphogenesis"
"GO:0001017"	"bacterial-type RNA polymerase regulatory region DNA binding"
"GO:0006768"	"biotin metabolic process"
"GO:0009374"	"biotin binding"
"GO:0004077"	"biotin-[acetyl-CoA-carboxylase] ligase activity"
"GO:0009305"	"protein biotinylation"
"GO:0015205"	"nucleobase transmembrane transporter activity"
"GO:0006212"	"uracil catabolic process"
"GO:0015505"	"uracil:cation symporter activity"
"GO:0015391"	"nucleobase:cation symporter activity"
"GO:0006116"	"NADH oxidation"
"GO:0000947"	"amino acid catabolic process to alcohol via Ehrlich pathway"
"GO:0043458"	"ethanol biosynthetic process involved in glucose fermentation to ethanol"
"GO:0047639"	"alcohol oxidase activity"
"GO:0033037"	"polysaccharide localization"
"GO:0005770"	"late endosome"
"GO:0030301"	"cholesterol transport"
"GO:0015918"	"sterol transport"
"GO:0032270"	"positive regulation of cellular protein metabolic process"
"GO:0015850"	"organic hydroxy compound transport"
"GO:0006869"	"lipid transport"
"GO:0010876"	"lipid localization"
"GO:0043024"	"ribosomal small subunit binding"
"GO:0005764"	"lysosome"
"GO:0051247"	"positive regulation of protein metabolic process"
"GO:0005768"	"endosome"
"GO:0000323"	"lytic vacuole"
"GO:0006525"	"arginine metabolic process"
"GO:0006083"	"acetate metabolic process"
"GO:0004532"	"exoribonuclease activity"
"GO:0006402"	"mRNA catabolic process"
"GO:0006338"	"chromatin remodeling"
"GO:0071824"	"protein-DNA complex subunit organization"
"GO:0007166"	"cell surface receptor signaling pathway"
"GO:0007420"	"brain development"
"GO:0008428"	"ribonuclease inhibitor activity"
"GO:0001217"	"bacterial-type RNA polymerase transcriptional repressor activity, sequence-specific DNA binding"
"GO:0004088"	"carbamoyl-phosphate synthase (glutamine-hydrolyzing) activity"
"GO:0051346"	"negative regulation of hydrolase activity"
"GO:0006526"	"arginine biosynthetic process"
"GO:0004030"	"aldehyde dehydrogenase [NAD(P)+] activity"
"GO:0008911"	"lactaldehyde dehydrogenase activity"
"GO:0043891"	"glyceraldehyde-3-phosphate dehydrogenase (NAD(P)+) (phosphorylating) activity"
"GO:0004029"	"aldehyde dehydrogenase (NAD) activity"
"GO:0009255"	"Entner-Doudoroff pathway through 6-phosphogluconate"
"GO:0061678"	"Entner-Doudoroff pathway"
"GO:0008886"	"glyceraldehyde-3-phosphate dehydrogenase (NADP+) (non-phosphorylating) activity"
"GO:0047100"	"glyceraldehyde-3-phosphate dehydrogenase (NADP+) (phosphorylating) activity"
"GO:0043796"	"glyceraldehyde dehydrogenase (NADP) activity"
"GO:0032296"	"double-stranded RNA-specific ribonuclease activity"
"GO:0008965"	"phosphoenolpyruvate-protein phosphotransferase activity"
"GO:0008235"	"metalloexopeptidase activity"
"GO:0050667"	"homocysteine metabolic process"
"GO:1901990"	"regulation of mitotic cell cycle phase transition"
"GO:0006040"	"amino sugar metabolic process"
"GO:0052618"	"coenzyme F420-0:L-glutamate ligase activity"
"GO:0015627"	"type II protein secretion system complex"
"GO:0008171"	"O-methyltransferase activity"
"GO:0098723"	"skeletal muscle myofibril"
"GO:0008286"	"insulin receptor signaling pathway"
"GO:0032780"	"negative regulation of ATPase activity"
"GO:0006109"	"regulation of carbohydrate metabolic process"
"GO:0048569"	"post-embryonic animal organ development"
"GO:0047134"	"protein-disulfide reductase activity"
"GO:0031072"	"heat shock protein binding"
"GO:1903008"	"organelle disassembly"
"GO:0103111"	"D-glucosamine PTS permease activity"
"GO:0103047"	"methyl beta-D-glucoside 6-phosphate glucohydrolase activity"
"GO:0008422"	"beta-glucosidase activity"
"GO:2000891"	"cellobiose metabolic process"
"GO:0009698"	"phenylpropanoid metabolic process"
"GO:0016861"	"intramolecular oxidoreductase activity, interconverting aldoses and ketoses"
"GO:0003727"	"single-stranded RNA binding"
"GO:0030163"	"protein catabolic process"
"GO:0008616"	"queuosine biosynthetic process"
"GO:0051075"	"S-adenosylmethionine:tRNA ribosyltransferase-isomerase activity"
"GO:0004824"	"lysine-tRNA ligase activity"
"GO:0045900"	"negative regulation of translational elongation"
"GO:0008655"	"pyrimidine-containing compound salvage"
"GO:0008252"	"nucleotidase activity"
"GO:0043171"	"peptide catabolic process"
"GO:0034701"	"tripeptidase activity"
"GO:0043590"	"bacterial nucleoid"
"GO:1902531"	"regulation of intracellular signal transduction"
"GO:0010648"	"negative regulation of cell communication"
"GO:0031314"	"extrinsic component of mitochondrial inner membrane"
"GO:0042744"	"hydrogen peroxide catabolic process"
"GO:0009208"	"pyrimidine ribonucleoside triphosphate metabolic process"
"GO:0009188"	"ribonucleoside diphosphate biosynthetic process"
"GO:0033862"	"UMP kinase activity"
"GO:0046132"	"pyrimidine ribonucleoside biosynthetic process"
"GO:0046048"	"UDP metabolic process"
"GO:0035774"	"positive regulation of insulin secretion involved in cellular response to glucose stimulus"
"GO:0043648"	"dicarboxylic acid metabolic process"
"GO:0008097"	"5S rRNA binding"
"GO:0019287"	"isopentenyl diphosphate biosynthetic process, mevalonate pathway"
"GO:0033567"	"DNA replication, Okazaki fragment processing"
"GO:0004611"	"phosphoenolpyruvate carboxykinase activity"
"GO:0008964"	"phosphoenolpyruvate carboxylase activity"
"GO:0008186"	"RNA-dependent ATPase activity"
"GO:1902533"	"positive regulation of intracellular signal transduction"
"GO:0042325"	"regulation of phosphorylation"
"GO:0044462"	"external encapsulating structure part"
"GO:2000482"	"regulation of interleukin-8 secretion"
"GO:2000484"	"positive regulation of interleukin-8 secretion"
"GO:0009274"	"peptidoglycan-based cell wall"
"GO:0044651"	"adhesion of symbiont to host epithelial cell"
"GO:0009275"	"Gram-positive-bacterium-type cell wall"
"GO:0032677"	"regulation of interleukin-8 production"
"GO:0050715"	"positive regulation of cytokine secretion"
"GO:0043100"	"pyrimidine nucleobase salvage"
"GO:0030420"	"establishment of competence for transformation"
"GO:0051050"	"positive regulation of transport"
"GO:0051240"	"positive regulation of multicellular organismal process"
"GO:0044406"	"adhesion of symbiont to host"
"GO:0001819"	"positive regulation of cytokine production"
"GO:0006449"	"regulation of translational termination"
"GO:0019682"	"glyceraldehyde-3-phosphate metabolic process"
"GO:0007552"	"metamorphosis"
"GO:0048707"	"instar larval or pupal morphogenesis"
"GO:0046184"	"aldehyde biosynthetic process"
"GO:0047480"	"UDP-N-acetylmuramoyl-tripeptide-D-alanyl-D-alanine ligase activity"
"GO:0008716"	"D-alanine-D-alanine ligase activity"
"GO:0071555"	"cell wall organization"
"GO:0032271"	"regulation of protein polymerization"
"GO:0015848"	"spermidine transport"
"GO:0003937"	"IMP cyclohydrolase activity"
"GO:1903711"	"spermidine transmembrane transport"
"GO:0099132"	"ATP hydrolysis coupled cation transmembrane transport"
"GO:0051302"	"regulation of cell division"
"GO:0016445"	"somatic diversification of immunoglobulins"
"GO:0009155"	"purine deoxyribonucleotide catabolic process"
"GO:0043900"	"regulation of multi-organism process"
"GO:0046386"	"deoxyribose phosphate catabolic process"
"GO:0001960"	"negative regulation of cytokine-mediated signaling pathway"
"GO:0051196"	"regulation of coenzyme metabolic process"
"GO:0062012"	"regulation of small molecule metabolic process"
"GO:0046538"	"2,3-bisphosphoglycerate-dependent phosphoglycerate mutase activity"
"GO:0043456"	"regulation of pentose-phosphate shunt"
"GO:0060337"	"type I interferon signaling pathway"
"GO:0023057"	"negative regulation of signaling"
"GO:0009217"	"purine deoxyribonucleoside triphosphate catabolic process"
"GO:0034097"	"response to cytokine"
"GO:0006098"	"pentose-phosphate shunt"
"GO:0004751"	"ribose-5-phosphate isomerase activity"
"GO:0032560"	"guanyl deoxyribonucleotide binding"
"GO:0031348"	"negative regulation of defense response"
"GO:0002440"	"production of molecular mediator of immune response"
"GO:0043471"	"regulation of cellular carbohydrate catabolic process"
"GO:0004619"	"phosphoglycerate mutase activity"
"GO:0043455"	"regulation of secondary metabolic process"
"GO:0009894"	"regulation of catabolic process"
"GO:0006304"	"DNA modification"
"GO:0051193"	"regulation of cofactor metabolic process"
"GO:0043470"	"regulation of carbohydrate catabolic process"
"GO:0072657"	"protein localization to membrane"
"GO:0032564"	"dATP binding"
"GO:0042148"	"strand invasion"
"GO:0070581"	"rolling circle DNA replication"
"GO:0032558"	"adenyl deoxyribonucleotide binding"
"GO:0044057"	"regulation of system process"
"GO:0006874"	"cellular calcium ion homeostasis"
"GO:0030026"	"cellular manganese ion homeostasis"
"GO:0006937"	"regulation of muscle contraction"
"GO:0006941"	"striated muscle contraction"
"GO:0046873"	"metal ion transmembrane transporter activity"
"GO:0006914"	"autophagy"
"GO:0003012"	"muscle system process"
"GO:0034976"	"response to endoplasmic reticulum stress"
"GO:0070588"	"calcium ion transmembrane transport"
"GO:0042887"	"amide transmembrane transporter activity"
"GO:0009423"	"chorismate biosynthetic process"
"GO:0043299"	"leukocyte degranulation"
"GO:0002694"	"regulation of leukocyte activation"
"GO:2001020"	"regulation of response to DNA damage stimulus"
"GO:0006942"	"regulation of striated muscle contraction"
"GO:0014910"	"regulation of smooth muscle cell migration"
"GO:0042724"	"thiamine-containing compound biosynthetic process"
"GO:0070638"	"pyridine nucleoside catabolic process"
"GO:0015658"	"branched-chain amino acid transmembrane transporter activity"
"GO:0015188"	"L-isoleucine transmembrane transporter activity"
"GO:0015175"	"neutral amino acid transmembrane transporter activity"
"GO:0015829"	"valine transport"
"GO:0070929"	"trans-translation"
"GO:1902475"	"L-alpha-amino acid transmembrane transport"
"GO:0015818"	"isoleucine transport"
"GO:0006413"	"translational initiation"
"GO:0006814"	"sodium ion transport"
"GO:0015370"	"solute:sodium symporter activity"
"GO:0006089"	"lactate metabolic process"
"GO:0008760"	"UDP-N-acetylglucosamine 1-carboxyvinyltransferase activity"
"GO:0006154"	"adenosine catabolic process"
"GO:0045579"	"positive regulation of B cell differentiation"
"GO:0032329"	"serine transport"
"GO:0050863"	"regulation of T cell activation"
"GO:0042113"	"B cell activation"
"GO:0000150"	"recombinase activity"
"GO:0009009"	"site-specific recombinase activity"
"GO:0009037"	"tyrosine-based site-specific recombinase activity"
"GO:0032944"	"regulation of mononuclear cell proliferation"
"GO:0006183"	"GTP biosynthetic process"
"GO:0071887"	"leukocyte apoptotic process"
"GO:0008907"	"integrase activity"
"GO:0006613"	"cotranslational protein targeting to membrane"
"GO:0048500"	"signal recognition particle"
"GO:0019523"	"L-idonate metabolic process"
"GO:0046183"	"L-idonate catabolic process"
"GO:0042839"	"D-glucuronate metabolic process"
"GO:0003921"	"GMP synthase activity"
"GO:0035999"	"tetrahydrofolate interconversion"
"GO:0098552"	"side of membrane"
"GO:0043937"	"regulation of sporulation"
"GO:0000910"	"cytokinesis"
"GO:0098562"	"cytoplasmic side of membrane"
"GO:0031234"	"extrinsic component of cytoplasmic side of plasma membrane"
"GO:0019897"	"extrinsic component of plasma membrane"
"GO:0032153"	"cell division site"
"GO:0016604"	"nuclear body"
"GO:0006323"	"DNA packaging"
"GO:0061351"	"neural precursor cell proliferation"
"GO:0070603"	"SWI/SNF superfamily-type complex"
"GO:0006655"	"phosphatidylglycerol biosynthetic process"
"GO:0006144"	"purine nucleobase metabolic process"
"GO:0000228"	"nuclear chromosome"
"GO:0065004"	"protein-DNA complex assembly"
"GO:0006333"	"chromatin assembly or disassembly"
"GO:0009084"	"glutamine family amino acid biosynthetic process"
"GO:0043493"	"viral terminase complex"
"GO:1902560"	"GMP reductase complex"
"GO:0017038"	"protein import"
"GO:0009403"	"toxin biosynthetic process"
"GO:0031320"	"hexitol dehydrogenase activity"
"GO:1901378"	"organic heteropentacyclic compound biosynthetic process"
"GO:0009013"	"succinate-semialdehyde dehydrogenase [NAD(P)+] activity"
"GO:0009330"	"DNA topoisomerase complex (ATP-hydrolyzing)"
"GO:0070403"	"NAD+ binding"
"GO:0047512"	"(S,S)-butanediol dehydrogenase activity"
"GO:0045150"	"acetoin catabolic process"
"GO:0009404"	"toxin metabolic process"
"GO:0015803"	"branched-chain amino acid transport"
"GO:0005304"	"L-valine transmembrane transporter activity"
"GO:0015074"	"DNA integration"
"GO:0032977"	"membrane insertase activity"
"GO:0140104"	"molecular carrier activity"
"GO:0019290"	"siderophore biosynthetic process"
"GO:0043711"	"pilus organization"
"GO:0052656"	"L-isoleucine transaminase activity"
"GO:0008667"	"2,3-dihydro-2,3-dihydroxybenzoate dehydrogenase activity"
"GO:0019152"	"acetoin dehydrogenase activity"
"GO:0046130"	"purine ribonucleoside catabolic process"
"GO:0046712"	"GDP catabolic process"
"GO:0070039"	"rRNA (guanosine-2'-O-)-methyltransferase activity"
"GO:0045004"	"DNA replication proofreading"
"GO:0009360"	"DNA polymerase III complex"
"GO:0030170"	"pyridoxal phosphate binding"
"GO:0045913"	"positive regulation of carbohydrate metabolic process"
"GO:0010906"	"regulation of glucose metabolic process"
"GO:0008340"	"determination of adult lifespan"
"GO:0070207"	"protein homotrimerization"
"GO:0004645"	"phosphorylase activity"
"GO:0032868"	"response to insulin"
"GO:0019842"	"vitamin binding"
"GO:0004735"	"pyrroline-5-carboxylate reductase activity"
"GO:0036289"	"peptidyl-serine autophosphorylation"
"GO:0018105"	"peptidyl-serine phosphorylation"
"GO:0010286"	"heat acclimation"
"GO:0043093"	"FtsZ-dependent cytokinesis"
"GO:0032505"	"reproduction of a single-celled organism"
"GO:0030259"	"lipid glycosylation"
"GO:0051991"	"UDP-N-acetyl-D-glucosamine:N-acetylmuramoyl-L-alanyl-D-glutamyl-meso-2,6-diaminopimelyl-D-alanyl-D-alanine-diphosphoundecaprenol 4-beta-N-acetylglucosaminlytransferase activity"
"GO:0070085"	"glycosylation"
"GO:0008375"	"acetylglucosaminyltransferase activity"
"GO:0050511"	"undecaprenyldiphospho-muramoylpentapeptide beta-N-acetylglucosaminyltransferase activity"
"GO:0008194"	"UDP-glycosyltransferase activity"
"GO:0008764"	"UDP-N-acetylmuramoylalanine-D-glutamate ligase activity"
"GO:0004342"	"glucosamine-6-phosphate deaminase activity"
"GO:0006044"	"N-acetylglucosamine metabolic process"
"GO:1901071"	"glucosamine-containing compound metabolic process"
"GO:0006178"	"guanine salvage"
"GO:0106050"	"tRNA 2'-O-methyltransferase activity"
"GO:0003999"	"adenine phosphoribosyltransferase activity"
"GO:0046084"	"adenine biosynthetic process"
"GO:0004340"	"glucokinase activity"
"GO:0035773"	"insulin secretion involved in cellular response to glucose stimulus"
"GO:1902221"	"erythrose 4-phosphate/phosphoenolpyruvate family amino acid metabolic process"
"GO:1902223"	"erythrose 4-phosphate/phosphoenolpyruvate family amino acid biosynthetic process"
"GO:0070040"	"rRNA (adenine-C2-)-methyltransferase activity"
"GO:0046952"	"ketone body catabolic process"
"GO:0070298"	"negative regulation of phosphorelay signal transduction system"
"GO:0014823"	"response to activity"
"GO:0045461"	"sterigmatocystin biosynthetic process"
"GO:0016126"	"sterol biosynthetic process"
"GO:0006529"	"asparagine biosynthetic process"
"GO:0051790"	"short-chain fatty acid biosynthetic process"
"GO:0046459"	"short-chain fatty acid metabolic process"
"GO:0046360"	"2-oxobutyrate biosynthetic process"
"GO:0031106"	"septin ring organization"
"GO:0032156"	"septin cytoskeleton"
"GO:0000278"	"mitotic cell cycle"
"GO:0005856"	"cytoskeleton"
"GO:0001817"	"regulation of cytokine production"
"GO:0032757"	"positive regulation of interleukin-8 production"
"GO:0035375"	"zymogen binding"
"GO:0043225"	"ATPase-coupled anion transmembrane transporter activity"
"GO:0005315"	"inorganic phosphate transmembrane transporter activity"
"GO:0015415"	"ATPase-coupled phosphate ion transmembrane transporter activity"
"GO:0035435"	"phosphate ion transmembrane transport"
"GO:0098661"	"inorganic anion transmembrane transport"
"GO:0035303"	"regulation of dephosphorylation"
"GO:0051174"	"regulation of phosphorus metabolic process"
"GO:0004146"	"dihydrofolate reductase activity"
"GO:0051603"	"proteolysis involved in cellular protein catabolic process"
"GO:0006515"	"protein quality control for misfolded or incompletely synthesized proteins"
"GO:0042301"	"phosphate ion binding"
"GO:0003951"	"NAD+ kinase activity"
"GO:0004143"	"diacylglycerol kinase activity"
"GO:0015417"	"polyamine-transporting ATPase activity"
"GO:0006527"	"arginine catabolic process"
"GO:0046077"	"dUDP metabolic process"
"GO:0019547"	"arginine catabolic process to ornithine"
"GO:0072388"	"flavin adenine dinucleotide biosynthetic process"
"GO:0004826"	"phenylalanine-tRNA ligase activity"
"GO:0015451"	"decarboxylation-driven active transmembrane transporter activity"
"GO:0016635"	"oxidoreductase activity, acting on the CH-CH group of donors, quinone or related compound as acceptor"
"GO:0015616"	"DNA translocase activity"
"GO:0033202"	"DNA helicase complex"
"GO:0017004"	"cytochrome complex assembly"
"GO:0060543"	"negative regulation of strand invasion"
"GO:0015293"	"symporter activity"
"GO:0006438"	"valyl-tRNA aminoacylation"
"GO:0004832"	"valine-tRNA ligase activity"
"GO:0019464"	"glycine decarboxylation via glycine cleavage system"
"GO:0051068"	"dihydrolipoamide metabolic process"
"GO:1900087"	"positive regulation of G1/S transition of mitotic cell cycle"
"GO:0015979"	"photosynthesis"
"GO:0016703"	"oxidoreductase activity, acting on single donors with incorporation of molecular oxygen, incorporation of one atom of oxygen (internal monooxygenases or internal mixed function oxidases)"
"GO:0010109"	"regulation of photosynthesis"
"GO:0044042"	"glucan metabolic process"
"GO:0010383"	"cell wall polysaccharide metabolic process"
"GO:0015925"	"galactosidase activity"
"GO:0009251"	"glucan catabolic process"
"GO:0085030"	"symbiont process benefiting host"
"GO:0010410"	"hemicellulose metabolic process"
"GO:0010411"	"xyloglucan metabolic process"
"GO:2000899"	"xyloglucan catabolic process"
"GO:0006073"	"cellular glucan metabolic process"
"GO:0004565"	"beta-galactosidase activity"
"GO:0033014"	"tetrapyrrole biosynthetic process"
"GO:0004109"	"coproporphyrinogen oxidase activity"
"GO:0009111"	"vitamin catabolic process"
"GO:0004590"	"orotidine-5'-phosphate decarboxylase activity"
"GO:0042365"	"water-soluble vitamin catabolic process"
"GO:0102166"	"[protein]-3-O-(N-acetyl-D-glucosaminyl)-L-threonine O-N-acetyl-alpha-D-glucosaminase activity"
"GO:0043270"	"positive regulation of ion transport"
"GO:0051924"	"regulation of calcium ion transport"
"GO:0009100"	"glycoprotein metabolic process"
"GO:0043269"	"regulation of ion transport"
"GO:0051928"	"positive regulation of calcium ion transport"
"GO:0046653"	"tetrahydrofolate metabolic process"
"GO:0004477"	"methenyltetrahydrofolate cyclohydrolase activity"
"GO:0006547"	"histidine metabolic process"
"GO:0061615"	"glycolytic process through fructose-6-phosphate"
"GO:0004563"	"beta-N-acetylhexosaminidase activity"
"GO:0006013"	"mannose metabolic process"
"GO:0004559"	"alpha-mannosidase activity"
"GO:0006282"	"regulation of DNA repair"
"GO:0044409"	"entry into host"
"GO:0019012"	"virion"
"GO:0019028"	"viral capsid"
"GO:0046798"	"viral portal complex"
"GO:0044423"	"virion part"
"GO:0016657"	"oxidoreductase activity, acting on NAD(P)H, nitrogenous group as acceptor"
"GO:0043138"	"3'-5' DNA helicase activity"
"GO:0070035"	"purine NTP-dependent helicase activity"
"GO:0043140"	"ATP-dependent 3'-5' DNA helicase activity"
"GO:0097066"	"response to thyroid hormone"
"GO:0032526"	"response to retinoic acid"
"GO:0097067"	"cellular response to thyroid hormone stimulus"
"GO:0048705"	"skeletal system morphogenesis"
"GO:0007600"	"sensory perception"
"GO:0051338"	"regulation of transferase activity"
"GO:1990928"	"response to amino acid starvation"
"GO:0034198"	"cellular response to amino acid starvation"
"GO:0051348"	"negative regulation of transferase activity"
"GO:0006544"	"glycine metabolic process"
"GO:0043549"	"regulation of kinase activity"
"GO:0019632"	"shikimate metabolic process"
"GO:0080146"	"L-cysteine desulfhydrase activity"
"GO:0006535"	"cysteine biosynthetic process from serine"
"GO:0051291"	"protein heterooligomerization"
"GO:2000677"	"regulation of transcription regulatory region DNA binding"
"GO:0051098"	"regulation of binding"
"GO:1904796"	"regulation of core promoter binding"
"GO:0051101"	"regulation of DNA binding"
"GO:0006563"	"L-serine metabolic process"
"GO:1901069"	"guanosine-containing compound catabolic process"
"GO:0043388"	"positive regulation of DNA binding"
"GO:0009068"	"aspartate family amino acid catabolic process"
"GO:0015628"	"protein secretion by the type II secretion system"
"GO:1904798"	"positive regulation of core promoter binding"
"GO:0007169"	"transmembrane receptor protein tyrosine kinase signaling pathway"
"GO:0009896"	"positive regulation of catabolic process"
"GO:0102250"	"linear malto-oligosaccharide phosphorylase activity"
"GO:2000679"	"positive regulation of transcription regulatory region DNA binding"
"GO:0009087"	"methionine catabolic process"
"GO:0055044"	"symplast"
"GO:0010043"	"response to zinc ion"
"GO:0072344"	"rescue of stalled ribosome"
"GO:0009933"	"meristem structural organization"
"GO:0048608"	"reproductive structure development"
"GO:0090567"	"reproductive shoot system development"
"GO:0009908"	"flower development"
"GO:0018209"	"peptidyl-serine modification"
"GO:0003002"	"regionalization"
"GO:0048438"	"floral whorl development"
"GO:0010073"	"meristem maintenance"
"GO:0007389"	"pattern specification process"
"GO:0006419"	"alanyl-tRNA aminoacylation"
"GO:0048449"	"floral organ formation"
"GO:2000280"	"regulation of root development"
"GO:2000026"	"regulation of multicellular organismal development"
"GO:0048831"	"regulation of shoot system development"
"GO:1905393"	"plant organ formation"
"GO:0010698"	"acetyltransferase activator activity"
"GO:0046890"	"regulation of lipid biosynthetic process"
"GO:0042834"	"peptidoglycan binding"
"GO:0004674"	"protein serine/threonine kinase activity"
"GO:0019217"	"regulation of fatty acid metabolic process"
"GO:0045922"	"negative regulation of fatty acid metabolic process"
"GO:0071216"	"cellular response to biotic stimulus"
"GO:0052572"	"response to host immune response"
"GO:0010243"	"response to organonitrogen compound"
"GO:0005539"	"glycosaminoglycan binding"
"GO:0042304"	"regulation of fatty acid biosynthetic process"
"GO:0009847"	"spore germination"
"GO:0071219"	"cellular response to molecule of bacterial origin"
"GO:1901699"	"cellular response to nitrogen compound"
"GO:0052564"	"response to immune response of other organism involved in symbiotic interaction"
"GO:0004672"	"protein kinase activity"
"GO:0010565"	"regulation of cellular ketone metabolic process"
"GO:0051100"	"negative regulation of binding"
"GO:0071224"	"cellular response to peptidoglycan"
"GO:0045926"	"negative regulation of growth"
"GO:0032494"	"response to peptidoglycan"
"GO:0002237"	"response to molecule of bacterial origin"
"GO:0032091"	"negative regulation of protein binding"
"GO:0045967"	"negative regulation of growth rate"
"GO:0045833"	"negative regulation of lipid metabolic process"
"GO:0051055"	"negative regulation of lipid biosynthetic process"
"GO:0062014"	"negative regulation of small molecule metabolic process"
"GO:0040009"	"regulation of growth rate"
"GO:0052173"	"response to defenses of other organism involved in symbiotic interaction"
"GO:0051099"	"positive regulation of binding"
"GO:0004724"	"magnesium-dependent protein serine/threonine phosphatase activity"
"GO:0004722"	"protein serine/threonine phosphatase activity"
"GO:0006470"	"protein dephosphorylation"
"GO:0009383"	"rRNA (cytosine-C5-)-methyltransferase activity"
"GO:0150063"	"visual system development"
"GO:0015809"	"arginine transport"
"GO:0016742"	"hydroxymethyl-, formyl- and related transferase activity"
"GO:0019988"	"charged-tRNA amino acid modification"
"GO:0071951"	"conversion of methionyl-tRNA to N-formyl-methionyl-tRNA"
"GO:0004479"	"methionyl-tRNA formyltransferase activity"
"GO:0070394"	"lipoteichoic acid metabolic process"
"GO:0042120"	"alginic acid metabolic process"
"GO:0016878"	"acid-thiol ligase activity"
"GO:0010165"	"response to X-ray"
"GO:0004049"	"anthranilate synthase activity"
"GO:1990077"	"primosome complex"
"GO:0006269"	"DNA replication, synthesis of RNA primer"
"GO:0007605"	"sensory perception of sound"
"GO:0004163"	"diphosphomevalonate decarboxylase activity"
"GO:0004385"	"guanylate kinase activity"
"GO:0046710"	"GDP metabolic process"
"GO:1902023"	"L-arginine transport"
"GO:0097638"	"L-arginine import across plasma membrane"
"GO:0033293"	"monocarboxylic acid binding"
"GO:0005504"	"fatty acid binding"
"GO:0004044"	"amidophosphoribosyltransferase activity"
"GO:0008460"	"dTDP-glucose 4,6-dehydratase activity"
"GO:0035998"	"7,8-dihydroneopterin 3'-triphosphate biosynthetic process"
"GO:0000986"	"bacterial-type proximal promoter sequence-specific DNA binding"
"GO:0004644"	"phosphoribosylglycinamide formyltransferase activity"
"GO:0071271"	"1-butanol biosynthetic process"
"GO:0071270"	"1-butanol metabolic process"
"GO:0034257"	"nicotinamide riboside transmembrane transporter activity"
"GO:0034258"	"nicotinamide riboside transport"
"GO:0001727"	"lipid kinase activity"
"GO:0008236"	"serine-type peptidase activity"
"GO:0004637"	"phosphoribosylamine-glycine ligase activity"
"GO:0120159"	"rRNA pseudouridine synthase activity"
"GO:0034039"	"8-oxo-7,8-dihydroguanine DNA N-glycosylase activity"
"GO:0008534"	"oxidized purine nucleobase lesion DNA N-glycosylase activity"
"GO:1901568"	"fatty acid derivative metabolic process"
"GO:0051703"	"intraspecies interaction between organisms"
"GO:0000453"	"enzyme-directed rRNA 2'-O-methylation"
"GO:0008113"	"peptide-methionine (S)-S-oxide reductase activity"
"GO:0033744"	"L-methionine:thioredoxin-disulfide S-oxidoreductase activity"
"GO:0051060"	"pullulanase activity"
"GO:0034028"	"5-(carboxyamino)imidazole ribonucleotide synthase activity"
"GO:0019809"	"spermidine binding"
"GO:0035429"	"gluconate transmembrane transport"
"GO:0015128"	"gluconate transmembrane transporter activity"
"GO:0043102"	"amino acid salvage"
"GO:0046439"	"L-cysteine metabolic process"
"GO:0043768"	"S-ribosylhomocysteine lyase activity"
"GO:0009372"	"quorum sensing"
"GO:0019284"	"L-methionine salvage from S-adenosylmethionine"
"GO:0033353"	"S-adenosylmethionine cycle"
"GO:0071267"	"L-methionine salvage"
"GO:0046498"	"S-adenosylhomocysteine metabolic process"
"GO:0010699"	"cell-cell signaling involved in quorum sensing"
"GO:0008990"	"rRNA (guanine-N2-)-methyltransferase activity"
"GO:0019904"	"protein domain specific binding"
"GO:0035335"	"peptidyl-tyrosine dephosphorylation"
"GO:0009707"	"chloroplast outer membrane"
"GO:0043025"	"neuronal cell body"
"GO:0010311"	"lateral root formation"
"GO:0120039"	"plasma membrane bounded cell projection morphogenesis"
"GO:0048765"	"root hair cell differentiation"
"GO:0090558"	"plant epidermis development"
"GO:0010054"	"trichoblast differentiation"
"GO:0016307"	"phosphatidylinositol phosphate kinase activity"
"GO:0048588"	"developmental cell growth"
"GO:0009002"	"serine-type D-Ala-D-Ala carboxypeptidase activity"
"GO:0008955"	"peptidoglycan glycosyltransferase activity"
"GO:0008658"	"penicillin binding"
"GO:0001012"	"RNA polymerase II regulatory region DNA binding"
"GO:0004197"	"cysteine-type endopeptidase activity"
"GO:0008234"	"cysteine-type peptidase activity"
"GO:0006357"	"regulation of transcription by RNA polymerase II"
"GO:0000122"	"negative regulation of transcription by RNA polymerase II"
"GO:0008795"	"NAD+ synthase activity"
"GO:0006531"	"aspartate metabolic process"
"GO:0034355"	"NAD salvage"
"GO:0019365"	"pyridine nucleotide salvage"
"GO:0016880"	"acid-ammonia (or amide) ligase activity"
"GO:0003952"	"NAD+ synthase (glutamine-hydrolyzing) activity"
"GO:0004359"	"glutaminase activity"
"GO:0072529"	"pyrimidine-containing compound catabolic process"
"GO:0008976"	"polyphosphate kinase activity"
"GO:0006741"	"NADP biosynthetic process"
"GO:0009820"	"alkaloid metabolic process"
"GO:0075136"	"response to host"
"GO:0001666"	"response to hypoxia"
"GO:0004516"	"nicotinate phosphoribosyltransferase activity"
"GO:0004070"	"aspartate carbamoyltransferase activity"
"GO:0047280"	"nicotinamide phosphoribosyltransferase activity"
"GO:0042943"	"D-amino acid transmembrane transporter activity"
"GO:0042944"	"D-alanine transmembrane transporter activity"
"GO:0042942"	"D-serine transport"
"GO:0015816"	"glycine transport"
"GO:0032328"	"alanine transport"
"GO:0015173"	"aromatic amino acid transmembrane transporter activity"
"GO:0015187"	"glycine transmembrane transporter activity"
"GO:0001762"	"beta-alanine transport"
"GO:0042945"	"D-serine transmembrane transporter activity"
"GO:0022889"	"serine transmembrane transporter activity"
"GO:0042891"	"antibiotic transport"
"GO:0005326"	"neurotransmitter transporter activity"
"GO:0022858"	"alanine transmembrane transporter activity"
"GO:0015180"	"L-alanine transmembrane transporter activity"
"GO:0015801"	"aromatic amino acid transport"
"GO:0042895"	"antibiotic transmembrane transporter activity"
"GO:0015192"	"L-phenylalanine transmembrane transporter activity"
"GO:0015808"	"L-alanine transport"
"GO:0005302"	"L-tyrosine transmembrane transporter activity"
"GO:0015823"	"phenylalanine transport"
"GO:0015827"	"tryptophan transport"
"GO:0015196"	"L-tryptophan transmembrane transporter activity"
"GO:0042941"	"D-alanine transport"
"GO:0015238"	"drug transmembrane transporter activity"
"GO:0042940"	"D-amino acid transport"
"GO:0060699"	"regulation of endoribonuclease activity"
"GO:0008374"	"O-acyltransferase activity"
"GO:0016412"	"serine O-acyltransferase activity"
"GO:0005290"	"L-histidine transmembrane transporter activity"
"GO:1903810"	"L-histidine import across plasma membrane"
"GO:0045117"	"azole transport"
"GO:0005291"	"high-affinity L-histidine transmembrane transporter activity"
"GO:0005287"	"high-affinity basic amino acid transmembrane transporter activity"
"GO:0089709"	"L-histidine transmembrane transport"
"GO:0097640"	"L-ornithine import across plasma membrane"
"GO:1901474"	"azole transmembrane transporter activity"
"GO:0060700"	"regulation of ribonuclease activity"
"GO:0030371"	"translation repressor activity"
"GO:0097617"	"annealing activity"
"GO:0010501"	"RNA secondary structure unwinding"
"GO:0003724"	"RNA helicase activity"
"GO:0031400"	"negative regulation of protein modification process"
"GO:0004004"	"ATP-dependent RNA helicase activity"
"GO:0033592"	"RNA strand annealing activity"
"GO:0004764"	"shikimate 3-dehydrogenase (NADP+) activity"
"GO:0003979"	"UDP-glucose 6-dehydrogenase activity"
"GO:0046377"	"colanic acid metabolic process"
"GO:0006065"	"UDP-glucuronate biosynthetic process"
"GO:0016423"	"tRNA (guanine) methyltransferase activity"
"GO:0005047"	"signal recognition particle binding"
"GO:0009019"	"tRNA (guanine-N1-)-methyltransferase activity"
"GO:0071578"	"zinc ion import across plasma membrane"
"GO:0072509"	"divalent inorganic cation transmembrane transporter activity"
"GO:0000006"	"high-affinity zinc transmembrane transporter activity"
"GO:0006560"	"proline metabolic process"
"GO:0055129"	"L-proline biosynthetic process"
"GO:0004350"	"glutamate-5-semialdehyde dehydrogenase activity"
"GO:0019042"	"viral latency"
"GO:0015940"	"pantothenate biosynthetic process"
"GO:0015939"	"pantothenate metabolic process"
"GO:0008677"	"2-dehydropantoate 2-reductase activity"
"GO:0010675"	"regulation of cellular carbohydrate metabolic process"
"GO:0010212"	"response to ionizing radiation"
"GO:0019202"	"amino acid kinase activity"
"GO:0004349"	"glutamate 5-kinase activity"
"GO:0003954"	"NADH dehydrogenase activity"
"GO:0043393"	"regulation of protein binding"
"GO:0046116"	"queuosine metabolic process"
"GO:0016437"	"tRNA cytidylyltransferase activity"
"GO:0005372"	"water transmembrane transporter activity"
"GO:0003014"	"renal system process"
"GO:0015840"	"urea transport"
"GO:0050891"	"multicellular organismal water homeostasis"
"GO:0042044"	"fluid transport"
"GO:0071453"	"cellular response to oxygen levels"
"GO:0003091"	"renal water homeostasis"
"GO:0015791"	"polyol transport"
"GO:0019755"	"one-carbon compound transport"
"GO:0006863"	"purine nucleobase transport"
"GO:0015166"	"polyol transmembrane transporter activity"
"GO:0048871"	"multicellular organismal homeostasis"
"GO:0030104"	"water homeostasis"
"GO:0036294"	"cellular response to decreased oxygen levels"
"GO:0050878"	"regulation of body fluid levels"
"GO:0006833"	"water transport"
"GO:0052646"	"alditol phosphate metabolic process"
"GO:0071450"	"cellular response to oxygen radical"
"GO:0019859"	"thymine metabolic process"
"GO:0009331"	"glycerol-3-phosphate dehydrogenase complex"
"GO:0015234"	"thiamine transmembrane transporter activity"
"GO:0071934"	"thiamine transmembrane transport"
"GO:0016998"	"cell wall macromolecule catabolic process"
"GO:0009253"	"peptidoglycan catabolic process"
"GO:0006072"	"glycerol-3-phosphate metabolic process"
"GO:0003016"	"respiratory system process"
"GO:0043576"	"regulation of respiratory gaseous exchange"
"GO:0004631"	"phosphomevalonate kinase activity"
"GO:0006271"	"DNA strand elongation involved in DNA replication"
"GO:0006426"	"glycyl-tRNA aminoacylation"
"GO:0004820"	"glycine-tRNA ligase activity"
"GO:0010339"	"external side of cell wall"
"GO:0004671"	"protein C-terminal S-isoprenylcysteine carboxyl O-methyltransferase activity"
"GO:0050707"	"regulation of cytokine secretion"
"GO:0051596"	"methylglyoxal catabolic process"
"GO:0032104"	"regulation of response to extracellular stimulus"
"GO:0004303"	"estradiol 17-beta-dehydrogenase activity"
"GO:0031152"	"aggregation involved in sorocarp development"
"GO:0042732"	"D-xylose metabolic process"
"GO:0030587"	"sorocarp development"
"GO:0050686"	"negative regulation of mRNA processing"
"GO:0019571"	"D-arabinose catabolic process"
"GO:0033119"	"negative regulation of RNA splicing"
"GO:0070542"	"response to fatty acid"
"GO:0043434"	"response to peptide hormone"
"GO:0004421"	"hydroxymethylglutaryl-CoA synthase activity"
"GO:0004799"	"thymidylate synthase activity"
"GO:0047419"	"N-acetylgalactosamine-6-phosphate deacetylase activity"
"GO:0008448"	"N-acetylglucosamine-6-phosphate deacetylase activity"
"GO:0030320"	"cellular monovalent inorganic anion homeostasis"
"GO:1901684"	"arsenate ion transmembrane transport"
"GO:0015630"	"microtubule cytoskeleton"
"GO:0034762"	"regulation of transmembrane transport"
"GO:0006545"	"glycine biosynthetic process"
"GO:0000731"	"DNA synthesis involved in DNA repair"
"GO:0071107"	"response to parathyroid hormone"
"GO:0031526"	"brush border membrane"
"GO:0005903"	"brush border"
"GO:0072733"	"response to staurosporine"
"GO:0030165"	"PDZ domain binding"
"GO:0001655"	"urogenital system development"
"GO:0050308"	"sugar-phosphatase activity"
"GO:0015081"	"sodium ion transmembrane transporter activity"
"GO:1901128"	"gentamycin metabolic process"
"GO:0055083"	"monovalent inorganic anion homeostasis"
"GO:0097187"	"dentinogenesis"
"GO:0045838"	"positive regulation of membrane potential"
"GO:0071374"	"cellular response to parathyroid hormone stimulus"
"GO:0016323"	"basolateral plasma membrane"
"GO:0042475"	"odontogenesis of dentin-containing tooth"
"GO:0030647"	"aminoglycoside antibiotic metabolic process"
"GO:0060416"	"response to growth hormone"
"GO:0016793"	"triphosphoric monoester hydrolase activity"
"GO:0044341"	"sodium-dependent phosphate transport"
"GO:0098589"	"membrane region"
"GO:1903795"	"regulation of inorganic anion transmembrane transport"
"GO:0072734"	"cellular response to staurosporine"
"GO:1903797"	"positive regulation of inorganic anion transmembrane transport"
"GO:0031420"	"alkali metal ion binding"
"GO:0016446"	"somatic hypermutation of immunoglobulin genes"
"GO:0060339"	"negative regulation of type I interferon-mediated signaling pathway"
"GO:1902776"	"6-sulfoquinovose(1-) metabolic process"
"GO:0061720"	"6-sulfoquinovose(1-) catabolic process to glycerone phosphate and 3-sulfolactaldehyde"
"GO:0009615"	"response to virus"
"GO:0009204"	"deoxyribonucleoside triphosphate catabolic process"
"GO:0002683"	"negative regulation of immune system process"
"GO:2000107"	"negative regulation of leukocyte apoptotic process"
"GO:0070227"	"lymphocyte apoptotic process"
"GO:0030217"	"T cell differentiation"
"GO:0002821"	"positive regulation of adaptive immune response"
"GO:0002709"	"regulation of T cell mediated immunity"
"GO:0045739"	"positive regulation of DNA repair"
"GO:0002684"	"positive regulation of immune system process"
"GO:1902107"	"positive regulation of leukocyte differentiation"
"GO:0043066"	"negative regulation of apoptotic process"
"GO:0005789"	"endoplasmic reticulum membrane"
"GO:1904680"	"peptide transmembrane transporter activity"
"GO:0051205"	"protein insertion into membrane"
"GO:0015662"	"ATPase activity, coupled to transmembrane movement of ions, phosphorylative mechanism"
"GO:0042175"	"nuclear outer membrane-endoplasmic reticulum membrane network"
"GO:0016529"	"sarcoplasmic reticulum"
"GO:0071421"	"manganese ion transmembrane transport"
"GO:0002819"	"regulation of adaptive immune response"
"GO:0002263"	"cell activation involved in immune response"
"GO:0072526"	"pyridine-containing compound catabolic process"
"GO:1990637"	"response to prolactin"
"GO:0009712"	"catechol-containing compound metabolic process"
"GO:0051591"	"response to cAMP"
"GO:0048511"	"rhythmic process"
"GO:0005923"	"bicellular tight junction"
"GO:0030136"	"clathrin-coated vesicle"
"GO:0030140"	"trans-Golgi network transport vesicle"
"GO:0030133"	"transport vesicle"
"GO:0006959"	"humoral immune response"
"GO:0007623"	"circadian rhythm"
"GO:0005295"	"neutral amino acid:sodium symporter activity"
"GO:0005310"	"dicarboxylic acid transmembrane transporter activity"
"GO:0006825"	"copper ion transport"
"GO:0043296"	"apical junction complex"
"GO:0015826"	"threonine transport"
"GO:0006161"	"deoxyguanosine catabolic process"
"GO:0046637"	"regulation of alpha-beta T cell differentiation"
"GO:0046085"	"adenosine metabolic process"
"GO:0030426"	"growth cone"
"GO:0019867"	"outer membrane"
"GO:1905392"	"plant organ morphogenesis"
"GO:0006148"	"inosine catabolic process"
"GO:1903228"	"xanthosine catabolic process"
"GO:0070970"	"interleukin-2 secretion"
"GO:0007005"	"mitochondrion organization"
"GO:0070233"	"negative regulation of T cell apoptotic process"
"GO:0031983"	"vesicle lumen"
"GO:0002699"	"positive regulation of immune effector process"
"GO:0045577"	"regulation of B cell differentiation"
"GO:0070663"	"regulation of leukocyte proliferation"
"GO:0046651"	"lymphocyte proliferation"
"GO:0001913"	"T cell mediated cytotoxicity"
"GO:0043682"	"copper-transporting ATPase activity"
"GO:0005375"	"copper ion transmembrane transporter activity"
"GO:0071287"	"cellular response to manganese ion"
"GO:0060548"	"negative regulation of cell death"
"GO:0002703"	"regulation of leukocyte mediated immunity"
"GO:0034214"	"protein hexamerization"
"GO:0045580"	"regulation of T cell differentiation"
"GO:0001125"	"transcription termination from bacterial-type RNA polymerase promoter"
"GO:0001121"	"bacterial transcription"
"GO:0004415"	"hyalurononglucosaminidase activity"
"GO:0045227"	"capsule polysaccharide biosynthetic process"
"GO:0098003"	"viral tail assembly"
"GO:0098015"	"virus tail"
"GO:0004549"	"tRNA-specific ribonuclease activity"
"GO:0006306"	"DNA methylation"
"GO:0032048"	"cardiolipin metabolic process"
"GO:0032049"	"cardiolipin biosynthetic process"
"GO:0071577"	"zinc ion transmembrane transport"
"GO:0005385"	"zinc ion transmembrane transporter activity"
"GO:0098659"	"inorganic cation import across plasma membrane"
"GO:0003918"	"DNA topoisomerase type II (ATP-hydrolyzing) activity"
"GO:0061505"	"DNA topoisomerase II activity"
"GO:0016410"	"N-acyltransferase activity"
"GO:0008932"	"lytic endotransglycosylase activity"
"GO:0047627"	"adenylylsulfatase activity"
"GO:0034357"	"photosynthetic membrane"
"GO:0065002"	"intracellular protein transmembrane transport"
"GO:0098813"	"nuclear chromosome segregation"
"GO:0000070"	"mitotic sister chromatid segregation"
"GO:0031414"	"N-terminal protein acetyltransferase complex"
"GO:0000280"	"nuclear division"
"GO:0018394"	"peptidyl-lysine acetylation"
"GO:0031415"	"NatA complex"
"GO:1902493"	"acetyltransferase complex"
"GO:0006473"	"protein acetylation"
"GO:0070525"	"tRNA threonylcarbamoyladenosine metabolic process"
"GO:0002949"	"tRNA threonylcarbamoyladenosine modification"
"GO:0043531"	"ADP binding"
"GO:0009098"	"leucine biosynthetic process"
"GO:0009097"	"isoleucine biosynthetic process"
"GO:0052654"	"L-leucine transaminase activity"
"GO:0009182"	"purine deoxyribonucleoside diphosphate metabolic process"
"GO:0018272"	"protein-pyridoxal-5-phosphate linkage via peptidyl-N6-pyridoxal phosphate-L-lysine"
"GO:0016143"	"S-glycoside metabolic process"
"GO:0004084"	"branched-chain-amino-acid transaminase activity"
"GO:0010326"	"methionine-oxo-acid transaminase activity"
"GO:0015149"	"hexose transmembrane transporter activity"
"GO:0004364"	"glutathione transferase activity"
"GO:0009651"	"response to salt stress"
"GO:1904659"	"glucose transmembrane transport"
"GO:0098708"	"glucose import across plasma membrane"
"GO:0097056"	"selenocysteinyl-tRNA(Sec) biosynthetic process"
"GO:0000935"	"division septum"
"GO:0051258"	"protein polymerization"
"GO:0000917"	"division septum assembly"
"GO:0016259"	"selenocysteine metabolic process"
"GO:0016421"	"CoA carboxylase activity"
"GO:2001295"	"malonyl-CoA biosynthetic process"
"GO:2001293"	"malonyl-CoA metabolic process"
"GO:0016885"	"ligase activity, forming carbon-carbon bonds"
"GO:0003989"	"acetyl-CoA carboxylase activity"
"GO:0009317"	"acetyl-CoA carboxylase complex"
"GO:0036506"	"maintenance of unfolded protein"
"GO:0042026"	"protein refolding"
"GO:0009289"	"pilus"
"GO:0052666"	"tRNA (cytosine-2'-O-)-methyltransferase activity"
"GO:0016427"	"tRNA (cytosine) methyltransferase activity"
"GO:0006635"	"fatty acid beta-oxidation"
"GO:0003988"	"acetyl-CoA C-acyltransferase activity"
"GO:0045717"	"negative regulation of fatty acid biosynthetic process"
"GO:0006168"	"adenine salvage"
"GO:0043096"	"purine nucleobase salvage"
"GO:0104004"	"cellular response to environmental stimulus"
"GO:0071482"	"cellular response to light stimulus"
"GO:0004658"	"propionyl-CoA carboxylase activity"
"GO:0050897"	"cobalt ion binding"
"GO:0004075"	"biotin carboxylase activity"
"GO:0009081"	"branched-chain amino acid metabolic process"
"GO:0006552"	"leucine catabolic process"
"GO:0009247"	"glycolipid biosynthetic process"
"GO:0016638"	"oxidoreductase activity, acting on the CH-NH2 group of donors"
"GO:0070129"	"regulation of mitochondrial translation"
"GO:0034335"	"DNA supercoiling activity"
"GO:0008879"	"glucose-1-phosphate thymidylyltransferase activity"
"GO:0102131"	"3-oxo-glutaryl-[acp] methyl ester reductase activity"
"GO:0004316"	"3-oxoacyl-[acyl-carrier-protein] reductase (NADPH) activity"
"GO:0015343"	"siderophore transmembrane transporter activity"
"GO:0047482"	"UDP-N-acetylmuramoyl-L-alanyl-D-glutamate-L-lysine ligase activity"
"GO:0051051"	"negative regulation of transport"
"GO:0050926"	"regulation of positive chemotaxis"
"GO:0004314"	"[acyl-carrier-protein] S-malonyltransferase activity"
"GO:0016420"	"malonyltransferase activity"
"GO:0016419"	"S-malonyltransferase activity"
"GO:0016417"	"S-acyltransferase activity"
"GO:0018580"	"nitronate monooxygenase activity"
"GO:0072341"	"modified amino acid binding"
"GO:0044620"	"ACP phosphopantetheine attachment site binding"
"GO:0009312"	"oligosaccharide biosynthetic process"
"GO:0032262"	"pyrimidine nucleotide salvage"
"GO:0051192"	"prosthetic group binding"
"GO:0031177"	"phosphopantetheine binding"
"GO:0000036"	"acyl carrier activity"
"GO:0000035"	"acyl binding"
"GO:0033818"	"beta-ketoacyl-acyl-carrier-protein synthase III activity"
"GO:0004315"	"3-oxoacyl-[acyl-carrier-protein] synthase activity"
"GO:0003909"	"DNA ligase activity"
"GO:0016886"	"ligase activity, forming phosphoric ester bonds"
"GO:0003911"	"DNA ligase (NAD+) activity"
"GO:0006266"	"DNA ligation"
"GO:0010921"	"regulation of phosphatase activity"
"GO:0006636"	"unsaturated fatty acid biosynthetic process"
"GO:0004300"	"enoyl-CoA hydratase activity"
"GO:0034017"	"trans-2-decenoyl-acyl-carrier-protein isomerase activity"
"GO:0051084"	"'de novo' posttranslational protein folding"
"GO:0006458"	"'de novo' protein folding"
"GO:0051085"	"chaperone cofactor-dependent protein refolding"
"GO:0061077"	"chaperone-mediated protein folding"
"GO:0098630"	"aggregation of unicellular organisms"
"GO:0098743"	"cell aggregation"
"GO:0000774"	"adenyl-nucleotide exchange factor activity"
"GO:0051087"	"chaperone binding"
"GO:0036456"	"L-methionine-(S)-S-oxide reductase activity"
"GO:0050567"	"glutaminyl-tRNA synthase (glutamine-hydrolyzing) activity"
"GO:0070681"	"glutaminyl-tRNAGln biosynthesis via transamidation"
"GO:0030956"	"glutamyl-tRNA(Gln) amidotransferase complex"
"GO:0030682"	"evasion or tolerance of host defense response"
"GO:0020012"	"evasion or tolerance of host immune response"
"GO:0010204"	"defense response signaling pathway, resistance gene-independent"
"GO:0042743"	"hydrogen peroxide metabolic process"
"GO:0006523"	"alanine biosynthetic process"
"GO:0042852"	"L-alanine biosynthetic process"
"GO:0047635"	"alanine-oxo-acid transaminase activity"
"GO:0030632"	"D-alanine biosynthetic process"
"GO:0006522"	"alanine metabolic process"
"GO:0020037"	"heme binding"
"GO:0046906"	"tetrapyrrole binding"
"GO:0009379"	"Holliday junction helicase complex"
"GO:0035460"	"L-ascorbate 6-phosphate lactonase activity"
"GO:0015418"	"quaternary-ammonium-compound-transporting ATPase activity"
"GO:0038023"	"signaling receptor activity"
"GO:0015685"	"ferric-enterobactin transport"
"GO:0015891"	"siderophore transport"
"GO:0042930"	"enterobactin transport"
"GO:0006826"	"iron ion transport"
"GO:0033212"	"iron assimilation"
"GO:0015620"	"ferric-enterobactin transmembrane transporter activity"
"GO:1901678"	"iron coordination entity transport"
"GO:0006879"	"cellular iron ion homeostasis"
"GO:0015603"	"iron chelate transmembrane transporter activity"
"GO:0015886"	"heme transport"
"GO:0007416"	"synapse assembly"
"GO:0099240"	"intrinsic component of synaptic membrane"
"GO:0099572"	"postsynaptic specialization"
"GO:0098936"	"intrinsic component of postsynaptic membrane"
"GO:0045211"	"postsynaptic membrane"
"GO:0097060"	"synaptic membrane"
"GO:0007187"	"G protein-coupled receptor signaling pathway, coupled to cyclic nucleotide second messenger"
"GO:0099060"	"integral component of postsynaptic specialization membrane"
"GO:0099055"	"integral component of postsynaptic membrane"
"GO:0046729"	"viral procapsid"
"GO:0008784"	"alanine racemase activity"
"GO:0046436"	"D-alanine metabolic process"
"GO:0009079"	"pyruvate family amino acid biosynthetic process"
"GO:0046145"	"D-alanine family amino acid biosynthetic process"
"GO:0016855"	"racemase and epimerase activity, acting on amino acids and derivatives"
"GO:0071300"	"cellular response to retinoic acid"
"GO:0048407"	"platelet-derived growth factor binding"
"GO:0002063"	"chondrocyte development"
"GO:0007179"	"transforming growth factor beta receptor signaling pathway"
"GO:0071867"	"response to monoamine"
"GO:0071873"	"response to norepinephrine"
"GO:0043589"	"skin morphogenesis"
"GO:0043588"	"skin development"
"GO:0005583"	"fibrillar collagen trimer"
"GO:0005584"	"collagen type I trimer"
"GO:0072358"	"cardiovascular system development"
"GO:0007167"	"enzyme linked receptor protein signaling pathway"
"GO:0071869"	"response to catecholamine"
"GO:0071229"	"cellular response to acid chemical"
"GO:0005201"	"extracellular matrix structural constituent"
"GO:0002062"	"chondrocyte differentiation"
"GO:0050954"	"sensory perception of mechanical stimulus"
"GO:0071559"	"response to transforming growth factor beta"
"GO:0015462"	"ATPase-coupled protein transmembrane transporter activity"
"GO:0015440"	"peptide-transporting ATPase activity"
"GO:0051119"	"sugar transmembrane transporter activity"
"GO:0004122"	"cystathionine beta-synthase activity"
"GO:0034628"	"'de novo' NAD biosynthetic process from aspartate"
"GO:0008865"	"fructokinase activity"
"GO:0033925"	"mannosyl-glycoprotein endo-beta-N-acetylglucosaminidase activity"
"GO:0008479"	"queuine tRNA-ribosyltransferase activity"
"GO:0102500"	"beta-maltose 4-alpha-glucanotransferase activity"
"GO:0005977"	"glycogen metabolic process"
"GO:0003755"	"peptidyl-prolyl cis-trans isomerase activity"
"GO:0048466"	"androecium development"
"GO:0042393"	"histone binding"
"GO:0010082"	"regulation of root meristem growth"
"GO:0048443"	"stamen development"
"GO:0016571"	"histone methylation"
"GO:0010305"	"leaf vascular tissue pattern formation"
"GO:0048444"	"floral organ morphogenesis"
"GO:0010075"	"regulation of meristem growth"
"GO:0006434"	"seryl-tRNA aminoacylation"
"GO:0052718"	"tRNA-specific adenosine-34 deaminase complex"
"GO:0031674"	"I band"
"GO:0007517"	"muscle organ development"
"GO:0004132"	"dCMP deaminase activity"
"GO:0102009"	"proline dipeptidase activity"
"GO:0009380"	"excinuclease repair complex"
"GO:1905347"	"endodeoxyribonuclease complex"
"GO:1990391"	"DNA repair complex"
"GO:0009381"	"excinuclease ABC activity"
"GO:0051345"	"positive regulation of hydrolase activity"
"GO:0006586"	"indolalkylamine metabolic process"
"GO:0080007"	"S-nitrosoglutathione reductase activity"
"GO:0006662"	"glycerol ether metabolic process"
"GO:0004185"	"serine-type carboxypeptidase activity"
"GO:0046901"	"tetrahydrofolylpolyglutamate biosynthetic process"
"GO:0006729"	"tetrahydrobiopterin biosynthetic process"
"GO:0051066"	"dihydrobiopterin metabolic process"
"GO:0003933"	"GTP cyclohydrolase activity"
"GO:0034312"	"diol biosynthetic process"
"GO:0016825"	"hydrolase activity, acting on acid phosphorus-nitrogen bonds"
"GO:0016485"	"protein processing"
"GO:0006465"	"signal peptide processing"
"GO:0043139"	"5'-3' DNA helicase activity"
"GO:0042276"	"error-prone translesion synthesis"
"GO:0044451"	"nucleoplasm part"
"GO:0019985"	"translesion synthesis"
"GO:0035770"	"ribonucleoprotein granule"
"GO:0036464"	"cytoplasmic ribonucleoprotein granule"
"GO:0006301"	"postreplication repair"
"GO:0044428"	"nuclear part"
"GO:0016607"	"nuclear speck"
"GO:0008861"	"formate C-acetyltransferase activity"
"GO:0006567"	"threonine catabolic process"
"GO:0033559"	"unsaturated fatty acid metabolic process"
"GO:0015969"	"guanosine tetraphosphate metabolic process"
"GO:0003848"	"2-amino-4-hydroxy-6-hydroxymethyldihydropteridine diphosphokinase activity"
"GO:0008239"	"dipeptidyl-peptidase activity"
"GO:0015594"	"putrescine-importing ATPase activity"
"GO:0015489"	"putrescine transmembrane transporter activity"
"GO:0044654"	"starch alpha-glucosidase activity"
"GO:0044653"	"dextrin alpha-glucosidase activity"
"GO:0032450"	"maltose alpha-glucosidase activity"
"GO:0001894"	"tissue homeostasis"
"GO:0015506"	"nucleoside:proton symporter activity"
"GO:0015389"	"pyrimidine- and adenine-specific:sodium symporter activity"
"GO:0005415"	"nucleoside:sodium symporter activity"
"GO:0015862"	"uridine transport"
"GO:0015860"	"purine nucleoside transmembrane transport"
"GO:0015931"	"nucleobase-containing compound transport"
"GO:1901642"	"nucleoside transmembrane transport"
"GO:0015214"	"pyrimidine nucleoside transmembrane transporter activity"
"GO:0015858"	"nucleoside transport"
"GO:0072530"	"purine-containing compound transmembrane transport"
"GO:0015861"	"cytidine transport"
"GO:0060249"	"anatomical structure homeostasis"
"GO:0004473"	"malate dehydrogenase (decarboxylating) (NADP+) activity"
"GO:0004471"	"malate dehydrogenase (decarboxylating) (NAD+) activity"
"GO:0042723"	"thiamine-containing compound metabolic process"
"GO:0034227"	"tRNA thio-modification"
"GO:0050009"	"isopropanol dehydrogenase (NADP+) activity"
"GO:0061711"	"N(6)-L-threonylcarbamoyladenine synthase activity"
"GO:0000408"	"EKC/KEOPS complex"
"GO:0000978"	"RNA polymerase II proximal promoter sequence-specific DNA binding"
"GO:0000977"	"RNA polymerase II regulatory region sequence-specific DNA binding"
"GO:0140030"	"modification-dependent protein binding"
"GO:0140032"	"glycosylation-dependent protein binding"
"GO:0007062"	"sister chromatid cohesion"
"GO:0043543"	"protein acylation"
"GO:0000819"	"sister chromatid segregation"
"GO:0006475"	"internal protein amino acid acetylation"
"GO:0006474"	"N-terminal protein amino acid acetylation"
"GO:0051775"	"response to redox state"
"GO:0004596"	"peptide alpha-N-acetyltransferase activity"
"GO:0018393"	"internal peptidyl-lysine acetylation"
"GO:0043686"	"co-translational protein modification"
"GO:0018206"	"peptidyl-methionine modification"
"GO:0031124"	"mRNA 3'-end processing"
"GO:0016211"	"ammonia ligase activity"
"GO:0006769"	"nicotinamide metabolic process"
"GO:0090295"	"nitrogen catabolite repression of transcription"
"GO:0006542"	"glutamine biosynthetic process"
"GO:0043392"	"negative regulation of DNA binding"
"GO:0009310"	"amine catabolic process"
"GO:0043562"	"cellular response to nitrogen levels"
"GO:0006598"	"polyamine catabolic process"
"GO:0004356"	"glutamate-ammonia ligase activity"
"GO:0006595"	"polyamine metabolic process"
"GO:0006808"	"regulation of nitrogen utilization"
"GO:0042402"	"cellular biogenic amine catabolic process"
"GO:0031670"	"cellular response to nutrient"
"GO:0090293"	"nitrogen catabolite regulation of transcription"
"GO:0001047"	"core promoter binding"
"GO:0019740"	"nitrogen utilization"
"GO:0015828"	"tyrosine transport"
"GO:0090294"	"nitrogen catabolite activation of transcription"
"GO:0019413"	"acetate biosynthetic process"
"GO:0008272"	"sulfate transport"
"GO:0001761"	"beta-alanine transmembrane transporter activity"
"GO:0005844"	"polysome"
"GO:0009001"	"serine O-acetyltransferase activity"
"GO:1903352"	"L-ornithine transmembrane transport"
"GO:1903400"	"L-arginine transmembrane transport"
"GO:0010755"	"regulation of plasminogen activation"
"GO:0061045"	"negative regulation of wound healing"
"GO:0043532"	"angiostatin binding"
"GO:0030193"	"regulation of blood coagulation"
"GO:0070613"	"regulation of protein processing"
"GO:1900047"	"negative regulation of hemostasis"
"GO:1903034"	"regulation of response to wounding"
"GO:0002020"	"protease binding"
"GO:0004618"	"phosphoglycerate kinase activity"
"GO:1904823"	"purine nucleobase transmembrane transport"
"GO:0042907"	"xanthine transmembrane transporter activity"
"GO:0015747"	"urate transport"
"GO:0004332"	"fructose-bisphosphate aldolase activity"
"GO:0030388"	"fructose 1,6-bisphosphate metabolic process"
"GO:0071424"	"rRNA (cytosine-N4-)-methyltransferase activity"
"GO:0018208"	"peptidyl-proline modification"
"GO:0022836"	"gated channel activity"
"GO:0004372"	"glycine hydroxymethyltransferase activity"
"GO:0042133"	"neurotransmitter metabolic process"
"GO:0015562"	"efflux transmembrane transporter activity"
"GO:0004457"	"lactate dehydrogenase activity"
"GO:0004368"	"glycerol-3-phosphate dehydrogenase (quinone) activity"
"GO:0004369"	"glycerol-3-phosphate oxidase activity"
"GO:0016901"	"oxidoreductase activity, acting on the CH-OH group of donors, quinone or similar compound as acceptor"
"GO:0022869"	"protein-N(PI)-phosphohistidine-lactose phosphotransferase system transporter activity"
"GO:0015767"	"lactose transport"
"GO:0004370"	"glycerol kinase activity"
"GO:0033920"	"6-phospho-beta-galactosidase activity"
"GO:0004814"	"arginine-tRNA ligase activity"
"GO:0036455"	"iron-sulfur transferase activity"
"GO:0051537"	"2 iron, 2 sulfur cluster binding"
"GO:0008198"	"ferrous iron binding"
"GO:0016226"	"iron-sulfur cluster assembly"
"GO:0006420"	"arginyl-tRNA aminoacylation"
"GO:0031071"	"cysteine desulfurase activity"
"GO:0016783"	"sulfurtransferase activity"
"GO:0043137"	"DNA replication, removal of RNA primer"
"GO:0009007"	"site-specific DNA-methyltransferase (adenine-specific) activity"
"GO:0032775"	"DNA methylation on adenine"
"GO:0009035"	"type I site-specific deoxyribonuclease activity"
"GO:0008887"	"glycerate kinase activity"
"GO:0031388"	"organic acid phosphorylation"
"GO:0019577"	"aldaric acid metabolic process"
"GO:0031163"	"metallo-sulfur cluster assembly"
"GO:0006481"	"C-terminal protein methylation"
"GO:0061458"	"reproductive system development"
"GO:1990229"	"iron-sulfur cluster assembly complex"
"GO:0010154"	"fruit development"
"GO:0016780"	"phosphotransferase activity, for other substituted phosphate groups"
"GO:2000142"	"regulation of DNA-templated transcription, initiation"
"GO:0006352"	"DNA-templated transcription, initiation"
"GO:0030674"	"protein binding, bridging"
"GO:0098857"	"membrane microdomain"
"GO:0072501"	"cellular divalent inorganic anion homeostasis"
"GO:0072001"	"renal system development"
"GO:0045121"	"membrane raft"
"GO:0005436"	"sodium:phosphate symporter activity"
"GO:2000118"	"regulation of sodium-dependent phosphate transport"
"GO:0016137"	"glycoside metabolic process"
"GO:0046849"	"bone remodeling"
"GO:0055062"	"phosphate ion homeostasis"
"GO:2000120"	"positive regulation of sodium-dependent phosphate transport"
"GO:0030002"	"cellular anion homeostasis"
"GO:0034767"	"positive regulation of ion transmembrane transport"
"GO:0035725"	"sodium ion transmembrane transport"
"GO:0098719"	"sodium ion import across plasma membrane"
"GO:0031402"	"sodium ion binding"
"GO:0034765"	"regulation of ion transmembrane transport"
"GO:0010966"	"regulation of phosphate transport"
"GO:2000187"	"positive regulation of phosphate transmembrane transport"
"GO:0043279"	"response to alkaloid"
"GO:1903826"	"arginine transmembrane transport"
"GO:0072686"	"mitotic spindle"
"GO:0048524"	"positive regulation of viral process"
"GO:0052126"	"movement in host environment"
"GO:1902188"	"positive regulation of viral release from host cell"
"GO:0004736"	"pyruvate carboxylase activity"
"GO:0045834"	"positive regulation of lipid metabolic process"
"GO:0019076"	"viral release from host cell"
"GO:1903900"	"regulation of viral life cycle"
"GO:1903727"	"positive regulation of phospholipid metabolic process"
"GO:1903902"	"positive regulation of viral life cycle"
"GO:0044794"	"positive regulation by host of viral process"
"GO:0071071"	"regulation of phospholipid biosynthetic process"
"GO:0044788"	"modulation by host of viral process"
"GO:0046889"	"positive regulation of lipid biosynthetic process"
"GO:0044789"	"modulation by host of viral release from host cell"
"GO:0050792"	"regulation of viral process"
"GO:0044791"	"positive regulation by host of viral release from host cell"
"GO:0045937"	"positive regulation of phosphate metabolic process"
"GO:0019074"	"viral RNA genome packaging"
"GO:0071073"	"positive regulation of phospholipid biosynthetic process"
"GO:0035890"	"exit from host"
"GO:0052192"	"movement in environment of other organism involved in symbiotic interaction"
"GO:0040017"	"positive regulation of locomotion"
"GO:0035891"	"exit from host cell"
"GO:0038024"	"cargo receptor activity"
"GO:0010562"	"positive regulation of phosphorus metabolic process"
"GO:0043903"	"regulation of symbiosis, encompassing mutualism through parasitism"
"GO:0046917"	"triphosphoribosyl-dephospho-CoA synthase activity"
"GO:0015137"	"citrate transmembrane transporter activity"
"GO:0015746"	"citrate transport"
"GO:0006551"	"leucine metabolic process"
"GO:0046115"	"guanosine catabolic process"
"GO:0001916"	"positive regulation of T cell mediated cytotoxicity"
"GO:0070228"	"regulation of lymphocyte apoptotic process"
"GO:0046094"	"deoxyinosine metabolic process"
"GO:0047975"	"guanosine phosphorylase activity"
"GO:2000106"	"regulation of leukocyte apoptotic process"
"GO:0008477"	"purine nucleosidase activity"
"GO:0050871"	"positive regulation of B cell activation"
"GO:0015410"	"manganese-transporting ATPase activity"
"GO:0055074"	"calcium ion homeostasis"
"GO:0000139"	"Golgi membrane"
"GO:0005388"	"calcium-transporting ATPase activity"
"GO:0006936"	"muscle contraction"
"GO:0005384"	"manganese ion transmembrane transporter activity"
"GO:0005783"	"endoplasmic reticulum"
"GO:0006816"	"calcium ion transport"
"GO:0055071"	"manganese ion homeostasis"
"GO:0015086"	"cadmium ion transmembrane transporter activity"
"GO:0046497"	"nicotinate nucleotide metabolic process"
"GO:0010332"	"response to gamma radiation"
"GO:0034356"	"NAD biosynthesis via nicotinamide riboside salvage pathway"
"GO:0030098"	"lymphocyte differentiation"
"GO:0045621"	"positive regulation of lymphocyte differentiation"
"GO:0030666"	"endocytic vesicle membrane"
"GO:0015820"	"leucine transport"
"GO:0015190"	"L-leucine transmembrane transporter activity"
"GO:1903785"	"L-valine transmembrane transport"
"GO:1903136"	"cuprous ion binding"
"GO:0071280"	"cellular response to copper ion"
"GO:0019730"	"antimicrobial humoral response"
"GO:0015680"	"protein maturation by copper ion transfer"
"GO:0031984"	"organelle subcompartment"
"GO:0006738"	"nicotinamide riboside catabolic process"
"GO:0018958"	"phenol-containing compound metabolic process"
"GO:0010042"	"response to manganese ion"
"GO:0051353"	"positive regulation of oxidoreductase activity"
"GO:0032767"	"copper-dependent protein binding"
"GO:0006584"	"catecholamine metabolic process"
"GO:0070160"	"tight junction"
"GO:0051341"	"regulation of oxidoreductase activity"
"GO:0005343"	"organic acid:sodium symporter activity"
"GO:0098791"	"Golgi subcompartment"
"GO:0045982"	"negative regulation of purine nucleobase metabolic process"
"GO:0031125"	"rRNA 3'-end processing"
"GO:0004788"	"thiamine diphosphokinase activity"
"GO:0030975"	"thiamine binding"
"GO:0009052"	"pentose-phosphate shunt, non-oxidative branch"
"GO:0009535"	"chloroplast thylakoid membrane"
"GO:0031976"	"plastid thylakoid"
"GO:0055035"	"plastid thylakoid membrane"
"GO:0000179"	"rRNA (adenine-N6,N6-)-dimethyltransferase activity"
"GO:0008988"	"rRNA (adenine-N6-)-methyltransferase activity"
"GO:0016433"	"rRNA (adenine) methyltransferase activity"
"GO:0043822"	"ribonuclease M5 activity"
"GO:0008478"	"pyridoxal kinase activity"
"GO:0042819"	"vitamin B6 biosynthetic process"
"GO:0047700"	"beta-glucoside kinase activity"
"GO:0008747"	"N-acetylneuraminate lyase activity"
"GO:0009385"	"N-acylmannosamine-6-phosphate 2-epimerase activity"
"GO:0006050"	"mannosamine metabolic process"
"GO:0047465"	"N-acylglucosamine-6-phosphate 2-epimerase activity"
"GO:0019262"	"N-acetylneuraminate catabolic process"
"GO:0017001"	"antibiotic catabolic process"
"GO:0008808"	"cardiolipin synthase activity"
"GO:0046471"	"phosphatidylglycerol metabolic process"
"GO:0030572"	"phosphatidyltransferase activity"
"GO:0097549"	"chromatin organization involved in negative regulation of transcription"
"GO:1905348"	"endonuclease complex"
"GO:0001682"	"tRNA 5'-leader removal"
"GO:0099116"	"tRNA 5'-end processing"
"GO:0044452"	"nucleolar part"
"GO:0004526"	"ribonuclease P activity"
"GO:0016819"	"hydrolase activity, acting on acid anhydrides, in sulfonyl-containing anhydrides"
"GO:0070063"	"RNA polymerase binding"
"GO:0140014"	"mitotic nuclear division"
"GO:0016573"	"histone acetylation"
"GO:0004818"	"glutamate-tRNA ligase activity"
"GO:0006424"	"glutamyl-tRNA aminoacylation"
"GO:0003998"	"acylphosphatase activity"
"GO:0004803"	"transposase activity"
"GO:0004089"	"carbonate dehydratase activity"
"GO:0006573"	"valine metabolic process"
"GO:0009611"	"response to wounding"
"GO:0006549"	"isoleucine metabolic process"
"GO:0016415"	"octanoyltransferase activity"
"GO:0071669"	"plant-type cell wall organization or biogenesis"
"GO:0009149"	"pyrimidine nucleoside triphosphate catabolic process"
"GO:0006226"	"dUMP biosynthetic process"
"GO:0009223"	"pyrimidine deoxyribonucleotide catabolic process"
"GO:0046078"	"dUMP metabolic process"
"GO:0009213"	"pyrimidine deoxyribonucleoside triphosphate catabolic process"
"GO:0006244"	"pyrimidine nucleotide catabolic process"
"GO:0004170"	"dUTP diphosphatase activity"
"GO:0046081"	"dUTP catabolic process"
"GO:0046080"	"dUTP metabolic process"
"GO:0004828"	"serine-tRNA ligase activity"
"GO:0016260"	"selenocysteine biosynthetic process"
"GO:0015216"	"purine nucleotide transmembrane transporter activity"
"GO:0005347"	"ATP transmembrane transporter activity"
"GO:0000295"	"adenine nucleotide transmembrane transporter activity"
"GO:0015920"	"lipopolysaccharide transport"
"GO:0046168"	"glycerol-3-phosphate catabolic process"
"GO:0047952"	"glycerol-3-phosphate dehydrogenase [NAD(P)+] activity"
"GO:0004367"	"glycerol-3-phosphate dehydrogenase [NAD+] activity"
"GO:0019858"	"cytosine metabolic process"
"GO:0060205"	"cytoplasmic vesicle lumen"
"GO:0002274"	"myeloid leukocyte activation"
"GO:0006011"	"UDP-glucose metabolic process"
"GO:0051748"	"UTP-monosaccharide-1-phosphate uridylyltransferase activity"
"GO:0003983"	"UTP:glucose-1-phosphate uridylyltransferase activity"
"GO:0002128"	"tRNA nucleoside ribose methylation"
"GO:0043256"	"laminin complex"
"GO:0006909"	"phagocytosis"
"GO:0008559"	"xenobiotic transmembrane transporting ATPase activity"
"GO:1990196"	"MacAB-TolC complex"
"GO:0006797"	"polyphosphate metabolic process"
"GO:0006798"	"polyphosphate catabolic process"
"GO:0005929"	"cilium"
"GO:0009793"	"embryo development ending in seed dormancy"
"GO:0015623"	"iron-chelate-transporting ATPase activity"
"GO:0006000"	"fructose metabolic process"
"GO:0097023"	"fructose 6-phosphate aldolase activity"
"GO:0050922"	"negative regulation of chemotaxis"
"GO:0034766"	"negative regulation of ion transmembrane transport"
"GO:0050918"	"positive chemotaxis"
"GO:0043271"	"negative regulation of ion transport"
"GO:0034763"	"negative regulation of transmembrane transport"
"GO:0042330"	"taxis"
"GO:0006935"	"chemotaxis"
"GO:0006227"	"dUDP biosynthetic process"
"GO:0101031"	"chaperone complex"
"GO:1990220"	"GroEL-GroES complex"
"GO:0046812"	"host cell surface binding"
"GO:0016465"	"chaperonin ATPase complex"
"GO:0006771"	"riboflavin metabolic process"
"GO:0035966"	"response to topologically incorrect protein"
"GO:0034605"	"cellular response to heat"
"GO:1990170"	"stress response to cadmium ion"
"GO:0097501"	"stress response to metal ion"
"GO:0006735"	"NADH regeneration"
"GO:1990169"	"stress response to copper ion"
"GO:0009855"	"determination of bilateral symmetry"
"GO:0009970"	"cellular response to sulfate starvation"
"GO:0008379"	"thioredoxin peroxidase activity"
"GO:0004601"	"peroxidase activity"
"GO:0009321"	"alkyl hydroperoxide reductase complex"
"GO:0051920"	"peroxiredoxin activity"
"GO:0032843"	"hydroperoxide reductase activity"
"GO:0003143"	"embryonic heart tube morphogenesis"
"GO:0071320"	"cellular response to cAMP"
"GO:0009237"	"siderophore metabolic process"
"GO:0016684"	"oxidoreductase activity, acting on peroxide as acceptor"
"GO:0102039"	"alkylhydroperoxide reductase activity"
"GO:0033195"	"response to alkyl hydroperoxide"
"GO:0033194"	"response to hydroperoxide"
"GO:0008785"	"alkyl hydroperoxide reductase activity"
"GO:0022900"	"electron transport chain"
"GO:1901992"	"positive regulation of mitotic cell cycle phase transition"
"GO:0042646"	"plastid nucleoid"
"GO:0043606"	"formamide metabolic process"
"GO:0052805"	"imidazole-containing compound catabolic process"
"GO:0015942"	"formate metabolic process"
"GO:0052803"	"imidazole-containing compound metabolic process"
"GO:0050480"	"imidazolonepropionase activity"
"GO:0016812"	"hydrolase activity, acting on carbon-nitrogen (but not peptide) bonds, in cyclic amides"
"GO:0019557"	"histidine catabolic process to glutamate and formate"
"GO:0019556"	"histidine catabolic process to glutamate and formamide"
"GO:0006548"	"histidine catabolic process"
"GO:0006536"	"glutamate metabolic process"
"GO:0009074"	"aromatic amino acid family catabolic process"
"GO:0016153"	"urocanate hydratase activity"
"GO:0007010"	"cytoskeleton organization"
"GO:0030868"	"smooth endoplasmic reticulum membrane"
"GO:0030412"	"formimidoyltetrahydrofolate cyclodeaminase activity"
"GO:0008017"	"microtubule binding"
"GO:0042851"	"L-alanine metabolic process"
"GO:0046437"	"D-amino acid biosynthetic process"
"GO:0030409"	"glutamate formimidoyltransferase activity"
"GO:0015631"	"tubulin binding"
"GO:0005542"	"folic acid binding"
"GO:0005790"	"smooth endoplasmic reticulum"
"GO:0030407"	"formimidoyltransferase activity"
"GO:0016841"	"ammonia-lyase activity"
"GO:0030272"	"5-formyltetrahydrofolate cyclo-ligase activity"
"GO:0009256"	"10-formyltetrahydrofolate metabolic process"
"GO:0009257"	"10-formyltetrahydrofolate biosynthetic process"
"GO:0003872"	"6-phosphofructokinase activity"
"GO:0004397"	"histidine ammonia-lyase activity"
"GO:0016813"	"hydrolase activity, acting on carbon-nitrogen (but not peptide) bonds, in linear amidines"
"GO:0050415"	"formimidoylglutamase activity"
"GO:0007599"	"hemostasis"
"GO:0051963"	"regulation of synapse assembly"
"GO:0004930"	"G protein-coupled receptor activity"
"GO:0098676"	"modulation of host virulence by virus"
"GO:0098794"	"postsynapse"
"GO:0085027"	"entry into host via enzymatic degradation of host anatomical structure"
"GO:0044411"	"entry into host through host barriers"
"GO:0051830"	"entry into other organism through barriers of other organism involved in symbiotic interaction"
"GO:0005085"	"guanyl-nucleotide exchange factor activity"
"GO:0019838"	"growth factor binding"
"GO:0043235"	"receptor complex"
"GO:0042445"	"hormone metabolic process"
"GO:0000023"	"maltose metabolic process"
"GO:0005993"	"trehalose catabolic process"
"GO:0004558"	"alpha-1,4-glucosidase activity"
"GO:0008788"	"alpha,alpha-phosphotrehalase activity"
"GO:0015927"	"trehalase activity"
"GO:0005991"	"trehalose metabolic process"
"GO:0008930"	"methylthioadenosine nucleosidase activity"
"GO:0015771"	"trehalose transport"
"GO:0015574"	"trehalose transmembrane transporter activity"
"GO:0019355"	"nicotinamide nucleotide biosynthetic process from aspartate"
"GO:0090589"	"protein-phosphocysteine-trehalose phosphotransferase system transporter activity"
"GO:0070875"	"positive regulation of glycogen metabolic process"
"GO:0032869"	"cellular response to insulin stimulus"
"GO:0005980"	"glycogen catabolic process"
"GO:0062013"	"positive regulation of small molecule metabolic process"
"GO:0097300"	"programmed necrotic cell death"
"GO:0045819"	"positive regulation of glycogen catabolic process"
"GO:0005981"	"regulation of glycogen catabolic process"
"GO:0004134"	"4-alpha-glucanotransferase activity"
"GO:0018577"	"catechol 2,3-dioxygenase activity"
"GO:0071014"	"post-mRNA release spliceosomal complex"
"GO:0031250"	"anaerobic ribonucleoside-triphosphate reductase complex"
"GO:0043365"	"[formate-C-acetyltransferase]-activating enzyme activity"
"GO:0010449"	"root meristem growth"
"GO:0048467"	"gynoecium development"
"GO:0035266"	"meristem growth"
"GO:0048464"	"flower calyx development"
"GO:0019103"	"pyrimidine nucleotide binding"
"GO:0051065"	"CTP reductase activity"
"GO:0032556"	"pyrimidine deoxyribonucleotide binding"
"GO:0043733"	"DNA-3-methylbase glycosylase activity"
"GO:0000400"	"four-way junction DNA binding"
"GO:0000217"	"DNA secondary structure binding"
"GO:0030983"	"mismatched DNA binding"
"GO:0032300"	"mismatch repair complex"
"GO:0034618"	"arginine binding"
"GO:0016892"	"endoribonuclease activity, producing 3'-phosphomonoesters"
"GO:0000478"	"endonucleolytic cleavage involved in rRNA processing"
"GO:0030153"	"bacteriocin immunity"
"GO:0004815"	"aspartate-tRNA ligase activity"
"GO:0006422"	"aspartyl-tRNA aminoacylation"
"GO:0006427"	"histidyl-tRNA aminoacylation"
"GO:0004821"	"histidine-tRNA ligase activity"
"GO:0052834"	"inositol monophosphate phosphatase activity"
"GO:0015938"	"coenzyme A catabolic process"
"GO:0033869"	"nucleoside bisphosphate catabolic process"
"GO:0003986"	"acetyl-CoA hydrolase activity"
"GO:0045444"	"fat cell differentiation"
"GO:0015295"	"solute:proton symporter activity"
"GO:0015390"	"purine-specific nucleoside:sodium symporter activity"
"GO:0015213"	"uridine transmembrane transporter activity"
"GO:0045903"	"positive regulation of translational fidelity"
"GO:0015693"	"magnesium ion transport"
"GO:0002098"	"tRNA wobble uridine modification"
"GO:0004808"	"tRNA (5-methylaminomethyl-2-thiouridylate)-methyltransferase activity"
"GO:0002143"	"tRNA wobble position uridine thiolation"
"GO:0003941"	"L-serine ammonia-lyase activity"
"GO:0009071"	"serine family amino acid catabolic process"
"GO:0006565"	"L-serine catabolic process"
"GO:0032218"	"riboflavin transport"
"GO:0032217"	"riboflavin transmembrane transporter activity"
"GO:0044106"	"cellular amine metabolic process"
"GO:0070406"	"glutamine binding"
"GO:0017169"	"CDP-alcohol phosphatidyltransferase activity"
"GO:0008444"	"CDP-diacylglycerol-glycerol-3-phosphate 3-phosphatidyltransferase activity"
"GO:0004467"	"long-chain fatty acid-CoA ligase activity"
"GO:0102391"	"decanoate-CoA ligase activity"
"GO:0051272"	"positive regulation of cellular component movement"
"GO:0006024"	"glycosaminoglycan biosynthetic process"
"GO:0016413"	"O-acetyltransferase activity"
"GO:0051241"	"negative regulation of multicellular organismal process"
"GO:0043090"	"amino acid import"
"GO:0015822"	"ornithine transport"
"GO:1990822"	"basic amino acid transmembrane transport"
"GO:0010756"	"positive regulation of plasminogen activation"
"GO:0051917"	"regulation of fibrinolysis"
"GO:1903035"	"negative regulation of response to wounding"
"GO:1900046"	"regulation of hemostasis"
"GO:0044010"	"single-species biofilm formation"
"GO:0042710"	"biofilm formation"
"GO:0090609"	"single-species submerged biofilm formation"
"GO:0046398"	"UDP-glucuronate metabolic process"
"GO:0009242"	"colanic acid biosynthetic process"
"GO:0043610"	"regulation of carbohydrate utilization"
"GO:0009758"	"carbohydrate utilization"
"GO:0046039"	"GTP metabolic process"
"GO:0036009"	"protein-glutamine N-methyltransferase activity"
"GO:0006305"	"DNA alkylation"
"GO:0044728"	"DNA methylation or demethylation"
"GO:0004830"	"tryptophan-tRNA ligase activity"
"GO:0004813"	"alanine-tRNA ligase activity"
"GO:0006436"	"tryptophanyl-tRNA aminoacylation"
"GO:0019264"	"glycine biosynthetic process from serine"
"GO:0004712"	"protein serine/threonine/tyrosine kinase activity"
"GO:0052927"	"CTP:tRNA cytidylyltransferase activity"
"GO:0004810"	"tRNA adenylyltransferase activity"
"GO:0015204"	"urea transmembrane transporter activity"
"GO:0002099"	"tRNA wobble guanine modification"
"GO:0004784"	"superoxide dismutase activity"
"GO:0006430"	"lysyl-tRNA aminoacylation"
"GO:0006801"	"superoxide metabolic process"
"GO:0016721"	"oxidoreductase activity, acting on superoxide radicals as acceptor"
"GO:0019430"	"removal of superoxide radicals"
"GO:0042171"	"lysophosphatidic acid acyltransferase activity"
"GO:0003841"	"1-acylglycerol-3-phosphate O-acyltransferase activity"
"GO:0019866"	"organelle inner membrane"
"GO:0031966"	"mitochondrial membrane"
"GO:0005758"	"mitochondrial intermembrane space"
"GO:0061692"	"cellular detoxification of hydrogen peroxide"
"GO:0031970"	"organelle envelope lumen"
"GO:0031907"	"microbody lumen"
"GO:0001887"	"selenium compound metabolic process"
"GO:0072350"	"tricarboxylic acid metabolic process"
"GO:0019579"	"aldaric acid catabolic process"
"GO:0008106"	"alcohol dehydrogenase (NADP+) activity"
"GO:0031158"	"negative regulation of aggregate size involved in sorocarp development"
"GO:0008380"	"RNA splicing"
"GO:0099120"	"socially cooperative development"
"GO:0000398"	"mRNA splicing, via spliceosome"
"GO:0042843"	"D-xylose catabolic process"
"GO:0050684"	"regulation of mRNA processing"
"GO:0061610"	"glycerol to glycerone phosphate metabolic process"
"GO:0060176"	"regulation of aggregation involved in sorocarp development"
"GO:0004032"	"alditol:NADP+ 1-oxidoreductase activity"
"GO:1990042"	"glycerol dehydrogenase [NAD(P)+] activity"
"GO:0031157"	"regulation of aggregate size involved in sorocarp development"
"GO:0016150"	"translation release factor activity, codon nonspecific"
"GO:0006231"	"dTMP biosynthetic process"
"GO:0019213"	"deacetylase activity"
"GO:0008720"	"D-lactate dehydrogenase activity"
"GO:1903959"	"regulation of anion transmembrane transport"
"GO:0032355"	"response to estradiol"
"GO:0060359"	"response to ammonium ion"
"GO:0044070"	"regulation of anion transport"
"GO:0016755"	"transferase activity, transferring amino-acyl groups"
"GO:0008028"	"monocarboxylic acid transmembrane transporter activity"
"GO:0015718"	"monocarboxylic acid transport"
"GO:0015724"	"formate transport"
"GO:0019203"	"carbohydrate phosphatase activity"
"GO:0006140"	"regulation of nucleotide metabolic process"
"GO:0001959"	"regulation of cytokine-mediated signaling pathway"
"GO:0071357"	"cellular response to type I interferon"
"GO:0050777"	"negative regulation of immune response"
"GO:0002377"	"immunoglobulin production"
"GO:1902031"	"regulation of NADP metabolic process"
"GO:0030493"	"bacteriochlorophyll metabolic process"
"GO:0051851"	"modification by host of symbiont morphology or physiology"
"GO:0018801"	"glutaconyl-CoA decarboxylase activity"
"GO:1990663"	"dihydroorotate dehydrogenase (fumarate) activity"
"GO:0004152"	"dihydroorotate dehydrogenase activity"
"GO:0090257"	"regulation of muscle system process"
"GO:0070296"	"sarcoplasmic reticulum calcium ion transport"
"GO:0070509"	"calcium ion import"
"GO:0002275"	"myeloid cell activation involved in immune response"
"GO:0002711"	"positive regulation of T cell mediated immunity"
"GO:0046631"	"alpha-beta T cell activation"
"GO:0050867"	"positive regulation of cell activation"
"GO:2001022"	"positive regulation of response to DNA damage stimulus"
"GO:0046632"	"alpha-beta T cell differentiation"
"GO:0046495"	"nicotinamide riboside metabolic process"
"GO:0030155"	"regulation of cell adhesion"
"GO:0101002"	"ficolin-1-rich granule"
"GO:0070229"	"negative regulation of lymphocyte apoptotic process"
"GO:0046415"	"urate metabolic process"
"GO:0002060"	"purine nucleobase binding"
"GO:0005798"	"Golgi-associated vesicle"
"GO:0030135"	"coated vesicle"
"GO:0005802"	"trans-Golgi network"
"GO:0035434"	"copper ion transmembrane transport"
"GO:0060003"	"copper ion export"
"GO:0005794"	"Golgi apparatus"
"GO:0030670"	"phagocytic vesicle membrane"
"GO:0051191"	"prosthetic group biosynthetic process"
"GO:0050519"	"holo-citrate lyase synthase activity"
"GO:0051189"	"prosthetic group metabolic process"
"GO:0048471"	"perinuclear region of cytoplasm"
"GO:0005416"	"amino acid:cation symporter activity"
"GO:0006835"	"dicarboxylic acid transport"
"GO:0017153"	"sodium:dicarboxylate symporter activity"
"GO:0036297"	"interstrand cross-link repair"
"GO:0033764"	"steroid dehydrogenase activity, acting on the CH-OH group of donors, NAD or NADP as acceptor"
"GO:0019520"	"aldonic acid metabolic process"
"GO:0046176"	"aldonic acid catabolic process"
"GO:0006064"	"glucuronate catabolic process"
"GO:0008874"	"gluconate 5-dehydrogenase activity"
"GO:0046397"	"galacturonate catabolic process"
"GO:0019586"	"galacturonate metabolic process"
"GO:0009102"	"biotin biosynthetic process"
"GO:0019585"	"glucuronate metabolic process"
"GO:0006063"	"uronic acid metabolic process"
"GO:0016229"	"steroid dehydrogenase activity"
"GO:0004337"	"geranyltranstransferase activity"
"GO:0046246"	"terpene biosynthetic process"
"GO:0052908"	"16S rRNA (adenine(1518)-N(6)/adenine(1519)-N(6))-dimethyltransferase activity"
"GO:0006308"	"DNA catabolic process"
"GO:0008855"	"exodeoxyribonuclease VII activity"
"GO:0009318"	"exodeoxyribonuclease VII complex"
"GO:0009624"	"response to nematode"
"GO:0004488"	"methylenetetrahydrofolate dehydrogenase (NADP+) activity"
"GO:0016231"	"beta-N-acetylglucosaminidase activity"
"GO:0015929"	"hexosaminidase activity"
"GO:0016888"	"endodeoxyribonuclease activity, producing 5'-phosphomonoesters"
"GO:0000105"	"histidine biosynthetic process"
"GO:0004486"	"methylenetetrahydrofolate dehydrogenase [NAD(P)+] activity"
"GO:0004615"	"phosphomannomutase activity"
"GO:0004614"	"phosphoglucomutase activity"
"GO:0003913"	"DNA photolyase activity"
"GO:0009642"	"response to light intensity"
"GO:0018298"	"protein-chromophore linkage"
"GO:0042752"	"regulation of circadian rhythm"
"GO:0006051"	"N-acetylmannosamine metabolic process"
"GO:0006054"	"N-acetylneuraminate metabolic process"
"GO:0046348"	"amino sugar catabolic process"
"GO:0006145"	"purine nucleobase catabolic process"
"GO:0004038"	"allantoinase activity"
"GO:0004151"	"dihydroorotase activity"
"GO:0004416"	"hydroxyacylglutathione hydrolase activity"
"GO:0009534"	"chloroplast thylakoid"
"GO:0045037"	"protein import into chloroplast stroma"
"GO:1901463"	"regulation of tetrapyrrole biosynthetic process"
"GO:0043199"	"sulfate binding"
"GO:0033204"	"ribonuclease P RNA binding"
"GO:0030677"	"ribonuclease P complex"
"GO:1901376"	"organic heteropentacyclic compound metabolic process"
"GO:0090056"	"regulation of chlorophyll metabolic process"
"GO:0045036"	"protein targeting to chloroplast"
"GO:0009181"	"purine ribonucleoside diphosphate catabolic process"
"GO:0009192"	"deoxyribonucleoside diphosphate catabolic process"
"GO:0009184"	"purine deoxyribonucleoside diphosphate catabolic process"
"GO:0009261"	"ribonucleotide catabolic process"
"GO:0009134"	"nucleoside diphosphate catabolic process"
"GO:0044776"	"DNA polymerase III, core complex"
"GO:0042575"	"DNA polymerase complex"
"GO:0004822"	"isoleucine-tRNA ligase activity"
"GO:0006428"	"isoleucyl-tRNA aminoacylation"
"GO:0006421"	"asparaginyl-tRNA aminoacylation"
"GO:0003938"	"IMP dehydrogenase activity"
"GO:0006313"	"transposition, DNA-mediated"
"GO:0009972"	"cytidine deamination"
"GO:0046087"	"cytidine metabolic process"
"GO:0030308"	"negative regulation of cell growth"
"GO:1904724"	"tertiary granule lumen"
"GO:1904813"	"ficolin-1-rich granule lumen"
"GO:0002444"	"myeloid leukocyte mediated immunity"
"GO:0006216"	"cytidine catabolic process"
"GO:0046133"	"pyrimidine ribonucleoside catabolic process"
"GO:0006887"	"exocytosis"
"GO:0000488"	"maturation of LSU-rRNA from tetracistronic rRNA transcript (SSU-rRNA, LSU-rRNA, 4.5S-rRNA, 5S-rRNA)"
"GO:0000470"	"maturation of LSU-rRNA"
"GO:0000489"	"maturation of SSU-rRNA from tetracistronic rRNA transcript (SSU-rRNA, LSU-rRNA, 4.5S-rRNA, 5S-rRNA)"
"GO:0050821"	"protein stabilization"
"GO:0004396"	"hexokinase activity"
"GO:0008441"	"3'(2'),5'-bisphosphate nucleotidase activity"
"GO:0016722"	"oxidoreductase activity, oxidizing metal ions"
"GO:0008199"	"ferric iron binding"
"GO:0009095"	"aromatic amino acid family biosynthetic process, prephenate pathway"
"GO:0002935"	"tRNA (adenine-C2-)-methyltransferase activity"
"GO:0008659"	"(3R)-hydroxymyristoyl-[acyl-carrier-protein] dehydratase activity"
"GO:0004317"	"3-hydroxypalmitoyl-[acyl-carrier-protein] dehydratase activity"
"GO:0070566"	"adenylyltransferase activity"
"GO:0004595"	"pantetheine-phosphate adenylyltransferase activity"
"GO:0004071"	"aspartate-ammonia ligase activity"
"GO:0006528"	"asparagine metabolic process"
"GO:0000918"	"division septum site selection"
"GO:0000281"	"mitotic cytokinesis"
"GO:0000921"	"septin ring assembly"
"GO:0072502"	"cellular trivalent inorganic anion homeostasis"
"GO:0016477"	"cell migration"
"GO:0102132"	"3-oxo-pimeloyl-[acp] methyl ester reductase activity"
"GO:0009065"	"glutamine family amino acid catabolic process"
"GO:0008804"	"carbamate kinase activity"
"GO:0035975"	"carbamoyl phosphate catabolic process"
"GO:0070408"	"carbamoyl phosphate metabolic process"
"GO:0004634"	"phosphopyruvate hydratase activity"
"GO:0004585"	"ornithine carbamoyltransferase activity"
"GO:0042450"	"arginine biosynthetic process via ornithine"
"GO:0004849"	"uridine kinase activity"
"GO:1990961"	"drug transmembrane export"
"GO:0140115"	"export across plasma membrane"
"GO:0006591"	"ornithine metabolic process"
"GO:0051103"	"DNA ligation involved in DNA repair"
"GO:0018195"	"peptidyl-arginine modification"
"GO:0018101"	"protein citrullination"
"GO:0016990"	"arginine deiminase activity"
"GO:0018106"	"peptidyl-histidine phosphorylation"
"GO:0018202"	"peptidyl-histidine modification"
"GO:0005345"	"purine nucleobase transmembrane transporter activity"
"GO:0003858"	"3-hydroxybutyrate dehydrogenase activity"
"GO:0009650"	"UV protection"
"GO:0017116"	"single-stranded DNA-dependent ATP-dependent DNA helicase activity"
"GO:0019864"	"IgG binding"
"GO:0019865"	"immunoglobulin binding"
"GO:0003962"	"cystathionine gamma-synthase activity"
"GO:0071375"	"cellular response to peptide hormone stimulus"
"GO:0040013"	"negative regulation of locomotion"
"GO:0003856"	"3-dehydroquinate synthase activity"
"GO:0016838"	"carbon-oxygen lyase activity, acting on phosphates"
"GO:0051213"	"dioxygenase activity"
"GO:0030266"	"quinate 3-dehydrogenase (NAD+) activity"
"GO:0019272"	"L-alanine biosynthetic process from pyruvate"
"GO:0016849"	"phosphorus-oxygen lyase activity"
"GO:0009975"	"cyclase activity"
"GO:0052734"	"shikimate 3-dehydrogenase (NAD+) activity"
"GO:2000895"	"hemicellulose catabolic process"
"GO:0005793"	"endoplasmic reticulum-Golgi intermediate compartment"
"GO:0019215"	"intermediate filament binding"
"GO:0004743"	"pyruvate kinase activity"
"GO:1904797"	"negative regulation of core promoter binding"
"GO:0002697"	"regulation of immune effector process"
"GO:0050807"	"regulation of synapse organization"
"GO:0098984"	"neuron to neuron synapse"
"GO:0007186"	"G protein-coupled receptor signaling pathway"
"GO:0010563"	"negative regulation of phosphorus metabolic process"
"GO:0033673"	"negative regulation of kinase activity"
"GO:0022616"	"DNA strand elongation"
"GO:1901001"	"negative regulation of response to salt stress"
"GO:0047484"	"regulation of response to osmotic stress"
"GO:1901000"	"regulation of response to salt stress"
"GO:0000716"	"transcription-coupled nucleotide-excision repair, DNA damage recognition"
"GO:0004422"	"hypoxanthine phosphoribosyltransferase activity"
"GO:0009415"	"response to water"
"GO:0043254"	"regulation of protein complex assembly"
"GO:0016987"	"sigma factor activity"
"GO:0001123"	"transcription initiation from bacterial-type RNA polymerase promoter"
"GO:0043175"	"RNA polymerase core enzyme binding"
"GO:0016138"	"glycoside biosynthetic process"
"GO:0043413"	"macromolecule glycosylation"
"GO:0009101"	"glycoprotein biosynthetic process"
"GO:0008484"	"sulfuric ester hydrolase activity"
"GO:0045148"	"tripeptide aminopeptidase activity"
"GO:0004127"	"cytidylate kinase activity"
"GO:0004592"	"pantoate-beta-alanine ligase activity"
"GO:0033317"	"pantothenate biosynthetic process from valine"
"GO:0002183"	"cytoplasmic translational initiation"
"GO:0001731"	"formation of translation preinitiation complex"
"GO:1990856"	"methionyl-initiator methionine tRNA binding"
"GO:0006446"	"regulation of translational initiation"
"GO:0070992"	"translation initiation complex"
"GO:0032988"	"ribonucleoprotein complex disassembly"
"GO:1901195"	"positive regulation of formation of translation preinitiation complex"
"GO:2000765"	"regulation of cytoplasmic translation"
"GO:1904690"	"positive regulation of cytoplasmic translational initiation"
"GO:1904688"	"regulation of cytoplasmic translational initiation"
"GO:1901193"	"regulation of formation of translation preinitiation complex"
"GO:0031334"	"positive regulation of protein complex assembly"
"GO:0000900"	"translation repressor activity, mRNA regulatory element binding"
"GO:0003855"	"3-dehydroquinate dehydratase activity"
"GO:0004107"	"chorismate synthase activity"
"GO:0031154"	"culmination involved in sorocarp development"
"GO:0044117"	"growth of symbiont in host"
"GO:0044110"	"growth involved in symbiotic interaction"
"GO:0034031"	"ribonucleoside bisphosphate catabolic process"
"GO:0030515"	"snoRNA binding"
"GO:0004575"	"sucrose alpha-glucosidase activity"
"GO:0043896"	"glucan 1,6-alpha-glucosidase activity"
"GO:0047994"	"hydroxymethylglutaryl-CoA hydrolase activity"
"GO:0005048"	"signal sequence binding"
"GO:0016842"	"amidine-lyase activity"
"GO:0004018"	"N6-(1,2-dicarboxyethyl)AMP AMP-lyase (fumarate-forming) activity"
"GO:0004470"	"malic enzyme activity"
"GO:0008637"	"apoptotic mitochondrial changes"
"GO:0002824"	"positive regulation of adaptive immune response based on somatic recombination of immune receptors built from immunoglobulin superfamily domains"
"GO:0006149"	"deoxyinosine catabolic process"
"GO:0031341"	"regulation of cell killing"
"GO:0031968"	"organelle outer membrane"
"GO:0009932"	"cell tip growth"
"GO:0007064"	"mitotic sister chromatid cohesion"
"GO:0061733"	"peptide-lysine-N-acetyltransferase activity"
"GO:0034212"	"peptide N-acetyltransferase activity"
"GO:0047257"	"diglucosyl diacylglycerol synthase activity"
"GO:0004016"	"adenylate cyclase activity"
"GO:0043631"	"RNA polyadenylation"
"GO:2000678"	"negative regulation of transcription regulatory region DNA binding"
"GO:0061984"	"catabolite repression"
"GO:0009224"	"CMP biosynthetic process"
"GO:0046035"	"CMP metabolic process"
"GO:0043771"	"cytidine kinase activity"
"GO:1903319"	"positive regulation of protein maturation"
"GO:0051919"	"positive regulation of fibrinolysis"
"GO:0003920"	"GMP reductase activity"
"GO:0030195"	"negative regulation of blood coagulation"
"GO:0030162"	"regulation of proteolysis"
"GO:0089718"	"amino acid import across plasma membrane"
"GO:0016075"	"rRNA catabolic process"
"GO:0097293"	"XMP biosynthetic process"
"GO:0006546"	"glycine catabolic process"
"GO:0042906"	"xanthine transport"
"GO:0015143"	"urate transmembrane transporter activity"
"GO:1901702"	"salt transmembrane transporter activity"
"GO:0050518"	"2-C-methyl-D-erythritol 4-phosphate cytidylyltransferase activity"
"GO:0052906"	"tRNA (guanine(37)-N(1))-methyltransferase activity"
"GO:0001505"	"regulation of neurotransmitter levels"
"GO:0070037"	"rRNA (pseudouridine) methyltransferase activity"
"GO:0061783"	"peptidoglycan muralytic activity"
"GO:0015232"	"heme transporter activity"
"GO:0004802"	"transketolase activity"
"GO:0052928"	"CTP:3'-cytidine-tRNA cytidylyltransferase activity"
"GO:0042245"	"RNA repair"
"GO:0004652"	"polynucleotide adenylyltransferase activity"
"GO:0006665"	"sphingolipid metabolic process"
"GO:0015155"	"lactose transmembrane transporter activity"
"GO:0004496"	"mevalonate kinase activity"
"GO:0033655"	"host cell cytoplasm part"
"GO:0033648"	"host intracellular membrane-bounded organelle"
"GO:0033647"	"host intracellular organelle"
"GO:0030430"	"host cell cytoplasm"
"GO:0015977"	"carbon fixation"
"GO:0010269"	"response to selenium ion"
"GO:0018282"	"metal incorporation into metallo-sulfur cluster"
"GO:0009000"	"selenocysteine lyase activity"
"GO:0048316"	"seed development"
"GO:0006273"	"lagging strand elongation"
"GO:0008962"	"phosphatidylglycerophosphatase activity"
"GO:0032297"	"negative regulation of DNA-dependent DNA replication initiation"
"GO:0045290"	"D-arabinose 1-dehydrogenase [NAD(P)+] activity"
"GO:0019747"	"regulation of isoprenoid metabolic process"
"GO:0050109"	"morphine 6-dehydrogenase activity"
"GO:0046073"	"dTMP metabolic process"
"GO:0048024"	"regulation of mRNA splicing, via spliceosome"
"GO:0031156"	"regulation of sorocarp development"
"GO:0000375"	"RNA splicing, via transesterification reactions"
"GO:0006558"	"L-phenylalanine metabolic process"
"GO:0006559"	"L-phenylalanine catabolic process"
"GO:0097256"	"phenyllactate dehydrogenase activity"
"GO:1905368"	"peptidase complex"
"GO:0050380"	"undecaprenyl-diphosphatase activity"
"GO:0031333"	"negative regulation of protein complex assembly"
"GO:2000185"	"regulation of phosphate transmembrane transport"
"GO:0072505"	"divalent inorganic anion homeostasis"
"GO:0042431"	"indole metabolic process"
"GO:0032026"	"response to magnesium ion"
"GO:0005902"	"microvillus"
"GO:0010288"	"response to lead ion"
"GO:0072506"	"trivalent inorganic anion homeostasis"
"GO:0030643"	"cellular phosphate ion homeostasis"
"GO:0046689"	"response to mercury ion"
"GO:0042391"	"regulation of membrane potential"
"GO:0005819"	"spindle"
"GO:0001822"	"kidney development"
"GO:0009750"	"response to fructose"
"GO:0071242"	"cellular response to ammonium ion"
"GO:0043627"	"response to estrogen"
"GO:0055081"	"anion homeostasis"
"GO:0015321"	"sodium-dependent phosphate transmembrane transporter activity"
"GO:0071312"	"cellular response to alkaloid"
"GO:0034764"	"positive regulation of transmembrane transport"
"GO:1903793"	"positive regulation of anion transport"
"GO:0031253"	"cell projection membrane"
"GO:0035864"	"response to potassium ion"
"GO:0030494"	"bacteriochlorophyll biosynthetic process"
"GO:0004564"	"beta-fructofuranosidase activity"
"GO:0004139"	"deoxyribose-phosphate aldolase activity"
"GO:0089705"	"protein localization to outer membrane"
"GO:0044872"	"lipoprotein localization"
"GO:0009154"	"purine ribonucleotide catabolic process"
"GO:0019810"	"putrescine binding"
"GO:0070405"	"ammonium ion binding"
"GO:0015212"	"cytidine transmembrane transporter activity"
"GO:0004485"	"methylcrotonoyl-CoA carboxylase activity"
"GO:0002460"	"adaptive immune response based on somatic recombination of immune receptors built from immunoglobulin superfamily domains"
"GO:0032943"	"mononuclear cell proliferation"
"GO:0045055"	"regulated exocytosis"
"GO:0097190"	"apoptotic signaling pathway"
"GO:0046102"	"inosine metabolic process"
"GO:0070637"	"pyridine nucleoside metabolic process"
"GO:0019358"	"nicotinate nucleotide salvage"
"GO:0008816"	"citryl-CoA lyase activity"
"GO:0008815"	"citrate (pro-3S)-lyase activity"
"GO:0043312"	"neutrophil degranulation"
"GO:0007159"	"leukocyte cell-cell adhesion"
"GO:0050663"	"cytokine secretion"
"GO:0001912"	"positive regulation of leukocyte mediated cytotoxicity"
"GO:0001816"	"cytokine production"
"GO:0050670"	"regulation of lymphocyte proliferation"
"GO:1903227"	"xanthosine metabolic process"
"GO:0070635"	"nicotinamide riboside hydrolase activity"
"GO:0042129"	"regulation of T cell proliferation"
"GO:0050864"	"regulation of B cell activation"
"GO:0001909"	"leukocyte mediated cytotoxicity"
"GO:0008617"	"guanosine metabolic process"
"GO:0002449"	"lymphocyte mediated immunity"
"GO:0042453"	"deoxyguanosine metabolic process"
"GO:0001910"	"regulation of leukocyte mediated cytotoxicity"
"GO:0002705"	"positive regulation of leukocyte mediated immunity"
"GO:0046638"	"positive regulation of alpha-beta T cell differentiation"
"GO:0002708"	"positive regulation of lymphocyte mediated immunity"
"GO:0019357"	"nicotinate nucleotide biosynthetic process"
"GO:0008630"	"intrinsic apoptotic signaling pathway in response to DNA damage"
"GO:0051251"	"positive regulation of lymphocyte activation"
"GO:0047724"	"inosine nucleosidase activity"
"GO:0030183"	"B cell differentiation"
"GO:0002250"	"adaptive immune response"
"GO:0008771"	"[citrate (pro-3S)-lyase] ligase activity"
"GO:0016877"	"ligase activity, forming carbon-sulfur bonds"
"GO:0030497"	"fatty acid elongation"
"GO:0046396"	"D-galacturonate metabolic process"
"GO:0042840"	"D-glucuronate catabolic process"
"GO:0019698"	"D-galacturonate catabolic process"
"GO:0036298"	"recombinational interstrand cross-link repair"
"GO:0004750"	"ribulose-phosphate 3-epimerase activity"
"GO:0042651"	"thylakoid membrane"
"GO:0009078"	"pyruvate family amino acid metabolic process"
"GO:0004021"	"L-alanine:2-oxoglutarate aminotransferase activity"
"GO:0008801"	"beta-phosphoglucomutase activity"
"GO:0047937"	"glucose-1-phosphate phosphodismutase activity"
"GO:0052693"	"epoxyqueuosine reductase activity"
"GO:0001000"	"bacterial-type RNA polymerase core enzyme binding"
"GO:0102571"	"[protein]-3-O-(N-acetyl-D-glucosaminyl)-L-serine/L-threonine O-N-acetyl-alpha-D-glucosaminase activity"
"GO:0060187"	"cell pole"
"GO:0048476"	"Holliday junction resolvase complex"
"GO:0009443"	"pyridoxal 5'-phosphate salvage"
"GO:0042816"	"vitamin B6 metabolic process"
"GO:0004329"	"formate-tetrahydrofolate ligase activity"
"GO:0043772"	"acyl-phosphate glycerol-3-phosphate acyltransferase activity"
"GO:0008176"	"tRNA (guanine-N7-)-methyltransferase activity"
"GO:0034708"	"methyltransferase complex"
"GO:0106004"	"tRNA (guanine-N7)-methylation"
"GO:0006437"	"tyrosyl-tRNA aminoacylation"
"GO:0035635"	"entry of bacterium into host cell"
"GO:0019758"	"glycosinolate biosynthetic process"
"GO:0019760"	"glucosinolate metabolic process"
"GO:0019761"	"glucosinolate biosynthetic process"
"GO:0033506"	"glucosinolate biosynthetic process from homomethionine"
"GO:0033321"	"homomethionine metabolic process"
"GO:0009107"	"lipoate biosynthetic process"
"GO:1903716"	"guanine transmembrane transport"
"GO:0015207"	"adenine transmembrane transporter activity"
"GO:0015853"	"adenine transport"
"GO:0015854"	"guanine transport"
"GO:0015761"	"mannose transmembrane transport"
"GO:0022870"	"protein-N(PI)-phosphohistidine-mannose phosphotransferase system transporter activity"
"GO:0008645"	"hexose transmembrane transport"
"GO:0015145"	"monosaccharide transmembrane transporter activity"
"GO:0046323"	"glucose import"
"GO:0098704"	"carbohydrate import across plasma membrane"
"GO:0052381"	"tRNA dimethylallyltransferase activity"
"GO:0035870"	"dITP diphosphatase activity"
"GO:0016197"	"endosomal transport"
"GO:0043097"	"pyrimidine nucleoside salvage"
"GO:0005346"	"purine ribonucleotide transmembrane transporter activity"
"GO:0046135"	"pyrimidine nucleoside catabolic process"
"GO:0046167"	"glycerol-3-phosphate biosynthetic process"
"GO:0045230"	"capsule organization"
"GO:0009083"	"branched-chain amino acid catabolic process"
"GO:2001023"	"regulation of response to drug"
"GO:2000144"	"positive regulation of DNA-templated transcription, initiation"
"GO:0070400"	"teichoic acid D-alanylation"
"GO:0047451"	"3-hydroxyoctanoyl-[acyl-carrier-protein] dehydratase activity"
"GO:0008693"	"3-hydroxydecanoyl-[acyl-carrier-protein] dehydratase activity"
"GO:0046618"	"drug export"
"GO:0019171"	"3-hydroxyacyl-[acyl-carrier-protein] dehydratase activity"
"GO:0009246"	"enterobacterial common antigen biosynthetic process"
"GO:0019300"	"rhamnose biosynthetic process"
"GO:0033817"	"beta-ketoacyl-acyl-carrier-protein synthase II activity"
"GO:0009631"	"cold acclimation"
"GO:0008888"	"glycerol dehydrogenase [NAD+] activity"
"GO:0046820"	"4-amino-4-deoxychorismate synthase activity"
"GO:0009243"	"O antigen biosynthetic process"
"GO:0008830"	"dTDP-4-dehydrorhamnose 3,5-epimerase activity"
"GO:0060348"	"bone development"
"GO:0052745"	"inositol phosphate phosphatase activity"
"GO:0046855"	"inositol phosphate dephosphorylation"
"GO:0004534"	"5'-3' exoribonuclease activity"
"GO:0006986"	"response to unfolded protein"
"GO:0004998"	"transferrin receptor activity"
"GO:0004778"	"succinyl-CoA hydrolase activity"
"GO:0001895"	"retina homeostasis"
"GO:0015864"	"pyrimidine nucleoside transport"
"GO:0004850"	"uridine phosphorylase activity"
"GO:0015655"	"alanine:sodium symporter activity"
"GO:0006218"	"uridine catabolic process"
"GO:0070084"	"protein initiator methionine removal"
"GO:0016615"	"malate dehydrogenase activity"
"GO:0061371"	"determination of heart left/right asymmetry"
"GO:0008814"	"citrate CoA-transferase activity"
"GO:0009346"	"citrate lyase complex"
"GO:0014912"	"negative regulation of smooth muscle cell migration"
"GO:2000146"	"negative regulation of cell motility"
"GO:1902808"	"positive regulation of cell cycle G1/S phase transition"
"GO:0070548"	"L-glutamine aminotransferase activity"
"GO:0002218"	"activation of innate immune response"
"GO:0046144"	"D-alanine family amino acid metabolic process"
"GO:0001738"	"morphogenesis of a polarized epithelium"
"GO:0009886"	"post-embryonic animal morphogenesis"
"GO:0004067"	"asparaginase activity"
"GO:0043570"	"maintenance of DNA repeat elements"
"GO:0043846"	"DNA polymerase III, clamp loader complex"
"GO:0044211"	"CTP salvage"
"GO:1902603"	"carnitine transmembrane transport"
"GO:0006228"	"UTP biosynthetic process"
"GO:0008897"	"holo-[acyl-carrier-protein] synthase activity"
"GO:0005960"	"glycine cleavage complex"
"GO:0015578"	"mannose transmembrane transporter activity"
"GO:0070206"	"protein trimerization"
"GO:0101030"	"tRNA-guanine transglycosylation"
"GO:0000715"	"nucleotide-excision repair, DNA damage recognition"
"GO:0006283"	"transcription-coupled nucleotide-excision repair"
"GO:0001098"	"basal transcription machinery binding"
"GO:0070038"	"rRNA (pseudouridine-N3-)-methyltransferase activity"
"GO:0042136"	"neurotransmitter biosynthetic process"
"GO:0048029"	"monosaccharide binding"
"GO:0008961"	"phosphatidylglycerol-prolipoprotein diacylglyceryl transferase activity"
"GO:0000781"	"chromosome, telomeric region"
"GO:0009194"	"pyrimidine ribonucleoside diphosphate biosynthetic process"
"GO:0009193"	"pyrimidine ribonucleoside diphosphate metabolic process"
"GO:0043213"	"bacteriocin transport"
"GO:0019564"	"aerobic glycerol catabolic process"
"GO:0050151"	"oleate hydratase activity"
"GO:1903312"	"negative regulation of mRNA metabolic process"
"GO:0043583"	"ear development"
"GO:0030282"	"bone mineralization"
"GO:0004156"	"dihydropteroate synthase activity"
"GO:0004150"	"dihydroneopterin aldolase activity"
"GO:0016794"	"diphosphoric monoester hydrolase activity"
"GO:0019478"	"D-amino acid catabolic process"
"GO:0042158"	"lipoprotein biosynthetic process"
"GO:0016692"	"NADH peroxidase activity"
"GO:0004574"	"oligo-1,6-glucosidase activity"
"GO:0046356"	"acetyl-CoA catabolic process"
"GO:0050873"	"brown fat cell differentiation"
"GO:0034034"	"purine nucleoside bisphosphate catabolic process"
"GO:0015821"	"methionine transport"
"GO:0015577"	"galactitol transmembrane transporter activity"
"GO:0015796"	"galactitol transport"
"GO:0046108"	"uridine metabolic process"
"GO:0022409"	"positive regulation of cell-cell adhesion"
"GO:0046121"	"deoxyribonucleoside catabolic process"
"GO:0001914"	"regulation of T cell mediated cytotoxicity"
"GO:0046124"	"purine deoxyribonucleoside catabolic process"
"GO:0016920"	"pyroglutamyl-peptidase activity"
"GO:0008875"	"gluconate dehydrogenase activity"
"GO:0019277"	"UDP-N-acetylgalactosamine biosynthetic process"
"GO:0019276"	"UDP-N-acetylgalactosamine metabolic process"
"GO:0008963"	"phospho-N-acetylmuramoyl-pentapeptide-transferase activity"
"GO:0003922"	"GMP synthase (glutamine-hydrolyzing) activity"
"GO:0006435"	"threonyl-tRNA aminoacylation"
"GO:0004829"	"threonine-tRNA ligase activity"
"GO:0006517"	"protein deglycosylation"
"GO:0010959"	"regulation of metal ion transport"
"GO:0030337"	"DNA polymerase processivity factor activity"
"GO:0033745"	"L-methionine-(R)-S-oxide reductase activity"
"GO:0046036"	"CTP metabolic process"
"GO:0003996"	"acyl-CoA ligase activity"
"GO:1990817"	"RNA adenylyltransferase activity"
"GO:0009637"	"response to blue light"
"GO:0009639"	"response to red or far red light"
"GO:0019197"	"phosphoenolpyruvate-dependent sugar phosphotransferase complex"
"GO:0042135"	"neurotransmitter catabolic process"
"GO:0046125"	"pyrimidine deoxyribonucleoside metabolic process"
"GO:0046104"	"thymidine metabolic process"
"GO:0071586"	"CAAX-box protein processing"
"GO:0009008"	"DNA-methyltransferase activity"
"GO:0102559"	"protein-(glutamine-N5) methyltransferase activity"
"GO:0004324"	"ferredoxin-NADP+ reductase activity"
"GO:0008361"	"regulation of cell size"
"GO:0009992"	"cellular water homeostasis"
"GO:0003896"	"DNA primase activity"
"GO:0005363"	"maltose transmembrane transporter activity"
"GO:0042157"	"lipoprotein metabolic process"
"GO:1901618"	"organic hydroxy compound transmembrane transporter activity"
"GO:0006857"	"oligopeptide transport"
"GO:0071451"	"cellular response to superoxide"
"GO:0016411"	"acylglycerol O-acyltransferase activity"
"GO:0046473"	"phosphatidic acid metabolic process"
"GO:0046834"	"lipid phosphorylation"
"GO:0140053"	"mitochondrial gene expression"
"GO:0071805"	"potassium ion transmembrane transport"
"GO:0006101"	"citrate metabolic process"
"GO:0002184"	"cytoplasmic translational termination"
"GO:0018283"	"iron incorporation into metallo-sulfur cluster"
"GO:0050928"	"negative regulation of positive chemotaxis"
"GO:0060326"	"cell chemotaxis"
"GO:0050920"	"regulation of chemotaxis"
"GO:0004523"	"RNA-DNA hybrid ribonuclease activity"
"GO:0032107"	"regulation of response to nutrient levels"
"GO:0019177"	"dihydroneopterin triphosphate pyrophosphohydrolase activity"
"GO:1902222"	"erythrose 4-phosphate/phosphoenolpyruvate family amino acid catabolic process"
"GO:0000502"	"proteasome complex"
"GO:0009376"	"HslUV protease complex"
"GO:0030164"	"protein denaturation"
"GO:0051129"	"negative regulation of cellular component organization"
"GO:0031597"	"cytosolic proteasome complex"
"GO:0000309"	"nicotinamide-nucleotide adenylyltransferase activity"
"GO:0004515"	"nicotinate-nucleotide adenylyltransferase activity"
"GO:0004365"	"glyceraldehyde-3-phosphate dehydrogenase (NAD+) (phosphorylating) activity"
"GO:0008831"	"dTDP-4-dehydrorhamnose reductase activity"
"GO:2001070"	"starch binding"
"GO:0043895"	"cyclomaltodextrin glucanotransferase activity"
"GO:2000377"	"regulation of reactive oxygen species metabolic process"
"GO:0022404"	"molting cycle process"
"GO:0005337"	"nucleoside transmembrane transporter activity"
"GO:0030613"	"oxidoreductase activity, acting on phosphorus or arsenic in donors"
"GO:0002456"	"T cell mediated immunity"
"GO:0046634"	"regulation of alpha-beta T cell activation"
"GO:0031343"	"positive regulation of cell killing"
"GO:0032946"	"positive regulation of mononuclear cell proliferation"
"GO:1903708"	"positive regulation of hemopoiesis"
"GO:0070665"	"positive regulation of leukocyte proliferation"
"GO:0045619"	"regulation of lymphocyte differentiation"
"GO:0005283"	"amino acid:sodium symporter activity"
"GO:0006141"	"regulation of purine nucleobase metabolic process"
"GO:2000371"	"regulation of DNA topoisomerase (ATP-hydrolyzing) activity"
"GO:0019932"	"second-messenger-mediated signaling"
"GO:0031279"	"regulation of cyclase activity"
"GO:0045761"	"regulation of adenylate cyclase activity"
"GO:0051349"	"positive regulation of lyase activity"
"GO:0008673"	"2-dehydro-3-deoxygluconokinase activity"
"GO:0043693"	"monoterpene biosynthetic process"
"GO:0043692"	"monoterpene metabolic process"
"GO:0090066"	"regulation of anatomical structure size"
"GO:0032535"	"regulation of cellular component size"
"GO:0018271"	"biotin-protein ligase activity"
"GO:1902555"	"endoribonuclease complex"
"GO:0044717"	"8-hydroxy-dADP phosphatase activity"
"GO:0008184"	"glycogen phosphorylase activity"
"GO:0070266"	"necroptotic process"
"GO:0005940"	"septin ring"
"GO:0072586"	"DNA topoisomerase (ATP-hydrolyzing) regulator activity"
"GO:0008657"	"DNA topoisomerase (ATP-hydrolyzing) inhibitor activity"
"GO:2000372"	"negative regulation of DNA topoisomerase (ATP-hydrolyzing) activity"
"GO:0043722"	"4-hydroxyphenylacetate decarboxylase activity"
"GO:0008881"	"glutamate racemase activity"
"GO:0004632"	"phosphopantothenate--cysteine ligase activity"
"GO:0042538"	"hyperosmotic salinity response"
"GO:0043484"	"regulation of RNA splicing"
"GO:0071281"	"cellular response to iron ion"
"GO:0005681"	"spliceosomal complex"
"GO:0006884"	"cell volume homeostasis"
"GO:0008381"	"mechanosensitive ion channel activity"
"GO:0019003"	"GDP binding"
"GO:0016744"	"transferase activity, transferring aldehyde or ketonic groups"
"GO:0004556"	"alpha-amylase activity"
"GO:0046374"	"teichoic acid metabolic process"
"GO:0036370"	"D-alanyl carrier activity"
"GO:0006570"	"tyrosine metabolic process"
"GO:0006571"	"tyrosine biosynthetic process"
"GO:0009094"	"L-phenylalanine biosynthetic process"
"GO:0030894"	"replisome"
"GO:0047473"	"D-alanine [D-alanyl carrier protein] ligase activity"
"GO:0006654"	"phosphatidic acid biosynthetic process"
"GO:0047066"	"phospholipid-hydroperoxide glutathione peroxidase activity"
"GO:0004602"	"glutathione peroxidase activity"
"GO:0044033"	"multi-organism metabolic process"
"GO:0035897"	"proteolysis in other organism"
"GO:0061613"	"glycolytic process from glycerol"
"GO:0043916"	"DNA-7-methylguanine glycosylase activity"
"GO:0052821"	"DNA-7-methyladenine glycosylase activity"
"GO:0008725"	"DNA-3-methyladenine glycosylase activity"
"GO:0052822"	"DNA-3-methylguanine glycosylase activity"
"GO:0046107"	"uracil biosynthetic process"
"GO:0017186"	"peptidyl-pyroglutamic acid biosynthetic process, using glutaminyl-peptide cyclotransferase"
"GO:0016603"	"glutaminyl-peptide cyclotransferase activity"
"GO:0009699"	"phenylpropanoid biosynthetic process"
"GO:0035094"	"response to nicotine"
"GO:0050072"	"m7G(5')pppN diphosphatase activity"
"GO:0046341"	"CDP-diacylglycerol metabolic process"
"GO:0102499"	"SHG alpha-glucan phosphorylase activity"
"GO:0044772"	"mitotic cell cycle phase transition"
"GO:0008309"	"double-stranded DNA exodeoxyribonuclease activity"
"GO:0044843"	"cell cycle G1/S phase transition"
"GO:0035295"	"tube development"
"GO:0060047"	"heart contraction"
"GO:0004528"	"phosphodiesterase I activity"
"GO:0047400"	"phosphonoacetate hydrolase activity"
"GO:0008821"	"crossover junction endodeoxyribonuclease activity"
"GO:0006112"	"energy reserve metabolic process"
"GO:0010259"	"multicellular organism aging"
"GO:0032103"	"positive regulation of response to external stimulus"
"GO:0050665"	"hydrogen peroxide biosynthetic process"
"GO:0006171"	"cAMP biosynthetic process"
"GO:0045762"	"positive regulation of adenylate cyclase activity"
"GO:0031281"	"positive regulation of cyclase activity"
"GO:0051339"	"regulation of lyase activity"
"GO:0015225"	"biotin transmembrane transporter activity"
"GO:0031331"	"positive regulation of cellular catabolic process"
"GO:0070873"	"regulation of glycogen metabolic process"
"GO:0017053"	"transcriptional repressor complex"
"GO:0001108"	"bacterial-type RNA polymerase holo enzyme binding"
"GO:0005655"	"nucleolar ribonuclease P complex"
"GO:0047713"	"galactitol 2-dehydrogenase activity"
"GO:0051806"	"entry into cell of other organism involved in symbiotic interaction"
"GO:0001933"	"negative regulation of protein phosphorylation"
"GO:0042326"	"negative regulation of phosphorylation"
"GO:0045862"	"positive regulation of proteolysis"
"GO:0043467"	"regulation of generation of precursor metabolites and energy"
"GO:0032881"	"regulation of polysaccharide metabolic process"
"GO:0044247"	"cellular polysaccharide catabolic process"
"GO:0016208"	"AMP binding"
"GO:0019509"	"L-methionine salvage from methylthioadenosine"
"GO:0005938"	"cell cortex"
"GO:1902410"	"mitotic cytokinetic process"
"GO:0004797"	"thymidine kinase activity"
"GO:0015878"	"biotin transport"
"GO:0018364"	"peptidyl-glutamine methylation"
"GO:0008960"	"phosphatidylglycerol-membrane-oligosaccharide glycerophosphotransferase activity"
"GO:0008972"	"phosphomethylpyrimidine kinase activity"
"GO:0048771"	"tissue remodeling"
"GO:0070098"	"chemokine-mediated signaling pathway"
"GO:0042395"	"ecdysis, collagen and cuticulin-based cuticle"
"GO:1902532"	"negative regulation of intracellular signal transduction"
"GO:0071617"	"lysophospholipid acyltransferase activity"
"GO:0030908"	"protein splicing"
"GO:0061687"	"detoxification of inorganic compound"
"GO:0015079"	"potassium ion transmembrane transporter activity"
"GO:0009279"	"cell outer membrane"
"GO:0070981"	"L-asparagine biosynthetic process"
"GO:0070982"	"L-asparagine metabolic process"
"GO:0051992"	"UDP-N-acetylmuramoyl-L-alanyl-D-glutamyl-meso-2,6-diaminopimelyl-D-alanyl-D-alanine:undecaprenyl-phosphate transferase activity"
"GO:0019546"	"arginine deiminase pathway"
"GO:0016730"	"oxidoreductase activity, acting on iron-sulfur proteins as donors"
"GO:0019901"	"protein kinase binding"
"GO:0015499"	"formate transmembrane transporter activity"
"GO:0102167"	"[protein]-3-O-(N-acetyl-D-glucosaminyl)-L-serine O-N-acetyl-alpha-D-glucosaminase activity"
"GO:1990195"	"macrolide transmembrane transporter complex"
"GO:0071804"	"cellular potassium ion transport"
"GO:0004161"	"dimethylallyltranstransferase activity"
"GO:1903510"	"mucopolysaccharide metabolic process"
"GO:0085029"	"extracellular matrix assembly"
"GO:0004765"	"shikimate kinase activity"
"GO:0050501"	"hyaluronan synthase activity"
"GO:0042303"	"molting cycle"
"GO:0042435"	"indole-containing compound biosynthetic process"
"GO:0043865"	"methionine transmembrane transporter activity"
"GO:0015191"	"L-methionine transmembrane transporter activity"
"GO:0035551"	"protein initiator methionine removal involved in protein maturation"
"GO:0016705"	"oxidoreductase activity, acting on paired donors, with incorporation or reduction of molecular oxygen"
"GO:0007585"	"respiratory gaseous exchange"
"GO:0004343"	"glucosamine 6-phosphate N-acetyltransferase activity"
"GO:0004311"	"farnesyltranstransferase activity"
"GO:0052757"	"chondroitin hydrolase activity"
"GO:0016889"	"endodeoxyribonuclease activity, producing 3'-phosphomonoesters"
"GO:0004622"	"lysophospholipase activity"
"GO:0030696"	"tRNA (m5U54) methyltransferase activity"
"GO:0004124"	"cysteine synthase activity"
"GO:0000377"	"RNA splicing, via transesterification reactions with bulged adenosine as nucleophile"
"GO:0048025"	"negative regulation of mRNA splicing, via spliceosome"
"GO:0031248"	"protein acetyltransferase complex"
"GO:0034754"	"cellular hormone metabolic process"
"GO:2000767"	"positive regulation of cytoplasmic translation"
"GO:1903961"	"positive regulation of anion transmembrane transport"
"GO:0097428"	"protein maturation by iron-sulfur cluster transfer"
"GO:0007163"	"establishment or maintenance of cell polarity"
"GO:0043150"	"DNA synthesis involved in double-strand break repair via homologous recombination"
"GO:2000147"	"positive regulation of cell motility"
"GO:0030213"	"hyaluronan biosynthetic process"
"GO:0090605"	"submerged biofilm formation"
"GO:0030212"	"hyaluronan metabolic process"
"GO:0010954"	"positive regulation of protein processing"
"GO:0098687"	"chromosomal region"
"GO:0032404"	"mismatch repair complex binding"
"GO:0000162"	"tryptophan biosynthetic process"
"GO:0043386"	"mycotoxin biosynthetic process"
"GO:0003939"	"L-iditol 2-dehydrogenase activity"
"GO:0051725"	"protein de-ADP-ribosylation"
"GO:0034077"	"butanediol metabolic process"
"GO:0044065"	"regulation of respiratory system process"
"GO:0002939"	"tRNA N1-guanine methylation"
"GO:0004033"	"aldo-keto reductase (NADP) activity"
"GO:0046372"	"D-arabinose metabolic process"
"GO:0000313"	"organellar ribosome"
"GO:0008937"	"ferredoxin-NAD(P) reductase activity"
"GO:0006382"	"adenosine to inosine editing"
"GO:0008251"	"tRNA-specific adenosine deaminase activity"
"GO:0047151"	"methylenetetrahydrofolate-tRNA-(uracil-5-)-methyltransferase (FADH2-oxidizing) activity"
"GO:0003883"	"CTP synthase activity"
"GO:0005761"	"mitochondrial ribosome"
"GO:0032543"	"mitochondrial translation"
"GO:0019662"	"non-glycolytic fermentation"
"GO:0060090"	"molecular adaptor activity"
"GO:0050819"	"negative regulation of coagulation"
"GO:0050818"	"regulation of coagulation"
"GO:0004106"	"chorismate mutase activity"
"GO:0000784"	"nuclear chromosome, telomeric region"
"GO:0030681"	"multimeric ribonuclease P complex"
"GO:1901401"	"regulation of tetrapyrrole metabolic process"
"GO:0005985"	"sucrose metabolic process"
"GO:0061691"	"detoxification of hydrogen peroxide"
"GO:0005782"	"peroxisomal matrix"
"GO:0002165"	"instar larval or pupal development"
"GO:0042149"	"cellular response to glucose starvation"
"GO:0033931"	"endogalactosaminidase activity"
"GO:0016731"	"oxidoreductase activity, acting on iron-sulfur proteins as donors, NAD or NADP as acceptor"
"GO:0006288"	"base-excision repair, DNA ligation"
"GO:1901562"	"response to paraquat"
"GO:0008218"	"bioluminescence"
"GO:0043527"	"tRNA methyltransferase complex"
"GO:0034036"	"purine ribonucleoside bisphosphate biosynthetic process"
"GO:0010380"	"regulation of chlorophyll biosynthetic process"
"GO:0102212"	"unsaturated chondroitin disaccharide hydrolase activity"
"GO:0009137"	"purine nucleoside diphosphate catabolic process"
"GO:0004371"	"glycerone kinase activity"
"GO:1900750"	"oligopeptide binding"
"GO:0006225"	"UDP biosynthetic process"
"GO:0004664"	"prephenate dehydratase activity"
"GO:0043385"	"mycotoxin metabolic process"
"GO:0030698"	"5,10-methylenetetrahydrofolate-dependent tRNA (m5U54) methyltransferase activity"
"GO:0061640"	"cytoskeleton-dependent cytokinesis"
"GO:1905369"	"endopeptidase complex"
"GO:1903317"	"regulation of protein maturation"
"GO:1990404"	"protein ADP-ribosylase activity"
"GO:0072598"	"protein localization to chloroplast"
"GO:0099634"	"postsynaptic specialization membrane"
"GO:0043295"	"glutathione binding"
"GO:0044716"	"8-oxo-GDP phosphatase activity"
"GO:0032623"	"interleukin-2 production"
"GO:0004326"	"tetrahydrofolylpolyglutamate synthase activity"
"GO:0042823"	"pyridoxal phosphate biosynthetic process"
"GO:0007188"	"adenylate cyclase-modulating G protein-coupled receptor signaling pathway"
"GO:0004000"	"adenosine deaminase activity"
"GO:0008870"	"galactoside O-acetyltransferase activity"
"GO:2000030"	"regulation of response to red or far red light"
"GO:0099699"	"integral component of synaptic membrane"
"GO:0009635"	"response to herbicide"
"GO:0051960"	"regulation of nervous system development"
"GO:0097718"	"disordered domain specific binding"
"GO:0046051"	"UTP metabolic process"
"GO:0030261"	"chromosome condensation"
"GO:0004476"	"mannose-6-phosphate isomerase activity"
"GO:0000155"	"phosphorelay sensor kinase activity"
"GO:0017110"	"nucleoside-diphosphatase activity"
"GO:0030855"	"epithelial cell differentiation"
"GO:0046056"	"dADP metabolic process"
"GO:0010907"	"positive regulation of glucose metabolic process"
"GO:0004733"	"pyridoxamine-phosphate oxidase activity"
"GO:0045948"	"positive regulation of translational initiation"
"GO:0031528"	"microvillus membrane"
"GO:0044715"	"8-oxo-dGDP phosphatase activity"
"GO:1990869"	"cellular response to chemokine"
"GO:1901998"	"toxin transport"
"GO:0008782"	"adenosylhomocysteine nucleosidase activity"
"GO:0050803"	"regulation of synapse structure or activity"
"GO:0030980"	"alpha-glucan catabolic process"
"GO:0046057"	"dADP catabolic process"
"GO:0046067"	"dGDP catabolic process"
"GO:0016553"	"base conversion or substitution editing"
"GO:0046066"	"dGDP metabolic process"
"GO:0061041"	"regulation of wound healing"
"GO:0048473"	"D-methionine transport"
"GO:0030335"	"positive regulation of cell migration"
"GO:0010676"	"positive regulation of cellular carbohydrate metabolic process"
"GO:0030978"	"alpha-glucan metabolic process"
"GO:0072596"	"establishment of protein localization to chloroplast"
"GO:0002239"	"response to oomycetes"
"GO:0008925"	"maltose O-acetyltransferase activity"
"GO:0042214"	"terpene metabolic process"
"GO:0019588"	"anaerobic glycerol catabolic process"
"GO:0032185"	"septin cytoskeleton organization"
"GO:0031220"	"maltodextrin phosphorylase activity"
"GO:0045202"	"synapse"
"GO:0019147"	"(R)-aminopropanol dehydrogenase activity"
"GO:0043335"	"protein unfolding"
"GO:0019900"	"kinase binding"
"GO:0032272"	"negative regulation of protein polymerization"
"GO:0070265"	"necrotic cell death"
"GO:0043424"	"protein histidine kinase binding"
"GO:0009191"	"ribonucleoside diphosphate catabolic process"
"GO:0098948"	"intrinsic component of postsynaptic specialization membrane"
"GO:0033220"	"amide-transporting ATPase activity"
"GO:0015437"	"lipopolysaccharide-transporting ATPase activity"
"GO:0009153"	"purine deoxyribonucleotide biosynthetic process"
"GO:0005319"	"lipid transporter activity"
"GO:0043214"	"bacteriocin-transporting ATPase activity"
"GO:0042132"	"fructose 1,6-bisphosphate 1-phosphatase activity"
"GO:0046053"	"dAMP metabolic process"
"GO:0031300"	"intrinsic component of organelle membrane"
"GO:0008908"	"isochorismatase activity"
"GO:0071456"	"cellular response to hypoxia"
"GO:0070293"	"renal absorption"
"GO:0015168"	"glycerol transmembrane transporter activity"
"GO:0018131"	"oxazole or thiazole biosynthetic process"
"GO:0005186"	"pheromone activity"
"GO:0052838"	"thiazole metabolic process"
"GO:0009664"	"plant-type cell wall organization"
"GO:0010447"	"response to acidic pH"
"GO:0047228"	"1,2-diacylglycerol 3-glucosyltransferase activity"
"GO:0098573"	"intrinsic component of mitochondrial membrane"
"GO:0071467"	"cellular response to pH"
"GO:0015250"	"water channel activity"
"GO:0004551"	"nucleotide diphosphatase activity"
"GO:0031307"	"integral component of mitochondrial outer membrane"
"GO:0018279"	"protein N-linked glycosylation via asparagine"
"GO:0060260"	"regulation of transcription initiation from RNA polymerase II promoter"
"GO:0006367"	"transcription initiation from RNA polymerase II promoter"
"GO:0006360"	"transcription by RNA polymerase I"
"GO:0015439"	"heme-transporting ATPase activity"
"GO:0031301"	"integral component of organelle membrane"
"GO:0003886"	"DNA (cytosine-5-)-methyltransferase activity"
"GO:0035539"	"8-oxo-7,8-dihydrodeoxyguanosine triphosphate pyrophosphatase activity"
"GO:0018196"	"peptidyl-asparagine modification"
"GO:0005741"	"mitochondrial outer membrane"
"GO:0032592"	"integral component of mitochondrial membrane"
"GO:0022885"	"bacteriocin transmembrane transporter activity"
"GO:0090116"	"C-5 methylation of cytosine"
"GO:0098586"	"cellular response to virus"
"GO:0002757"	"immune response-activating signal transduction"
"GO:0039530"	"MDA-5 signaling pathway"
"GO:0030522"	"intracellular receptor signaling pathway"
"GO:0039534"	"negative regulation of MDA-5 signaling pathway"
"GO:0039528"	"cytoplasmic pattern recognition receptor signaling pathway in response to virus"
"GO:0039533"	"regulation of MDA-5 signaling pathway"
"GO:0002764"	"immune response-regulating signaling pathway"
"GO:0090649"	"response to oxygen-glucose deprivation"
"GO:0003097"	"renal water transport"
"GO:0016334"	"establishment or maintenance of polarity of follicular epithelium"
"GO:0043087"	"regulation of GTPase activity"
"GO:0039633"	"killing by virus of host cell"
"GO:0001907"	"killing by symbiont of host cells"
"GO:0044659"	"cytolysis by virus of host cell"
"GO:0001897"	"cytolysis by symbiont of host cells"
"GO:0051818"	"disruption of cells of other organism involved in symbiotic interaction"
"GO:0051801"	"cytolysis in other organism involved in symbiotic interaction"
"GO:0052331"	"hemolysis in other organism involved in symbiotic interaction"
"GO:0015817"	"histidine transport"
"GO:0052020"	"modification by symbiont of host cell wall"
"GO:0052188"	"modification of cellular component in other organism involved in symbiotic interaction"
"GO:0052185"	"modification of structure of other organism involved in symbiotic interaction"
"GO:0052333"	"modification by organism of cell wall of other organism involved in symbiotic interaction"
"GO:0048868"	"pollen tube development"
"GO:0019836"	"hemolysis by symbiont of host erythrocytes"
"GO:0009860"	"pollen tube growth"
"GO:0035011"	"melanotic encapsulation of foreign target"
"GO:0042545"	"cell wall modification"
"GO:0015265"	"urea channel activity"
"GO:0071918"	"urea transmembrane transport"
"GO:0015793"	"glycerol transport"
"GO:0090406"	"pollen tube"
"GO:1904062"	"regulation of cation transmembrane transport"
"GO:0004402"	"histone acetyltransferase activity"
"GO:0035282"	"segmentation"
"GO:0070601"	"centromeric sister chromatid cohesion"
"GO:0034085"	"establishment of sister chromatid cohesion"
"GO:0061053"	"somite development"
"GO:0001756"	"somitogenesis"
"GO:0052043"	"modification by symbiont of host cellular component"
"GO:0035006"	"melanization defense response"
"GO:0005880"	"nuclear microtubule"
"GO:0034330"	"cell junction organization"
"GO:0007017"	"microtubule-based process"
"GO:0097164"	"ammonium ion metabolic process"
"GO:0006582"	"melanin metabolic process"
"GO:0007164"	"establishment of tissue polarity"
"GO:0052858"	"peptidyl-lysine acetyltransferase activity"
"GO:0010485"	"H4 histone acetyltransferase activity"
"GO:0090650"	"cellular response to oxygen-glucose deprivation"
"GO:0071468"	"cellular response to acidic pH"
"GO:0070295"	"renal water absorption"
"GO:0015254"	"glycerol channel activity"
"GO:0031132"	"serine 3-dehydrogenase activity"
"GO:0008442"	"3-hydroxyisobutyrate dehydrogenase activity"
"GO:0044004"	"disruption by symbiont of host cell"
"GO:0051883"	"killing of cells in other organism involved in symbiotic interaction"
"GO:0003413"	"chondrocyte differentiation involved in endochondral bone morphogenesis"
"GO:0043277"	"apoptotic cell clearance"
"GO:0099643"	"signal release from synapse"
"GO:0007269"	"neurotransmitter secretion"
"GO:0047324"	"phosphoenolpyruvate-glycerone phosphotransferase activity"
"GO:0002698"	"negative regulation of immune effector process"
"GO:0034012"	"FAD-AMP lyase (cyclizing) activity"
"GO:0002758"	"innate immune response-activating signal transduction"
"GO:0015837"	"amine transport"
"GO:0009268"	"response to pH"
"GO:0044661"	"disruption by virus of host cell"
"GO:0052111"	"modification by symbiont of host structure"
"GO:0098933"	"disruption by symbiont of host cell envelope"
"GO:0098994"	"disruption of host cell envelope during viral entry"
"GO:0052339"	"disruption by organism of cell wall of other organism involved in symbiotic interaction"
"GO:0098996"	"disruption of host cell glycocalyx during viral entry"
"GO:0046718"	"viral entry into host cell"
"GO:0052368"	"disruption by organism of cellular component in other organism involved in symbiotic interaction"
"GO:0052008"	"disruption by symbiont of host cellular component"
"GO:0009952"	"anterior/posterior pattern specification"
"GO:0071962"	"mitotic sister chromatid cohesion, centromeric"
"GO:0043009"	"chordate embryonic development"
"GO:0009792"	"embryo development ending in birth or egg hatching"
"GO:0034087"	"establishment of mitotic sister chromatid cohesion"
"GO:0016333"	"morphogenesis of follicular epithelium"
"GO:0035010"	"encapsulation of foreign target"
"GO:0009827"	"plant-type cell wall modification"
"GO:0046484"	"oxazole or thiazole metabolic process"
"GO:0004059"	"aralkylamine N-acetyltransferase activity"
"GO:0003433"	"chondrocyte development involved in endochondral bone morphogenesis"
"GO:0050688"	"regulation of defense response to virus"
"GO:0006001"	"fructose catabolic process"
"GO:0035527"	"3-hydroxypropionate dehydrogenase (NADP+) activity"
"GO:0003418"	"growth plate cartilage chondrocyte differentiation"
"GO:0031306"	"intrinsic component of mitochondrial outer membrane"
"GO:0050687"	"negative regulation of defense response to virus"
"GO:0034332"	"adherens junction organization"
"GO:0005874"	"microtubule"
"GO:0010118"	"stomatal movement"
"GO:0002221"	"pattern recognition receptor signaling pathway"
"GO:0099513"	"polymeric cytoskeletal fiber"
"GO:0052837"	"thiazole biosynthetic process"
"GO:0043547"	"positive regulation of GTPase activity"
"GO:0009846"	"pollen germination"
"GO:0039532"	"negative regulation of viral-induced cytoplasmic pattern recognition receptor signaling pathway"
"GO:0050354"	"triokinase activity"
"GO:0019874"	"6-aminohexanoate-cyclic-dimer hydrolase activity"
"GO:0039531"	"regulation of viral-induced cytoplasmic pattern recognition receptor signaling pathway"
"GO:0002753"	"cytoplasmic pattern recognition receptor signaling pathway"
"GO:0018904"	"ether metabolic process"
"GO:0050470"	"trimethylamine dehydrogenase activity"
"GO:0006888"	"ER to Golgi vesicle-mediated transport"
"GO:0048193"	"Golgi vesicle transport"
"GO:0052910"	"23S rRNA (adenine(2085)-N(6))-dimethyltransferase activity"
"GO:0044826"	"viral genome integration into host DNA"
"GO:0032359"	"provirus excision"
"GO:0019046"	"release from viral latency"
"GO:0019045"	"latent virus replication"
"GO:0009254"	"peptidoglycan turnover"
"GO:0005788"	"endoplasmic reticulum lumen"
"GO:0075713"	"establishment of integrated proviral latency"
"GO:0019043"	"establishment of viral latency"
"GO:0034040"	"lipid-transporting ATPase activity"
"GO:0031032"	"actomyosin structure organization"
"GO:0055001"	"muscle cell development"
"GO:0097435"	"supramolecular fiber organization"
"GO:0015666"	"restriction endodeoxyribonuclease activity"
"GO:0009036"	"type II site-specific deoxyribonuclease activity"
"GO:0001171"	"reverse transcription"
"GO:0008880"	"glucuronate isomerase activity"
"GO:0019389"	"glucuronoside metabolic process"
"GO:0004566"	"beta-glucuronidase activity"
"GO:0102483"	"scopolin beta-glucosidase activity"
"GO:0043243"	"positive regulation of protein complex disassembly"
"GO:0010827"	"regulation of glucose transmembrane transport"
"GO:0014745"	"negative regulation of muscle adaptation"
"GO:0060123"	"regulation of growth hormone secretion"
"GO:0043502"	"regulation of muscle adaptation"
"GO:0060124"	"positive regulation of growth hormone secretion"
"GO:0014887"	"cardiac muscle adaptation"
"GO:0008927"	"mannonate dehydratase activity"
"GO:0009399"	"nitrogen fixation"
"GO:0055002"	"striated muscle cell development"
"GO:0010927"	"cellular component assembly involved in morphogenesis"
"GO:0048786"	"presynaptic active zone"
"GO:0099003"	"vesicle-mediated transport in synapse"
"GO:0016079"	"synaptic vesicle exocytosis"
"GO:0099504"	"synaptic vesicle cycle"
"GO:0098793"	"presynapse"
"GO:0000746"	"conjugation"
"GO:0009291"	"unidirectional conjugation"
"GO:0003964"	"RNA-directed DNA polymerase activity"
"GO:0032197"	"transposition, RNA-mediated"
"GO:0019391"	"glucuronoside catabolic process"
"GO:0016139"	"glycoside catabolic process"
"GO:0030239"	"myofibril assembly"
"GO:0048738"	"cardiac muscle tissue development"
"GO:0060537"	"muscle tissue development"
"GO:0014706"	"striated muscle tissue development"
"GO:0042692"	"muscle cell differentiation"
"GO:0030029"	"actin filament-based process"
"GO:0051146"	"striated muscle cell differentiation"
"GO:0000820"	"regulation of glutamine family amino acid metabolic process"
"GO:0000821"	"regulation of arginine metabolic process"
"GO:0006521"	"regulation of cellular amino acid metabolic process"
"GO:0033240"	"positive regulation of cellular amine metabolic process"
"GO:0033241"	"regulation of cellular amine catabolic process"
"GO:1900081"	"regulation of arginine catabolic process"
"GO:2000284"	"positive regulation of cellular amino acid biosynthetic process"
"GO:1900079"	"regulation of arginine biosynthetic process"
"GO:0033238"	"regulation of cellular amine metabolic process"
"GO:0046324"	"regulation of glucose import"
"GO:0010524"	"positive regulation of calcium ion transport into cytosol"
"GO:0060402"	"calcium ion transport into cytosol"
"GO:0046326"	"positive regulation of glucose import"
"GO:0051480"	"regulation of cytosolic calcium ion concentration"
"GO:0010828"	"positive regulation of glucose transmembrane transport"
"GO:0010616"	"negative regulation of cardiac muscle adaptation"
"GO:0010561"	"negative regulation of glycoprotein biosynthetic process"
"GO:0010612"	"regulation of cardiac muscle adaptation"
"GO:0030252"	"growth hormone secretion"
"GO:0043500"	"muscle adaptation"
"GO:0003254"	"regulation of membrane depolarization"
"GO:0051882"	"mitochondrial depolarization"
"GO:0060051"	"negative regulation of protein glycosylation"
"GO:0051900"	"regulation of mitochondrial depolarization"
"GO:0051901"	"positive regulation of mitochondrial depolarization"
"GO:0010559"	"regulation of glycoprotein biosynthetic process"
"GO:0060401"	"cytosolic calcium ion transport"
"GO:0007204"	"positive regulation of cytosolic calcium ion concentration"
"GO:0010522"	"regulation of calcium ion transport into cytosol"
"GO:0051881"	"regulation of mitochondrial membrane potential"
"GO:2000282"	"regulation of cellular amino acid biosynthetic process"
"GO:0047823"	"D-glutamyltransferase activity"
"GO:0030036"	"actin cytoskeleton organization"
"GO:0000373"	"Group II intron splicing"
"GO:1904181"	"positive regulation of membrane depolarization"
"GO:0060049"	"regulation of protein glycosylation"
"GO:0051899"	"membrane depolarization"
"GO:1903019"	"negative regulation of glycoprotein metabolic process"
"GO:1903018"	"regulation of glycoprotein metabolic process"
"GO:0051672"	"catabolism by organism of cell wall peptidoglycan in other organism"
"GO:0006278"	"RNA-dependent DNA biosynthetic process"
"GO:0032199"	"reverse transcription involved in RNA-mediated transposition"
"GO:0030115"	"S-layer"
"GO:0008967"	"phosphoglycolate phosphatase activity"
"GO:0055036"	"virion membrane"
"GO:0044278"	"cell wall disruption in other organism"
"GO:0006027"	"glycosaminoglycan catabolic process"
"GO:0006026"	"aminoglycan catabolic process"
"GO:0014888"	"striated muscle adaptation"
"GO:0045764"	"positive regulation of cellular amino acid metabolic process"
"GO:0044041"	"multi-organism carbohydrate catabolic process"
"GO:0048545"	"response to steroid hormone"
"GO:0044035"	"multi-organism catabolic process"
"GO:0044040"	"multi-organism carbohydrate metabolic process"
"GO:0098026"	"virus tail, tube"
"GO:0046821"	"extrachromosomal DNA"
"GO:0033120"	"positive regulation of RNA splicing"
"GO:1905214"	"regulation of RNA binding"
"GO:0099177"	"regulation of trans-synaptic signaling"
"GO:0001514"	"selenocysteine incorporation"
"GO:1990090"	"cellular response to nerve growth factor stimulus"
"GO:0045944"	"positive regulation of transcription by RNA polymerase II"
"GO:1990089"	"response to nerve growth factor"
"GO:0050890"	"cognition"
"GO:0099170"	"postsynaptic modulation of chemical synaptic transmission"
"GO:0007611"	"learning or memory"
"GO:0050805"	"negative regulation of synaptic transmission"
"GO:0035613"	"RNA stem-loop binding"
"GO:0099524"	"postsynaptic cytosol"
"GO:0072715"	"cellular response to selenite ion"
"GO:1904573"	"regulation of selenocysteine insertion sequence binding"
"GO:1905114"	"cell surface receptor signaling pathway involved in cell-cell signaling"
"GO:0035368"	"selenocysteine insertion sequence binding"
"GO:0140243"	"regulation of translation at synapse"
"GO:0048026"	"positive regulation of mRNA splicing, via spliceosome"
"GO:0007612"	"learning"
"GO:0099547"	"regulation of translation at synapse, modulating synaptic transmission"
"GO:0099522"	"region of cytosol"
"GO:0099565"	"chemical synaptic transmission, postsynaptic"
"GO:1904569"	"regulation of selenocysteine incorporation"
"GO:0060078"	"regulation of postsynaptic membrane potential"
"GO:0031644"	"regulation of neurological system process"
"GO:1903313"	"positive regulation of mRNA metabolic process"
"GO:0098978"	"glutamatergic synapse"
"GO:0050685"	"positive regulation of mRNA processing"
"GO:0006451"	"translational readthrough"
"GO:0098815"	"modulation of excitatory postsynaptic potential"
"GO:1905215"	"negative regulation of RNA binding"
"GO:0072714"	"response to selenite ion"
"GO:1904570"	"negative regulation of selenocysteine incorporation"
"GO:1904572"	"negative regulation of mRNA binding"
"GO:0007610"	"behavior"
"GO:1904574"	"negative regulation of selenocysteine insertion sequence binding"
"GO:1990416"	"cellular response to brain-derived neurotrophic factor stimulus"
"GO:0008306"	"associative learning"
"GO:0031645"	"negative regulation of neurological system process"
"GO:0035640"	"exploration behavior"
"GO:0090394"	"negative regulation of excitatory postsynaptic potential"
"GO:1902415"	"regulation of mRNA binding"
"GO:0140245"	"regulation of translation at postsynapse"
"GO:0060079"	"excitatory postsynaptic potential"
"GO:0030199"	"collagen fibril organization"
"GO:0038187"	"pattern recognition receptor activity"
"GO:0006898"	"receptor-mediated endocytosis"
"GO:0099578"	"regulation of translation at postsynapse, modulating synaptic transmission"
"GO:0050804"	"modulation of chemical synaptic transmission"
"GO:0008329"	"signaling pattern recognition receptor activity"
"GO:0046332"	"SMAD binding"
"GO:0006312"	"mitotic recombination"
"GO:0050242"	"pyruvate, phosphate dikinase activity"
"GO:0009012"	"aminoglycoside 3''-adenylyltransferase activity"
