"entity_id"	"core_entity_id"	"core_consensus_annotation"
"EW021_RS00005"	"g010876"	"chromosomal replication initiator protein DnaA"
"EW021_RS00010"	"g009819"	"DNA polymerase III subunit beta"
"EW021_RS00015"	"g008944"	"DUF951 family protein"
"EW021_RS00020"	"g000450"	"redox-regulated ATPase YchF"
"EW021_RS00025"	"g006638"	"aminoacyl-tRNA hydrolase"
"EW021_RS00030"	"g011081"	"transcription-repair coupling factor"
"EW021_RS00035"	"g003744"	"RNA-binding S4 domain-containing protein"
"EW021_RS00040"	"g007687"	"septum formation initiator family protein"
"EW021_RS00045"	"g009310"	"serine hydrolase"
"EW021_RS00050"	"g009311"	"tRNA lysidine(34) synthetase TilS"
"EW021_RS00055"	"g002984"	"hypoxanthine phosphoribosyltransferase"
"EW021_RS00060"	"g000951"	"ATP-dependent zinc metalloprotease FtsH"
"EW021_RS00065"	"g010780"	"amino acid permease"
"EW021_RS00175"	"g014519"	"None"
"EW021_RS00180"	"g009619"	"CHAP domain-containing protein"
"EW021_RS00185"	"g000509"	"ribose-phosphate diphosphokinase"
"EW021_RS00190"	"g012758"	"DNA repair protein RecO"
"EW021_RS00195"	"g005285"	"phosphate acyltransferase PlsX"
"EW021_RS00200"	"g001748"	"acyl carrier protein"
"EW021_RS00205"	"g002595"	"phosphoribosylaminoimidazolesuccinocarboxamide synthase"
"EW021_RS00210"	"g005055"	"phosphoribosylformylglycinamidine synthase"
"EW021_RS00215"	"g004815"	"amidophosphoribosyltransferase"
"EW021_RS00220"	"g000505"	"phosphoribosylformylglycinamidine cyclo-ligase"
"EW021_RS00225"	"g006730"	"phosphoribosylglycinamide formyltransferase"
"EW021_RS00230"	"g002105"	"bifunctional phosphoribosylaminoimidazolecarboxamide formyltransferase/IMP cyclohydrolase"
"EW021_RS00235"	"g009854"	"CHAP domain-containing protein"
"EW021_RS00240"	"g001887"	"phosphoribosylamine--glycine ligase"
"EW021_RS00245"	"g000662"	"5-(carboxyamino)imidazole ribonucleotide mutase"
"EW021_RS00250"	"g000916"	"5-(carboxyamino)imidazole ribonucleotide synthase"
"EW021_RS00255"	"g010386"	"abortive infection protein"
"EW021_RS00260"	"g004124"	"adenylosuccinate lyase"
"EW021_RS00265"	"g011950"	"helix-turn-helix transcriptional regulator"
"EW021_RS00270"	"g001085"	"Holliday junction branch migration DNA helicase RuvB"
"EW021_RS00275"	"g007316"	"low molecular weight phosphotyrosine protein phosphatase"
"EW021_RS00280"	"g007494"	"membrane protein"
"EW021_RS00285"	"g010246"	"acetyltransferase"
"EW021_RS00290"	"g005099"	"bifunctional acetaldehyde-CoA/alcohol dehydrogenase"
"EW021_RS00295"	"g001078"	"alcohol dehydrogenase AdhP"
"EW021_RS00300"	"g009299"	"MATE family efflux transporter"
"EW021_RS00305"	"g001655"	"30S ribosomal protein S10"
"EW021_RS00310"	"g001250"	"50S ribosomal protein L3"
"EW021_RS00315"	"g002792"	"50S ribosomal protein L4"
"EW021_RS00320"	"g003670"	"50S ribosomal protein L23"
"EW021_RS00325"	"g002480"	"50S ribosomal protein L2"
"EW021_RS00330"	"g001697"	"30S ribosomal protein S19"
"EW021_RS00335"	"g000755"	"50S ribosomal protein L22"
"EW021_RS00340"	"g001268"	"30S ribosomal protein S3"
"EW021_RS00345"	"g000710"	"50S ribosomal protein L16"
"EW021_RS00350"	"g000833"	"50S ribosomal protein L29"
"EW021_RS00355"	"g000817"	"30S ribosomal protein S17"
"EW021_RS00360"	"g001586"	"50S ribosomal protein L14"
"EW021_RS00365"	"g000784"	"50S ribosomal protein L24"
"EW021_RS00370"	"g001397"	"50S ribosomal protein L5"
"EW021_RS00375"	"g000383"	"30S ribosomal protein S14"
"EW021_RS00380"	"g001557"	"30S ribosomal protein S8"
"EW021_RS00385"	"g002997"	"50S ribosomal protein L6"
"EW021_RS00390"	"g001600"	"50S ribosomal protein L18"
"EW021_RS00395"	"g000665"	"30S ribosomal protein S5"
"EW021_RS00400"	"g000852"	"50S ribosomal protein L30"
"EW021_RS00405"	"g000703"	"50S ribosomal protein L15"
"EW021_RS00410"	"g011005"	"preprotein translocase subunit SecY"
"EW021_RS00415"	"g002744"	"adenylate kinase"
"EW021_RS00420"	"g001776"	"translation initiation factor IF-1"
"EW021_RS00425"	"g014520"	"None"
"EW021_RS00430"	"g000745"	"30S ribosomal protein S13"
"EW021_RS00435"	"g000732"	"30S ribosomal protein S11"
"EW021_RS00440"	"g005441"	"DNA-directed RNA polymerase subunit alpha"
"EW021_RS00445"	"g003419"	"50S ribosomal protein L17"
"EW021_RS00530"	"g009065"	"hypothetical protein"
"EW021_RS00535"	"g014521"	"None"
"EW021_RS00545"	"g003942"	"4-diphosphocytidyl-2C-methyl-D-erythritol kinase"
"EW021_RS00550"	"g007284"	"MarR family transcriptional regulator"
"EW021_RS00555"	"g012939"	"metal ABC transporter ATP-binding protein"
"EW021_RS00560"	"g012439"	"iron chelate uptake ABC transporter family permease subunit"
"EW021_RS00565"	"g003427"	"HIT family protein"
"EW021_RS00570"	"g000226"	"tyrosine--tRNA ligase"
"EW021_RS00575"	"g011240"	"penicillin-binding protein"
"EW021_RS00580"	"g002223"	"DNA-directed RNA polymerase subunit beta"
"EW021_RS00585"	"g001032"	"DNA-directed RNA polymerase subunit beta'"
"EW021_RS00590"	"g007708"	"DUF1033 family protein"
"EW021_RS00595"	"g011796"	"competence protein CglA"
"EW021_RS00600"	"g011567"	"type II secretion system F family protein"
"EW021_RS00605"	"g007967"	"prepilin-type N-terminal cleavage/methylation domain-containing protein"
"EW021_RS00610"	"g007363"	"competence protein"
"EW021_RS00615"	"g003862"	"competence protein ComG"
"EW021_RS00620"	"g003292"	"competence protein ComG"
"EW021_RS00625"	"g007968"	"hypothetical protein"
"EW021_RS00630"	"g011710"	"class I SAM-dependent methyltransferase"
"EW021_RS00635"	"g001921"	"acetate kinase"
"EW021_RS00640"	"g003635"	"hypothetical protein"
"EW021_RS00645"	"g012683"	"pyrroline-5-carboxylate reductase"
"EW021_RS00650"	"g011243"	"glutamyl aminopeptidase"
"EW021_RS00655"	"g009208"	"hypothetical protein"
"EW021_RS00660"	"g008253"	"DUF4651 domain-containing protein"
"EW021_RS00665"	"g008032"	"thioredoxin family protein"
"EW021_RS00670"	"g006388"	"DUF4479 and tRNA-binding domain-containing protein"
"EW021_RS00675"	"g000102_2"	"single-stranded DNA-binding protein"
"EW021_RS00680"	"g006314"	"deoxynucleoside kinase"
"EW021_RS00685"	"g011616"	"tRNA dihydrouridine synthase DusB"
"EW021_RS00690"	"g012149"	"Hsp33 family molecular chaperone HslO"
"EW021_RS00695"	"g010574"	"hypothetical protein"
"EW021_RS00705"	"g000236"	"fibronectin-binding protein SfbI"
"EW021_RS00710"	"g006710"	"signal peptidase I"
"EW021_RS00715"	"g011400"	"FCT-2 pilus major pilin FctA"
"EW021_RS00720"	"g012968"	"FCT-2 pilus polymerization class B sortase SrtC1"
"EW021_RS00725"	"g006289"	"FCT-2 pilus minor pilin FctB"
"EW021_RS00730"	"g010885"	"IS66 family transposase"
"EW021_RS00735"	"g008665"	"hypothetical protein"
"EW021_RS00740"	"g007818"	"IS66 family insertion sequence element accessory protein TnpB"
"EW021_RS00750"	"g005722"	"class C sortase"
"EW021_RS00755"	"g001246"	"hypothetical protein"
"EW021_RS00760"	"g010817"	"short-chain fatty acid transporter"
"EW021_RS00770"	"g000057"	"acetyl-CoA C-acetyltransferase"
"EW021_RS00775"	"g001255"	"CoA transferase subunit A"
"EW021_RS00780"	"g000162"	"CoA transferase subunit B"
"EW021_RS00785"	"g006145"	"transcriptional regulator"
"EW021_RS00790"	"g007709"	"RidA family protein"
"EW021_RS00795"	"g005259"	"PTS fructose transporter subunit IIC"
"EW021_RS00800"	"g008006"	"hypothetical protein"
"EW021_RS00805"	"g010119"	"V-type ATP synthase subunit I"
"EW021_RS00810"	"g007079"	"V-type ATP synthase subunit K"
"EW021_RS00815"	"g006565"	"V-type ATP synthase subunit E"
"EW021_RS00820"	"g011508"	"V-type ATP synthase subunit C"
"EW021_RS00825"	"g008007"	"V-type ATP synthase subunit F"
"EW021_RS00830"	"g010247"	"V-type ATP synthase alpha chain"
"EW021_RS00835"	"g010729"	"V-type ATP synthase subunit B"
"EW021_RS00840"	"g006389"	"V-type ATP synthase subunit D"
"EW021_RS00845"	"g009388"	"toxic anion resistance protein"
"EW021_RS00850"	"g012121"	"hypothetical protein"
"EW021_RS00855"	"g004125"	"adenylosuccinate synthase"
"EW021_RS00860"	"g005195_2"	"BMP family ABC transporter substrate-binding protein"
"EW021_RS00865"	"g002975"	"transcription termination/antitermination protein NusG"
"EW021_RS00870"	"g010877"	"nicotine adenine dinucleotide glycohydrolase"
"EW021_RS00875"	"g001451"	"NAD glycohydrolase inhibitor"
"EW021_RS00880"	"g010303"	"cholesterol-dependent cytolysin streptolysin O"
"EW021_RS00885"	"g001506"	"hypothetical protein"
"EW021_RS00890"	"g000824_1"	"hypothetical protein"
"EW021_RS00895"	"g000824_2"	"hypothetical protein"
"EW021_RS00900"	"g001667"	"hypothetical protein"
"EW021_RS00905"	"g009812"	"PLP-dependent transferase"
"EW021_RS00910"	"g005121"	"leucine--tRNA ligase"
"EW021_RS00915"	"g010697"	"PTS sugar transporter subunit IIC"
"EW021_RS00920"	"g008290"	"PTS sugar transporter subunit IIB"
"EW021_RS00925"	"g003121"	"PTS ascorbate transporter subunit IIA"
"EW021_RS00930"	"g006236"	"3-keto-L-gulonate-6-phosphate decarboxylase UlaD"
"EW021_RS00935"	"g000061"	"L-ribulose-5-phosphate 3-epimerase"
"EW021_RS00940"	"g000015"	"L-ribulose-5-phosphate 4-epimerase"
"EW021_RS00945"	"g001847"	"hypothetical protein"
"EW021_RS00950"	"g010385"	"transcription antiterminator"
"EW021_RS00955"	"g001996"	"L-ascorbate 6-phosphate lactonase"
"EW021_RS00960"	"g009620"	"glycine betaine/L-proline ABC transporter ATP-binding protein"
"EW021_RS00965"	"g010288"	"ABC transporter permease subunit"
"EW021_RS00970"	"g011164"	"DNA polymerase I"
"EW021_RS00975"	"g003229"	"CoA-binding protein"
"EW021_RS00980"	"g007144"	"peroxide-responsive transcriptional repressor PerR"
"EW021_RS00985"	"g003665"	"hypothetical protein"
"EW021_RS00990"	"g010940"	"phosphoadenosine phosphosulfate reductase"
"EW021_RS00995"	"g006846"	"ParB-like nuclease domain-containing protein"
"EW021_RS01000"	"g008829"	"hypothetical protein"
"EW021_RS01015"	"g010991"	"C4-dicarboxylate ABC transporter"
"EW021_RS01020"	"g012151"	"carboxylating nicotinate-nucleotide diphosphorylase"
"EW021_RS01025"	"g014522"	"None"
"EW021_RS01025"	"g014523"	"None"
"EW021_RS01030"	"g012203"	"DUF975 family protein"
"EW021_RS01035"	"g000912"	"tRNA guanosine(34) transglycosylase Tgt"
"EW021_RS01040"	"g003628"	"hypothetical protein"
"EW021_RS01045"	"g002992"	"biotin transporter BioY"
"EW021_RS01050"	"g012633"	"MBL fold metallo-hydrolase"
"EW021_RS01055"	"g006916"	"nucleoside deaminase"
"EW021_RS01060"	"g009494"	"hypothetical protein"
"EW021_RS01070"	"g013009"	"streptococcal pyrogenic exotoxin SpeG"
"EW021_RS01075"	"g004968"	"glucose-6-phosphate isomerase"
"EW021_RS01080"	"g010534"	"hypothetical protein"
"EW021_RS01085"	"g009828"	"ISAs1-like element IS1548 family transposase"
"EW021_RS01090"	"g011905"	"metal ABC transporter substrate-binding lipoprotein/laminin-binding adhesin Lmb"
"EW021_RS01095"	"g011198"	"pneumococcal-type histidine triad protein"
"EW021_RS01100"	"g003964_1"	"CsbD family protein"
"EW021_RS01105"	"g006390"	"ABC transporter ATP-binding protein"
"EW021_RS01110"	"g012507"	"ABC transporter ATP-binding protein"
"EW021_RS01115"	"g012412"	"ABC transporter permease"
"EW021_RS01120"	"g011620"	"ABC transporter permease"
"EW021_RS01125"	"g010404"	"ABC transporter substrate-binding protein"
"EW021_RS01130"	"g008385"	"hypothetical protein"
"EW021_RS01135"	"g002634"	"streptococcal mitogenic exotoxin SmeZ"
"EW021_RS01140"	"g003066"	"DNA topology modulation protein"
"EW021_RS01145"	"g003278"	"GNAT family N-acetyltransferase"
"EW021_RS01160"	"g004162"	"replication-associated recombination protein A"
"EW021_RS01165"	"g006657"	"aminodeoxychorismate/anthranilate synthase component II"
"EW021_RS01170"	"g000974"	"aminodeoxychorismate synthase component I"
"EW021_RS01175"	"g003185"	"DUF3013 family protein"
"EW021_RS01180"	"g002362"	"50S ribosomal protein L11 methyltransferase"
"EW021_RS01185"	"g001173"	"16S rRNA (uracil(1498)-N(3))-methyltransferase"
"EW021_RS01190"	"g010053"	"PTS glucose transporter subunit IIABC"
"EW021_RS01195"	"g012426"	"endonuclease/exonuclease/phosphatase family protein"
"EW021_RS01200"	"g007061"	"class Ib ribonucleoside-diphosphate reductase assembly flavoprotein NrdI"
"EW021_RS01205"	"g000009_1"	"LPXTG cell wall anchor domain-containing protein"
"EW021_RS01210"	"g010043"	"bifunctional (p)ppGpp synthetase/guanosine-3'%2C5'-bis(diphosphate) 3'-pyrophosphohydrolase"
"EW021_RS01215"	"g003267"	"D-tyrosyl-tRNA(Tyr) deacylase"
"EW021_RS01220"	"g001024"	"streptokinase"
"EW021_RS01225"	"g005721"	"PucR family transcriptional regulator"
"EW021_RS01230"	"g000915"	"sn-glycerol-3-phosphate ABC transporter ATP-binding protein UgpC"
"EW021_RS01235"	"g004723"	"alpha-glucosidase"
"EW021_RS01240"	"g008638"	"hypothetical protein"
"EW021_RS01245"	"g002229"	"pullulanase"
"EW021_RS01250"	"g007668"	"thiol reductase thioredoxin"
"EW021_RS01255"	"g007712"	"preprotein translocase subunit YajC"
"EW021_RS01260"	"g005901"	"isoprenyl transferase"
"EW021_RS01265"	"g012552"	"phosphatidate cytidylyltransferase"
"EW021_RS01270"	"g009402"	"RIP metalloprotease RseP"
"EW021_RS01275"	"g010198"	"proline--tRNA ligase"
"EW021_RS01280"	"g011053"	"PolC-type DNA polymerase III"
"EW021_RS01285"	"g007365"	"MarR family transcriptional regulator"
"EW021_RS01290"	"g006781"	"NAD(P)H-dependent oxidoreductase"
"EW021_RS01295"	"g002815"	"peptide deformylase"
"EW021_RS01300"	"g008359"	"transcriptional regulator"
"EW021_RS01305"	"g009228"	"hypothetical protein"
"EW021_RS01310"	"g000394"	"30S ribosomal protein S15"
"EW021_RS01315"	"g010103"	"BglG family transcription antiterminator"
"EW021_RS01320"	"g008255"	"PTS sugar transporter subunit IIB"
"EW021_RS01325"	"g000871"	"PTS ascorbate transporter subunit IIC"
"EW021_RS01330"	"g001185"	"transaldolase"
"EW021_RS01335"	"g000110"	"polyribonucleotide nucleotidyltransferase"
"EW021_RS01340"	"g012780"	"SseB family protein"
"EW021_RS01345"	"g006579"	"serine O-acetyltransferase"
"EW021_RS01350"	"g000036_1"	"hypothetical protein"
"EW021_RS01355"	"g008637"	"hypothetical protein"
"EW021_RS01360"	"g004893"	"cysteine--tRNA ligase"
"EW021_RS01365"	"g007441"	"Mini-ribonuclease 3"
"EW021_RS01370"	"g012538"	"hypothetical protein"
"EW021_RS01375"	"g012806"	"23S rRNA (guanosine(2251)-2'-O)-methyltransferase RlmB"
"EW021_RS01380"	"g006907"	"NYN domain-containing protein"
"EW021_RS01385"	"g012223"	"DegV family protein"
"EW021_RS01390"	"g000648"	"hypothetical protein"
"EW021_RS01395"	"g000302"	"helix-turn-helix transcriptional regulator"
"EW021_RS01400"	"g000700"	"50S ribosomal protein L13"
"EW021_RS01405"	"g001558"	"30S ribosomal protein S9"
"EW021_RS01415"	"g003557"	"type II toxin-antitoxin system RelE/ParE family toxin"
"EW021_RS01420"	"g008243"	"DNA-damage-inducible protein J"
"EW021_RS01430"	"g005890_2"	"DeoR/GlpR transcriptional regulator"
"EW021_RS01435"	"g000713_1"	"galactose-6-phosphate isomerase subunit LacA"
"EW021_RS01440"	"g000657_2"	"galactose-6-phosphate isomerase subunit LacB"
"EW021_RS01445"	"g002382"	"tagatose-6-phosphate kinase"
"EW021_RS01450"	"g002337"	"tagatose-bisphosphate aldolase"
"EW021_RS01455"	"g003604"	"PTS lactose/cellobiose transporter subunit IIA"
"EW021_RS01460"	"g004650"	"PTS lactose EIICB component"
"EW021_RS01465"	"g004879"	"6-phospho-beta-galactosidase"
"EW021_RS01470"	"g009227"	"type A2 lantipeptide"
"EW021_RS01475"	"g000988"	"DUF4135 domain-containing protein"
"EW021_RS01480"	"g014524"	"None"
"EW021_RS01485"	"g001181"	"ABC transporter ATP-binding protein"
"EW021_RS01490"	"g002046"	"FtsX-like permease family protein"
"EW021_RS01495"	"g002114"	"ATP-binding protein"
"EW021_RS01500"	"g006479"	"response regulator transcription factor"
"EW021_RS01505"	"g008913"	"hypothetical protein"
"EW021_RS01510"	"g010440"	"type I restriction-modification system subunit M"
"EW021_RS01515"	"g000897"	"restriction endonuclease subunit S"
"EW021_RS01520"	"g011125"	"type I restriction endonuclease subunit R"
"EW021_RS01525"	"g010001"	"glycerate kinase"
"EW021_RS01560"	"g006744"	"sigma-70 family RNA polymerase sigma factor"
"EW021_RS01570"	"g014525"	"None"
"EW021_RS01575"	"g006566"	"YqeG family HAD IIIA-type phosphatase"
"EW021_RS01580"	"g004388"	"ribosome biogenesis GTPase YqeH"
"EW021_RS01585"	"g008101"	"ribosome assembly RNA-binding protein YhbY"
"EW021_RS01590"	"g006356"	"nicotinate-nucleotide adenylyltransferase"
"EW021_RS01595"	"g002860"	"HD domain-containing protein"
"EW021_RS01600"	"g001582"	"ribosome silencing factor"
"EW021_RS01605"	"g005852"	"class I SAM-dependent methyltransferase"
"EW021_RS01610"	"g009900"	"nucleotidyltransferase"
"EW021_RS01615"	"g009260"	"hypothetical protein"
"EW021_RS01620"	"g002614"	"YebC/PmpR family DNA-binding transcriptional regulator"
"EW021_RS01625"	"g012302"	"amino acid ABC transporter substrate-binding protein"
"EW021_RS01630"	"g012289"	"MetQ/NlpA family ABC transporter substrate-binding protein"
"EW021_RS01635"	"g000038"	"methionine ABC transporter ATP-binding protein"
"EW021_RS01640"	"g013067"	"ABC transporter permease"
"EW021_RS01645"	"g010835"	"branched-chain amino acid transport system II carrier protein"
"EW021_RS01650"	"g001897"	"serine/threonine transporter SstT"
"EW021_RS01655"	"g006175"	"TrkA family potassium uptake protein"
"EW021_RS01660"	"g010781"	"TrkH family potassium uptake protein"
"EW021_RS01665"	"g006034"	"16S rRNA (guanine(527)-N(7))-methyltransferase RsmG"
"EW021_RS01670"	"g006704"	"LemA family protein"
"EW021_RS01675"	"g012033"	"zinc metalloprotease HtpX"
"EW021_RS01680"	"g006816"	"DUF177 domain-containing protein"
"EW021_RS01685"	"g002657"	"response regulator transcription factor ArlR"
"EW021_RS01690"	"g010546"	"HAMP domain-containing histidine kinase"
"EW021_RS01695"	"g003099"	"transcriptional repressor NrdR"
"EW021_RS01700"	"g009688"	"replication initiation and membrane attachment protein"
"EW021_RS01705"	"g012001"	"primosomal protein DnaI"
"EW021_RS01710"	"g005022"	"ribosome biogenesis GTPase Der"
"EW021_RS01715"	"g011115"	"DEAD/DEAH box helicase"
"EW021_RS01720"	"g006490"	"hypothetical protein"
"EW021_RS01725"	"g004999"	"UDP-N-acetylmuramate--L-alanine ligase"
"EW021_RS01730"	"g007058"	"GNAT family N-acetyltransferase"
"EW021_RS01735"	"g004742"	"endolytic transglycosylase MltG"
"EW021_RS01740"	"g003130"	"transcription elongation factor GreA"
"EW021_RS01745"	"g011890"	"membrane protein insertase YidC"
"EW021_RS01750"	"g008291"	"acylphosphatase"
"EW021_RS01755"	"g014526"	"None"
"EW021_RS01760"	"g009828"	"ISAs1-like element IS1548 family transposase"
"EW021_RS01765"	"g012862"	"RNA methyltransferase"
"EW021_RS01770"	"g006971"	"HD domain-containing protein"
"EW021_RS01775"	"g013080"	"Bax inhibitor-1/YccA family protein"
"EW021_RS01780"	"g008545"	"YneF family protein"
"EW021_RS01785"	"g012550"	"glutamate racemase"
"EW021_RS01790"	"g011568"	"nucleoside-triphosphate diphosphatase"
"EW021_RS01795"	"g006886"	"metallophosphoesterase"
"EW021_RS01800"	"g007172"	"CBS domain-containing protein"
"EW021_RS01805"	"g012805"	"site-specific tyrosine recombinase XerD"
"EW021_RS01810"	"g013006"	"segregation/condensation protein A"
"EW021_RS01815"	"g006745"	"segregation/condensation protein B"
"EW021_RS01820"	"g012928"	"rRNA pseudouridine synthase"
"EW021_RS01825"	"g000818"	"membrane protein insertion efficiency factor YidD"
"EW021_RS01830"	"g002974"	"tRNA (uridine(34)/cytosine(34)/5- carboxymethylaminomethyluridine(34)-2'-O)- methyltransferase TrmL"
"EW021_RS01835"	"g006674"	"ECF transporter S component"
"EW021_RS01840"	"g006263"	"phosphatase PAP2 family protein"
"EW021_RS01845"	"g005416"	"TIGR01212 family radical SAM protein"
"EW021_RS01850"	"g006731"	"methyltransferase domain-containing protein"
"EW021_RS01855"	"g010937"	"HlyC/CorC family transporter"
"EW021_RS01860"	"g001152"	"pyruvate formate lyase 1-activating protein"
"EW021_RS01865"	"g011810"	"manganese-dependent inorganic pyrophosphatase"
"EW021_RS01870"	"g002731"	"DUF1803 domain-containing protein"
"EW021_RS01875"	"g005228"	"iron ABC transporter permease"
"EW021_RS01880"	"g011357"	"iron ABC transporter permease"
"EW021_RS01885"	"g011829"	"iron-hydroxamate ABC transporter substrate-binding protein"
"EW021_RS01890"	"g000537"	"ABC transporter ATP-binding protein"
"EW021_RS01895"	"g010668"	"UDP-N-acetylmuramoyl-L-alanyl-D-glutamate--L- lysine ligase"
"EW021_RS01900"	"g004702"	"polysaccharide biosynthesis protein"
"EW021_RS01905"	"g000592"	"uracil phosphoribosyltransferase"
"EW021_RS01910"	"g001855"	"hypothetical protein"
"EW021_RS01915"	"g001306"	"ATP-dependent Clp endopeptidase proteolytic subunit ClpP"
"EW021_RS01925"	"g008202"	"YlbG family protein"
"EW021_RS01930"	"g006340"	"dTMP kinase"
"EW021_RS01935"	"g012135"	"DNA polymerase III subunit delta'"
"EW021_RS01940"	"g003848"	"hypothetical protein"
"EW021_RS01945"	"g007991"	"DNA replication initiation control protein YabA"
"EW021_RS01950"	"g012204"	"16S rRNA (cytidine(1402)-2'-O)-methyltransferase"
"EW021_RS01955"	"g007548"	"hypothetical protein"
"EW021_RS01960"	"g006375"	"copper homeostasis protein CutC"
"EW021_RS01965"	"g007770"	"arsenate reductase family protein"
"EW021_RS01970"	"g012387"	"exodeoxyribonuclease III"
"EW021_RS01975"	"g009199"	"hypothetical protein"
"EW021_RS01980"	"g009654"	"L-lactate oxidase"
"EW021_RS01985"	"g011044"	"CXC chemokine-degrading serine protease SpyCEP"
"EW021_RS01990"	"g004040"	"hypothetical protein"
"EW021_RS01995"	"g006063"	"DUF1275 domain-containing protein"
"EW021_RS02000"	"g004541"	"methionine--tRNA ligase"
"EW021_RS02005"	"g001080"	"class 1b ribonucleoside-diphosphate reductase subunit beta"
"EW021_RS02010"	"g000345"	"class Ib ribonucleoside-diphosphate reductase assembly flavoprotein NrdI"
"EW021_RS02015"	"g000944"	"class 1b ribonucleoside-diphosphate reductase subunit alpha"
"EW021_RS02020"	"g014527"	"None"
"EW021_RS02025"	"g002565"	"ADP-ribosyltransferase"
"EW021_RS02030"	"g002956"	"hypothetical protein"
"EW021_RS02035"	"g008739"	"hypothetical protein"
"EW021_RS02040"	"g000821"	"hypothetical protein"
"EW021_RS02045"	"g006359"	"hypothetical protein"
"EW021_RS02050"	"g008009"	"hypothetical protein"
"EW021_RS02055"	"g000566_1"	"streptococcal pyrogenic exotoxin SpeJ"
"EW021_RS02060"	"g002706"	"hypothetical protein"
"EW021_RS02065"	"g003863"	"DUF2829 domain-containing protein"
"EW021_RS02070"	"g002640"	"3-oxoacyl-ACP reductase"
"EW021_RS02075"	"g001102"	"Gfo/Idh/MocA family oxidoreductase"
"EW021_RS02080"	"g010922"	"MFS transporter"
"EW021_RS02085"	"g010798"	"bifunctional UDP-N-acetylglucosamine diphosphorylase/glucosamine-1-phosphate N-acetyltransferase GlmU"
"EW021_RS02090"	"g006732"	"NUDIX hydrolase"
"EW021_RS02095"	"g001732"	"hypothetical protein"
"EW021_RS02100"	"g013045"	"5'-methylthioadenosine/adenosylhomocysteine nucleosidase"
"EW021_RS02105"	"g000763"	"hypothetical protein"
"EW021_RS02110"	"g002742"	"metal-dependent transcriptional regulator"
"EW021_RS02115"	"g005468"	"metal ABC transporter substrate-binding protein"
"EW021_RS02120"	"g012913"	"metal ABC transporter ATP-binding protein"
"EW021_RS02125"	"g012249"	"metal ABC transporter permease"
"EW021_RS02130"	"g000616_2"	"peptidylprolyl isomerase"
"EW021_RS02135"	"g011215"	"DNA translocase FtsK"
"EW021_RS02140"	"g007798"	"DUF3397 domain-containing protein"
"EW021_RS02145"	"g001513"	"50S ribosomal protein L11"
"EW021_RS02150"	"g001202"	"50S ribosomal protein L1"
"EW021_RS02155"	"g006017"	"UMP kinase"
"EW021_RS02160"	"g002947"	"ribosome recycling factor"
"EW021_RS02165"	"g005693"	"S1 RNA-binding domain-containing protein"
"EW021_RS02170"	"g000651"	"peptide-methionine (S)-S-oxide reductase MsrA"
"EW021_RS02175"	"g008763"	"YozE family protein"
"EW021_RS02180"	"g004290"	"LysM peptidoglycan-binding domain-containing protein"
"EW021_RS02185"	"g002059"	"oleate hydratase"
"EW021_RS02190"	"g005193"	"PhoH family protein"
"EW021_RS02195"	"g006606"	"uracil-DNA glycosylase family protein"
"EW021_RS02200"	"g006984"	"rRNA maturation RNase YbeY"
"EW021_RS02205"	"g007467"	"diacylglycerol kinase"
"EW021_RS02210"	"g005582"	"GTPase Era"
"EW021_RS02215"	"g007100"	"NUDIX domain-containing protein"
"EW021_RS02220"	"g003806"	"hypothetical protein"
"EW021_RS02225"	"g003825"	"bacteriocin"
"EW021_RS02230"	"g009108"	"class IIb bacteriocin%2C lactobin A/cerein 7B family"
"EW021_RS02245"	"g001797"	"class IIb bacteriocin%2C lactobin A/cerein 7B family"
"EW021_RS02255"	"g003989"	"hypothetical protein"
"EW021_RS02260"	"g000940"	"hypothetical protein"
"EW021_RS02265"	"g001489"	"hypothetical protein"
"EW021_RS02270"	"g000811"	"quorum-sensing system protein StcA"
"EW021_RS02275"	"g003836"	"hypothetical protein"
"EW021_RS02280"	"g014528"	"None"
"EW021_RS02285"	"g005673_1"	"Rgg/GadR/MutR family transcriptional regulator"
"EW021_RS02290"	"g005767"	"DNA-formamidopyrimidine glycosylase"
"EW021_RS02295"	"g002861"	"dephospho-CoA kinase"
"EW021_RS02300"	"g001001"	"DUF853 domain-containing protein"
"EW021_RS02305"	"g009633"	"multidrug efflux MFS transporter"
"EW021_RS02310"	"g000416"	"50S ribosomal protein L33"
"EW021_RS02315"	"g008587"	"preprotein translocase subunit SecG"
"EW021_RS02320"	"g011235"	"ribonuclease R"
"EW021_RS02325"	"g003196"	"SsrA-binding protein SmpB"
"EW021_RS02330"	"g012941"	"glutaminyl-peptide cyclotransferase"
"EW021_RS02335"	"g001273"	"pyroglutamyl-peptidase I"
"EW021_RS02340"	"g011866"	"DUF979 domain-containing protein"
"EW021_RS02345"	"g006129"	"DUF969 domain-containing protein"
"EW021_RS02350"	"g011867"	"glycosyltransferase family 2 protein"
"EW021_RS02355"	"g007650"	"lactoylglutathione lyase"
"EW021_RS02360"	"g006179"	"NAD(P)H-dependent oxidoreductase"
"EW021_RS02365"	"g009957"	"aminopeptidase P family protein"
"EW021_RS02370"	"g011500"	"catabolite control protein A"
"EW021_RS02375"	"g011509"	"glycosyltransferase family 4 protein"
"EW021_RS02380"	"g010939"	"glycosyltransferase family 4 protein"
"EW021_RS02385"	"g004552"	"threonine--tRNA ligase"
"EW021_RS02390"	"g002325"	"ATP-binding cassette domain-containing protein"
"EW021_RS02395"	"g005792"	"antibiotic ABC transporter permease"
"EW021_RS02400"	"g012594"	"multidrug ABC transporter permease"
"EW021_RS02405"	"g004072"	"hypothetical protein"
"EW021_RS02410"	"g001961"	"acetyl-CoA C-acyltransferase"
"EW021_RS02415"	"g009438"	"AMP-binding protein"
"EW021_RS02420"	"g011525"	"DUF3114 domain-containing protein"
"EW021_RS02425"	"g002623_1"	"response regulator transcription factor"
"EW021_RS02430"	"g010884"	"cell wall metabolism sensor histidine kinase VicK"
"EW021_RS02435"	"g005809"	"MBL fold metallo-hydrolase"
"EW021_RS02440"	"g013068"	"ribonuclease III"
"EW021_RS02445"	"g011077"	"chromosome segregation protein SMC"
"EW021_RS02450"	"g005673_2"	"Rgg/GadR/MutR family transcriptional regulator"
"EW021_RS02455"	"g014529"	"None"
"EW021_RS02460"	"g011868"	"shikimate dehydrogenase"
"EW021_RS02465"	"g012343"	"sugar phosphate isomerase/epimerase"
"EW021_RS02470"	"g012872"	"coenzyme F420-0:L-glutamate ligase"
"EW021_RS02475"	"g011569"	"dehydrogenase"
"EW021_RS02480"	"g009611"	"methionine adenosyltransferase"
"EW021_RS02485"	"g011643"	"serine kinase"
"EW021_RS02490"	"g011553"	"glycosyltransferase"
"EW021_RS02500"	"g009751"	"UDP-glucose/GDP-mannose dehydrogenase family protein"
"EW021_RS02505"	"g009573"	"MFS transporter"
"EW021_RS02510"	"g008827"	"helix-turn-helix domain-containing protein"
"EW021_RS02515"	"g005731"	"DUF2326 domain-containing protein"
"EW021_RS02525"	"g008639"	"hypothetical protein"
"EW021_RS02530"	"g001994"	"hypothetical protein"
"EW021_RS02535"	"g003569"	"type II toxin-antitoxin system RelB/DinJ family antitoxin"
"EW021_RS02540"	"g008119"	"type II toxin-antitoxin system RelE/ParE family toxin"
"EW021_RS02545"	"g003746"	"hypothetical protein"
"EW021_RS02550"	"g000680_2"	"phage portal protein"
"EW021_RS02555"	"g003548"	"hypothetical protein"
"EW021_RS02560"	"g000764"	"Fic family protein"
"EW021_RS02565"	"g012396"	"asparagine ligase A"
"EW021_RS02570"	"g009327"	"ATP-grasp domain-containing protein"
"EW021_RS02575"	"g014530"	"None"
"EW021_RS02580"	"g008914"	"hypothetical protein"
"EW021_RS02585"	"g000680_1"	"hypothetical protein"
"EW021_RS02595"	"g012537"	"Cof-type HAD-IIB family hydrolase"
"EW021_RS02605"	"g000228"	"signal recognition particle-docking protein FtsY"
"EW021_RS02610"	"g010844"	"MFS transporter"
"EW021_RS02615"	"g012303"	"PRD domain-containing protein"
"EW021_RS02620"	"g010193"	"PTS beta-glucoside transporter subunit IIBCA"
"EW021_RS02625"	"g000022"	"6-phospho-beta-glucosidase"
"EW021_RS02630"	"g012440"	"TIGR03943 family protein"
"EW021_RS02635"	"g012002"	"permease"
"EW021_RS02640"	"g009226"	"hypothetical protein"
"EW021_RS02645"	"g010076"	"RNA-binding transcriptional accessory protein"
"EW021_RS02650"	"g007317"	"SprT family protein"
"EW021_RS02655"	"g008333"	"PspC domain-containing protein"
"EW021_RS02660"	"g011830"	"HPr kinase/phosphorylase"
"EW021_RS02665"	"g012634"	"prolipoprotein diacylglyceryl transferase"
"EW021_RS02670"	"g007468"	"DUF948 domain-containing protein"
"EW021_RS02675"	"g007364"	"YtxH domain-containing protein"
"EW021_RS02680"	"g008254"	"DUF3270 domain-containing protein"
"EW021_RS02685"	"g011869"	"U32 family peptidase"
"EW021_RS02690"	"g009312"	"U32 family peptidase"
"EW021_RS02695"	"g008803"	"hypothetical protein"
"EW021_RS02700"	"g000249"	"lysine--tRNA ligase"
"EW021_RS02705"	"g012003"	"HAD family hydrolase"
"EW021_RS02710"	"g006405"	"histidine phosphatase family protein"
"EW021_RS02715"	"g007081"	"aminoacyl-tRNA deacylase"
"EW021_RS02720"	"g006675"	"energy-coupled thiamine transporter ThiT"
"EW021_RS02725"	"g012275"	"glycosyl hydrolase 25 family protein"
"EW021_RS02730"	"g003071"	"membrane protein"
"EW021_RS02735"	"g003420"	"DUF4430 domain-containing protein"
"EW021_RS02740"	"g003148"	"glutathione peroxidase"
"EW021_RS02745"	"g010226"	"oligoendopeptidase F"
"EW021_RS02750"	"g011148"	"phosphoenolpyruvate carboxylase"
"EW021_RS02755"	"g011006"	"FtsW/RodA/SpoVE family cell cycle protein"
"EW021_RS02760"	"g000899"	"elongation factor Tu"
"EW021_RS02765"	"g005930"	"triose-phosphate isomerase"
"EW021_RS02770"	"g009484"	"aminoacyltransferase"
"EW021_RS02775"	"g009508"	"lipid II:glycine glycyltransferase FemX"
"EW021_RS02780"	"g012467"	"sugar-phosphatase"
"EW021_RS02785"	"g000036_3"	"hypothetical protein"
"EW021_RS02790"	"g005028"	"HD domain-containing protein"
"EW021_RS02795"	"g007594"	"DUF1934 domain-containing protein"
"EW021_RS02800"	"g011158"	"cation-translocating P-type ATPase"
"EW021_RS02805"	"g000144"	"LacI family transcriptional regulator"
"EW021_RS02810"	"g002045"	"alginate lyase family protein"
"EW021_RS02815"	"g005786"	"PTS mannose/fructose/sorbose transporter family subunit IID"
"EW021_RS02820"	"g012617"	"PTS mannose/fructose/sorbose/N-acetylgalactosamine transporter subunit IIC"
"EW021_RS02825"	"g007030"	"PTS system mannose/fructose/N-acetylgalactosamine-transporter subunit IIB"
"EW021_RS02830"	"g004264"	"glycoside hydrolase family 88 protein"
"EW021_RS02835"	"g003285"	"PTS sugar transporter subunit IIA"
"EW021_RS02840"	"g008588"	"hypothetical protein"
"EW021_RS02845"	"g012551"	"gluconate 5-dehydrogenase"
"EW021_RS02850"	"g001283"	"RpiB/LacA/LacB family sugar-phosphate isomerase"
"EW021_RS02855"	"g001087"	"sugar kinase"
"EW021_RS02860"	"g006341"	"bifunctional 4-hydroxy-2-oxoglutarate aldolase/2-dehydro-3-deoxy-phosphogluconate aldolase"
"EW021_RS02865"	"g006256"	"HAD family phosphatase"
"EW021_RS02870"	"g004379"	"tRNA epoxyqueuosine(34) reductase QueG"
"EW021_RS02875"	"g014531"	"None"
"EW021_RS02875"	"g014532"	"None"
"EW021_RS02880"	"g013069"	"cell division ATP-binding protein FtsE"
"EW021_RS02885"	"g011799"	"ABC transporter permease"
"EW021_RS02890"	"g013031"	"MBL fold metallo-hydrolase"
"EW021_RS02895"	"g000128"	"(S)-acetoin forming diacetyl reductase"
"EW021_RS02900"	"g000128"	"(S)-acetoin forming diacetyl reductase"
"EW021_RS02905"	"g011191"	"bifunctional DnaQ family exonuclease/ATP-dependent helicase"
"EW021_RS02910"	"g009634"	"pyridoxal phosphate-dependent aminotransferase"
"EW021_RS02915"	"g004126"	"asparagine--tRNA ligase"
"EW021_RS02920"	"g012056"	"RNase adapter RapZ"
"EW021_RS02925"	"g011617"	"YvcK family protein"
"EW021_RS02930"	"g011952"	"DNA-binding protein WhiA"
"EW021_RS02935"	"g010719"	"C69 family dipeptidase"
"EW021_RS02940"	"g010481"	"zinc ABC transporter substrate-binding protein AdcA"
"EW021_RS02945"	"g001066_1"	"GntR family transcriptional regulator"
"EW021_RS02950"	"g004265"	"SIS domain-containing protein"
"EW021_RS02955"	"g003785"	"type B 50S ribosomal protein L31"
"EW021_RS02960"	"g011776"	"bifunctional oligoribonuclease/PAP phosphatase NrnA"
"EW021_RS02965"	"g007253"	"flavodoxin"
"EW021_RS02970"	"g000803"	"chorismate mutase"
"EW021_RS02975"	"g001890"	"voltage-gated chloride channel family protein"
"EW021_RS02980"	"g001613"	"50S ribosomal protein L19"
"EW021_RS02995"	"g006688"	"HAD-IA family hydrolase"
"EW021_RS03000"	"g000241"	"DNA topoisomerase (ATP-hydrolyzing) subunit B"
"EW021_RS03005"	"g010291"	"septation ring formation regulator EzrA"
"EW021_RS03010"	"g007198"	"YueI family protein"
"EW021_RS03015"	"g001027"	"phosphopyruvate hydratase"
"EW021_RS03030"	"g002219"	"DUF1542 domain-containing protein"
"EW021_RS03040"	"g009215"	"TOMM family cytolysin streptolysin S"
"EW021_RS03045"	"g011730"	"streptolysin S biosynthesis dehydrogenase SagB"
"EW021_RS03050"	"g011264"	"streptolysin associated protein SagC"
"EW021_RS03055"	"g010865"	"YcaO-like family protein"
"EW021_RS03060"	"g006197"	"CPBP family intramembrane metalloprotease"
"EW021_RS03065"	"g006130"	"hypothetical protein"
"EW021_RS03070"	"g011891"	"ABC transporter ATP-binding protein"
"EW021_RS03075"	"g009843"	"ABC transporter permease"
"EW021_RS03080"	"g009870"	"ABC transporter permease"
"EW021_RS03090"	"g011152"	"LPXTG cell wall anchor domain-containing protein"
"EW021_RS03095"	"g006972"	"queuosine transporter QueT"
"EW021_RS03100"	"g004539"	"NAD-dependent DNA ligase LigA"
"EW021_RS03105"	"g011398"	"diacylglycerol kinase family lipid kinase"
"EW021_RS03110"	"g008945"	"F0F1 ATP synthase subunit C"
"EW021_RS03115"	"g012952"	"F0F1 ATP synthase subunit A"
"EW021_RS03120"	"g006997"	"F0F1 ATP synthase subunit B"
"EW021_RS03125"	"g002998"	"F0F1 ATP synthase subunit delta"
"EW021_RS03130"	"g002121"	"F0F1 ATP synthase subunit alpha"
"EW021_RS03135"	"g012136"	"F0F1 ATP synthase subunit gamma"
"EW021_RS03140"	"g002166"	"F0F1 ATP synthase subunit beta"
"EW021_RS03145"	"g007428"	"F0F1 ATP synthase subunit epsilon"
"EW021_RS03150"	"g008445"	"DUF1146 domain-containing protein"
"EW021_RS03155"	"g004168"	"UDP-N-acetylglucosamine 1-carboxyvinyltransferase"
"EW021_RS03160"	"g004004"	"DNA-directed RNA polymerase subunit beta"
"EW021_RS03165"	"g006801"	"DNA/RNA non-specific endonuclease"
"EW021_RS03170"	"g001059"	"phenylalanine--tRNA ligase subunit alpha"
"EW021_RS03175"	"g005143"	"phenylalanine--tRNA ligase subunit beta"
"EW021_RS03180"	"g007651"	"OsmC family protein"
"EW021_RS03185"	"g007595"	"YbgA family protein"
"EW021_RS03190"	"g009986"	"ABC transporter permease"
"EW021_RS03195"	"g002671"	"ABC transporter ATP-binding protein"
"EW021_RS03200"	"g002396"	"neutral zinc metallopeptidase"
"EW021_RS03205"	"g011105"	"ATP-dependent nuclease subunit B"
"EW021_RS03210"	"g011071"	"helicase-exonuclease AddAB subunit AddA"
"EW021_RS03215"	"g012455"	"transporter substrate-binding domain-containing protein"
"EW021_RS03220"	"g001781"	"30S ribosomal protein S21"
"EW021_RS03225"	"g007737"	"large conductance mechanosensitive channel protein MscL"
"EW021_RS03230"	"g010218"	"DNA primase"
"EW021_RS03235"	"g000926"	"RNA polymerase sigma factor RpoD"
"EW021_RS03240"	"g003547"	"metal-sulfur cluster assembly factor"
"EW021_RS03245"	"g012250"	"dTDP-4-dehydrorhamnose reductase"
"EW021_RS03250"	"g009759"	"DUF1972 domain-containing protein"
"EW021_RS03255"	"g011831"	"glycosyltransferase family 2 protein"
"EW021_RS03260"	"g012726"	"ABC transporter permease"
"EW021_RS03265"	"g009588"	"ABC transporter ATP-binding protein"
"EW021_RS03270"	"g011465"	"glycosyltransferase"
"EW021_RS03275"	"g010270"	"alpha-L-Rha alpha-1%2C3-L-rhamnosyltransferase"
"EW021_RS03280"	"g011204"	"sulfatase-like hydrolase/transferase"
"EW021_RS03285"	"g013046"	"glycosyltransferase family 2 protein"
"EW021_RS03290"	"g007873"	"DUF2304 domain-containing protein"
"EW021_RS03295"	"g009313"	"lipopolysaccharide biosynthesis protein"
"EW021_RS03300"	"g010566"	"DUF2142 domain-containing protein"
"EW021_RS03305"	"g000881"	"peptidase T"
"EW021_RS03310"	"g007031"	"EbsA family protein"
"EW021_RS03315"	"g008946"	"ferredoxin"
"EW021_RS03320"	"g007101"	"LysM peptidoglycan-binding domain-containing protein"
"EW021_RS03325"	"g002666"	"(d)CMP kinase"
"EW021_RS03330"	"g003014"	"translation initiation factor IF-3"
"EW021_RS03335"	"g003967"	"50S ribosomal protein L35"
"EW021_RS03340"	"g001599"	"50S ribosomal protein L20"
"EW021_RS03345"	"g010045"	"LTA synthase family protein"
"EW021_RS03350"	"g009740"	"class I SAM-dependent rRNA methyltransferase"
"EW021_RS03355"	"g006112"	"type I 3-dehydroquinate dehydratase"
"EW021_RS03360"	"g001954"	"chorismate synthase"
"EW021_RS03365"	"g007874"	"YlbF/YmcA family competence regulator"
"EW021_RS03370"	"g002193"	"glutathione-disulfide reductase"
"EW021_RS03375"	"g009364"	"bifunctional folylpolyglutamate synthase/dihydrofolate synthase"
"EW021_RS03380"	"g000704"	"membrane protein"
"EW021_RS03385"	"g009797"	"cysteine desulfurase"
"EW021_RS03390"	"g009555"	"tRNA 4-thiouridine(8) synthase ThiI"
"EW021_RS03395"	"g009298"	"CapA family protein"
"EW021_RS03400"	"g003614"	"50S ribosomal protein L21"
"EW021_RS03405"	"g007969"	"ribosomal-processing cysteine protease Prp"
"EW021_RS03410"	"g000795"	"50S ribosomal protein L27"
"EW021_RS03415"	"g000007"	"LysR family transcriptional regulator"
"EW021_RS03420"	"g007199"	"signal peptidase II"
"EW021_RS03425"	"g005527"	"RluA family pseudouridine synthase"
"EW021_RS03430"	"g003022"	"bifunctional pyr operon transcriptional regulator/uracil phosphoribosyltransferase PyrR"
"EW021_RS03435"	"g009400"	"uracil permease"
"EW021_RS03440"	"g005460"	"aspartate carbamoyltransferase"
"EW021_RS03445"	"g004414"	"carbamoyl-phosphate synthase small subunit"
"EW021_RS03450"	"g005070"	"carbamoyl-phosphate synthase large subunit"
"EW021_RS03455"	"g009354"	"efflux RND transporter periplasmic adaptor subunit"
"EW021_RS03460"	"g000554"	"macrolide ABC transporter ATP-binding protein/permease MacB"
"EW021_RS03465"	"g009524"	"FtsX-like permease family protein"
"EW021_RS03470"	"g010282"	"glycerophosphodiester phosphodiesterase"
"EW021_RS03475"	"g003737"	"30S ribosomal protein S16"
"EW021_RS03480"	"g008563"	"KH domain-containing protein"
"EW021_RS03485"	"g011121"	"leucine-rich repeat protein"
"EW021_RS03490"	"g007495"	"hypothetical protein"
"EW021_RS03495"	"g012137"	"cation transporter"
"EW021_RS03500"	"g006887"	"TetR/AcrR family transcriptional regulator"
"EW021_RS03505"	"g003038"	"ribosome maturation factor RimM"
"EW021_RS03510"	"g002589"	"tRNA (guanosine(37)-N1)-methyltransferase TrmD"
"EW021_RS03515"	"g011540"	"NAD(P)/FAD-dependent oxidoreductase"
"EW021_RS03520"	"g011265"	"PTS transporter subunit IIC"
"EW021_RS03525"	"g011892"	"2-dehydropantoate 2-reductase"
"EW021_RS03530"	"g012966"	"DeoR/GlpR transcriptional regulator"
"EW021_RS03535"	"g005550"	"1-phosphofructokinase"
"EW021_RS03540"	"g010155"	"PTS fructose transporter subunit IIC"
"EW021_RS03545"	"g002849_2"	"glycoside hydrolase family 73 protein"
"EW021_RS03550"	"g002849_1"	"glycoside hydrolase family 73 protein"
"EW021_RS03560"	"g000566_1"	"streptococcal pyrogenic exotoxin SpeJ"
"EW021_RS03565"	"g005244"	"hypothetical protein"
"EW021_RS03570"	"g001823_1"	"nucleoside-diphosphate kinase"
"EW021_RS03575"	"g007633"	"DUF1149 family protein"
"EW021_RS03580"	"g012276"	"DegV family protein"
"EW021_RS03585"	"g004273"	"CCA tRNA nucleotidyltransferase"
"EW021_RS03590"	"g004575"	"ABC-F family ATP-binding cassette domain-containing protein"
"EW021_RS03595"	"g003915"	"hypothetical protein"
"EW021_RS03600"	"g007454"	"peptide deformylase"
"EW021_RS03605"	"g010123"	"multifunctional 2'%2C3'-cyclic-nucleotide 2'-phosphodiesterase/5'-nucleotidase/3'-nucleotidase"
"EW021_RS03610"	"g006277"	"GTP pyrophosphokinase family protein"
"EW021_RS03615"	"g006209"	"response regulator transcription factor"
"EW021_RS03620"	"g009496"	"HAMP domain-containing histidine kinase"
"EW021_RS03625"	"g012042"	"mevalonate kinase"
"EW021_RS03630"	"g011762"	"diphosphomevalonate decarboxylase"
"EW021_RS03635"	"g011433"	"phosphomevalonate kinase"
"EW021_RS03640"	"g011554"	"type 2 isopentenyl-diphosphate Delta-isomerase"
"EW021_RS03645"	"g009337"	"hydroxymethylglutaryl-CoA reductase%2C degradative"
"EW021_RS03650"	"g009689"	"hydroxymethylglutaryl-CoA synthase"
"EW021_RS03655"	"g012324"	"thymidylate synthase"
"EW021_RS03660"	"g006985"	"dihydrofolate reductase"
"EW021_RS03665"	"g009188"	"hypothetical protein"
"EW021_RS03670"	"g001879"	"ATP-dependent protease ATP-binding subunit ClpX"
"EW021_RS03675"	"g002848"	"YihA family ribosome biogenesis GTP-binding protein"
"EW021_RS03680"	"g005962"	"hypothetical protein"
"EW021_RS03685"	"g002022"	"ATP-dependent Clp protease ATP-binding subunit"
"EW021_RS03690"	"g006131"	"ribose-5-phosphate isomerase RpiA"
"EW021_RS03695"	"g004245"	"phosphopentomutase"
"EW021_RS03700"	"g000106"	"arsenate reductase (glutaredoxin)"
"EW021_RS03705"	"g012468"	"purine-nucleoside phosphorylase"
"EW021_RS03710"	"g000550"	"purine-nucleoside phosphorylase"
"EW021_RS03715"	"g005859"	"hypothetical protein"
"EW021_RS03720"	"g000007"	"LysR family transcriptional regulator"
"EW021_RS03725"	"g006818"	"hypothetical protein"
"EW021_RS03730"	"g006095"	"orotidine-5'-phosphate decarboxylase"
"EW021_RS03735"	"g002782"	"orotate phosphoribosyltransferase"
"EW021_RS03740"	"g004837"	"amidase"
"EW021_RS03745"	"g012017"	"transporter substrate-binding domain-containing protein"
"EW021_RS03750"	"g002736"	"amino acid ABC transporter permease"
"EW021_RS03755"	"g000286"	"uracil-DNA glycosylase"
"EW021_RS03760"	"g009365"	"dihydroorotase"
"EW021_RS03765"	"g006315"	"glycerol-3-phosphate 1-O-acyltransferase PlsY"
"EW021_RS03770"	"g000241"	"DNA topoisomerase (ATP-hydrolyzing) subunit B"
"EW021_RS03775"	"g005127"	"DNA topoisomerase IV subunit A"
"EW021_RS03780"	"g011244"	"branched-chain amino acid aminotransferase"
"EW021_RS03785"	"g003881"	"DUF2969 domain-containing protein"
"EW021_RS03800"	"g000110"	"polyribonucleotide nucleotidyltransferase"
"EW021_RS03810"	"g008144"	"hypothetical protein"
"EW021_RS03815"	"g005338"	"rhodanese-related sulfurtransferase"
"EW021_RS03820"	"g003994"	"hypothetical protein"
"EW021_RS03825"	"g001526"	"glutathione S-transferase"
"EW021_RS03830"	"g011968"	"TDT family transporter"
"EW021_RS03835"	"g009171"	"DUF3042 family protein"
"EW021_RS03840"	"g005581"	"tRNA (adenosine(37)-N6)-dimethylallyltransferase MiaA"
"EW021_RS03845"	"g009469"	"GTPase HflX"
"EW021_RS03850"	"g006342"	"cystathionine beta-lyase"
"EW021_RS03855"	"g011853"	"ribonuclease Z"
"EW021_RS03860"	"g012709"	"SDR family oxidoreductase"
"EW021_RS03865"	"g010046"	"single-stranded-DNA-specific exonuclease RecJ"
"EW021_RS03870"	"g000644"	"adenine phosphoribosyltransferase"
"EW021_RS03875"	"g006132"	"DnaD domain-containing protein"
"EW021_RS03880"	"g002718"	"endonuclease III"
"EW021_RS03885"	"g006113"	"tRNA (adenine-N(1))-methyltransferase"
"EW021_RS03890"	"g012579"	"Nif3-like dinuclear metal center hexameric protein"
"EW021_RS03895"	"g000927"	"FAD-binding oxidoreductase"
"EW021_RS03900"	"g000268"	"glucose-1-phosphate thymidylyltransferase RfbA"
"EW021_RS03905"	"g006532"	"dTDP-4-dehydrorhamnose 3%2C5-epimerase"
"EW021_RS03910"	"g011329"	"dTDP-glucose 4%2C6-dehydratase"
"EW021_RS03915"	"g007102"	"8-oxo-dGTP diphosphatase"
"EW021_RS03920"	"g009675"	"AI-2E family transporter"
"EW021_RS03925"	"g009439"	"hypothetical protein"
"EW021_RS03930"	"g010376"	"PavA family fibronectin-binding protein Fbp54"
"EW021_RS03935"	"g011510"	"peptide ABC transporter substrate-binding protein"
"EW021_RS03940"	"g001836"	"hypothetical protein"
"EW021_RS03945"	"g012175"	"ABC transporter permease"
"EW021_RS03950"	"g012741"	"ABC transporter ATP-binding protein"
"EW021_RS03955"	"g010359"	"ribonuclease J"
"EW021_RS03960"	"g012595"	"esterase family protein"
"EW021_RS03965"	"g007970"	"hypothetical protein"
"EW021_RS03970"	"g001233"	"ABC transporter ATP-binding protein"
"EW021_RS03975"	"g011644"	"thiamine pyrophosphate-dependent dehydrogenase E1 component subunit alpha"
"EW021_RS03980"	"g011511"	"alpha-ketoacid dehydrogenase subunit beta"
"EW021_RS03985"	"g004621_1"	"dihydrolipoamide acetyltransferase"
"EW021_RS03990"	"g001683"	"hypothetical protein"
"EW021_RS03995"	"g004621_2"	"dihydrolipoyl dehydrogenase"
"EW021_RS04000"	"g001761"	"hypothetical protein"
"EW021_RS04005"	"g014533"	"None"
"EW021_RS04010"	"g011173"	"polysaccharide lyase 8 family protein"
"EW021_RS04015"	"g011555"	"lipoate--protein ligase"
"EW021_RS04020"	"g012559"	"type 1 glutamine amidotransferase"
"EW021_RS04025"	"g002196"	"Mur ligase family protein"
"EW021_RS04030"	"g012263"	"TIGR00159 family protein"
"EW021_RS04035"	"g011696"	"YbbR-like domain-containing protein"
"EW021_RS04040"	"g004957"	"phosphoglucosamine mutase"
"EW021_RS04045"	"g002756"	"hypothetical protein"
"EW021_RS04050"	"g009835"	"oxygen-independent coproporphyrinogen III oxidase"
"EW021_RS04055"	"g012778"	"acyl-[acyl-carrier-protein] thioesterase"
"EW021_RS04060"	"g012711"	"TIGR01457 family HAD-type hydrolase"
"EW021_RS04065"	"g006357"	"TIGR01906 family membrane protein"
"EW021_RS04075"	"g005047"	"type II CRISPR RNA-guided endonuclease Cas9"
"EW021_RS04080"	"g005665"	"type II CRISPR-associated endonuclease Cas1"
"EW021_RS04085"	"g007875"	"CRISPR-associated endonuclease Cas2"
"EW021_RS04090"	"g002710"	"type II-A CRISPR-associated protein Csn2"
"EW021_RS04095"	"g001823_2"	"hypothetical protein"
"EW021_RS04100"	"g001796"	"nucleoside-diphosphate kinase"
"EW021_RS04105"	"g000966"	"elongation factor 4"
"EW021_RS04110"	"g000009_3"	"LPXTG cell wall anchor domain-containing protein"
"EW021_RS04115"	"g000705"	"peptide-methionine (R)-S-oxide reductase MsrB"
"EW021_RS04120"	"g001077"	"YeiH family putative sulfate export transporter"
"EW021_RS04125"	"g003317"	"PTS sugar transporter subunit IIA"
"EW021_RS04130"	"g007015"	"PTS system mannose/fructose/N-acetylgalactosamine-transporter subunit IIB"
"EW021_RS04135"	"g012469"	"PTS mannose/fructose/sorbose/N-acetylgalactosamine transporter subunit IIC"
"EW021_RS04140"	"g012388"	"PTS mannose/fructose/sorbose transporter family subunit IID"
"EW021_RS04145"	"g010380"	"sensor histidine kinase"
"EW021_RS04150"	"g012580"	"response regulator transcription factor"
"EW021_RS04155"	"g005208"	"extracellular solute-binding protein"
"EW021_RS04165"	"g000308"	"sugar O-acetyltransferase"
"EW021_RS04170"	"g013020"	"noncanonical pyrimidine nucleotidase%2C YjjG family"
"EW021_RS04175"	"g010768"	"NAD-dependent succinate-semialdehyde dehydrogenase"
"EW021_RS04180"	"g004612"	"excinuclease ABC subunit UvrC"
"EW021_RS04185"	"g006492"	"NAD(P)H nitroreductase"
"EW021_RS04190"	"g004886"	"dipeptidase PepV"
"EW021_RS04195"	"g004915"	"tRNA uridine-5-carboxymethylaminomethyl(34) synthesis GTPase MnmE"
"EW021_RS04200"	"g003081"	"50S ribosomal protein L10"
"EW021_RS04205"	"g000741"	"50S ribosomal protein L7/L12"
"EW021_RS04210"	"g007702"	"hypothetical protein"
"EW021_RS04230"	"g006290"	"lantibiotic (srt) production protein"
"EW021_RS04235"	"g006114"	"response regulator transcription factor"
"EW021_RS04240"	"g010899"	"HAMP domain-containing histidine kinase"
"EW021_RS04245"	"g004088"	"lantibiotic streptin"
"EW021_RS04250"	"g001310_1"	"ATP-binding cassette domain-containing protein"
"EW021_RS04255"	"g013081"	"lantibiotic protection ABC transporter ATP-binding protein"
"EW021_RS04260"	"g012793"	"lantibiotic immunity ABC transporter MutE/EpiE family permease subunit"
"EW021_RS04265"	"g012929"	"lantibiotic immunity ABC transporter MutG family permease subunit"
"EW021_RS04270"	"g008737"	"helix-turn-helix transcriptional regulator"
"EW021_RS04275"	"g008764"	"hypothetical protein"
"EW021_RS04290"	"g009485"	"D-alanyl-D-alanine carboxypeptidase"
"EW021_RS04295"	"g011667"	"polysaccharide deacetylase family protein"
"EW021_RS04300"	"g009338"	"bifunctional folylpolyglutamate synthase/dihydrofolate synthase"
"EW021_RS04305"	"g006467"	"GTP cyclohydrolase I FolE"
"EW021_RS04310"	"g012523"	"dihydropteroate synthase"
"EW021_RS04315"	"g007757"	"dihydroneopterin aldolase"
"EW021_RS04320"	"g006973"	"2-amino-4-hydroxy-6- hydroxymethyldihydropteridine diphosphokinase"
"EW021_RS04325"	"g005505"	"UDP-N-acetylmuramate dehydrogenase"
"EW021_RS04330"	"g000083"	"ABC transporter ATP-binding protein"
"EW021_RS04335"	"g005838"	"ABC transporter permease"
"EW021_RS04340"	"g005810"	"ABC transporter permease"
"EW021_RS04345"	"g009998"	"ABC transporter substrate-binding protein"
"EW021_RS04350"	"g006222"	"response regulator"
"EW021_RS04355"	"g010490"	"sensor histidine kinase"
"EW021_RS04360"	"g010950"	"L-malate permease"
"EW021_RS04365"	"g000883"	"NADP-dependent oxaloacetate-decarboxylating malate dehydrogenase"
"EW021_RS04370"	"g005201"	"zinc-dependent alcohol dehydrogenase family protein"
"EW021_RS04375"	"g012884"	"acid phosphatase AphA"
"EW021_RS04380"	"g010504"	"ClC family H(+)/Cl(-) exchange transporter"
"EW021_RS04385"	"g006442"	"hypothetical protein"
"EW021_RS04390"	"g009778"	"AI-2E family transporter"
"EW021_RS04395"	"g006146"	"JAB domain-containing protein"
"EW021_RS04400"	"g013047"	"gamma-glutamyl-gamma-aminobutyrate hydrolase family protein"
"EW021_RS04405"	"g006300"	"redox-sensing transcriptional repressor Rex"
"EW021_RS04410"	"g007837"	"DUF1831 domain-containing protein"
"EW021_RS04415"	"g009844"	"cysteine desulfurase"
"EW021_RS04420"	"g000509"	"ribose-phosphate diphosphokinase"
"EW021_RS04425"	"g002900"	"CYTH domain-containing protein"
"EW021_RS04430"	"g002684"	"GTP pyrophosphokinase family protein"
"EW021_RS04435"	"g012344"	"NAD kinase"
"EW021_RS04440"	"g011984"	"RluA family pseudouridine synthase"
"EW021_RS04445"	"g005314"	"phosphate acetyltransferase"
"EW021_RS04455"	"g001209"	"hypothetical protein"
"EW021_RS04460"	"g000885"	"ABC transporter ATP-binding protein"
"EW021_RS04465"	"g001296"	"ABC transporter permease/substrate-binding protein"
"EW021_RS04470"	"g005348"	"GMP reductase"
"EW021_RS04480"	"g002887"	"xanthine phosphoribosyltransferase"
"EW021_RS04485"	"g009323"	"purine permease"
"EW021_RS04490"	"g005451"	"FAD:protein FMN transferase"
"EW021_RS04495"	"g009067"	"4-oxalocrotonate tautomerase"
"EW021_RS04500"	"g006641"	"thymidine kinase"
"EW021_RS04505"	"g000936"	"peptide chain release factor 1"
"EW021_RS04510"	"g012325"	"peptide chain release factor N(5)-glutamine methyltransferase"
"EW021_RS04515"	"g006546"	"threonylcarbamoyl-AMP synthase"
"EW021_RS04520"	"g007237"	"GNAT family N-acetyltransferase"
"EW021_RS04525"	"g000872"	"serine hydroxymethyltransferase"
"EW021_RS04530"	"g011618"	"nucleoid-associated protein"
"EW021_RS04535"	"g006457"	"lysozyme family protein"
"EW021_RS04540"	"g010292"	"ABC transporter ATP-binding protein"
"EW021_RS04545"	"g000976"	"high-affinity branched-chain amino acid ABC transporter ATP-binding protein LivG"
"EW021_RS04550"	"g010836"	"NADH oxidase"
"EW021_RS04555"	"g002336"	"L-lactate dehydrogenase"
"EW021_RS04560"	"g001046"	"DNA topoisomerase (ATP-hydrolyzing) subunit A"
"EW021_RS04565"	"g012794"	"sortase"
"EW021_RS04570"	"g003352"	"VOC family protein"
"EW021_RS04575"	"g014534"	"None"
"EW021_RS04580"	"g003293"	"hypothetical protein"
"EW021_RS04585"	"g005551"	"diacylglycerol kinase family lipid kinase"
"EW021_RS04590"	"g001226"	"hemolysin III family protein"
"EW021_RS04595"	"g007299"	"DUF1836 domain-containing protein"
"EW021_RS04600"	"g002469"	"ribosome biogenesis GTPase YlqF"
"EW021_RS04605"	"g002516"	"ribonuclease HII"
"EW021_RS04610"	"g012345"	"DNA-protecting protein DprA"
"EW021_RS04615"	"g004508"	"type I DNA topoisomerase"
"EW021_RS04620"	"g001454"	"LysR family transcriptional regulator substrate-binding protein"
"EW021_RS04625"	"g000007"	"LysR family transcriptional regulator"
"EW021_RS04635"	"g005324"	"D-lactate dehydrogenase"
"EW021_RS04640"	"g006223"	"DNA-binding protein"
"EW021_RS04645"	"g012953"	"DUF3307 domain-containing protein"
"EW021_RS04650"	"g004972"	"methylenetetrahydrofolate--tRNA-(uracil(54)- C(5))-methyltransferase (FADH(2)-oxidizing) TrmFO"
"EW021_RS04655"	"g000051"	"oxaloacetate decarboxylase subunit alpha"
"EW021_RS04660"	"g003615"	"membrane protein"
"EW021_RS04665"	"g000757"	"biotin/lipoyl-binding protein"
"EW021_RS04670"	"g009836"	"sodium ion-translocating decarboxylase subunit beta"
"EW021_RS04675"	"g012090"	"triphosphoribosyl-dephospho-CoA synthase CitG"
"EW021_RS04680"	"g013048"	"GntR family transcriptional regulator"
"EW021_RS04685"	"g010752"	"CitMHS family transporter"
"EW021_RS04690"	"g003589"	"hypothetical protein"
"EW021_RS04695"	"g000051"	"oxaloacetate decarboxylase subunit alpha"
"EW021_RS04700"	"g009864"	"sodium ion-translocating decarboxylase subunit beta"
"EW021_RS04705"	"g008102"	"citrate lyase acyl carrier protein"
"EW021_RS04710"	"g001123"	"citrate (pro-3S)-lyase subunit beta"
"EW021_RS04715"	"g000471"	"citrate lyase subunit alpha"
"EW021_RS04720"	"g006595"	"citrate lyase holo-[acyl-carrier protein] synthase"
"EW021_RS04725"	"g000051"	"oxaloacetate decarboxylase subunit alpha"
"EW021_RS04730"	"g005194"	"[citrate (pro-3S)-lyase] ligase"
"EW021_RS04735"	"g007059"	"hypothetical protein"
"EW021_RS04740"	"g010009"	"tyrosine recombinase XerS"
"EW021_RS04745"	"g013029"	"helix-turn-helix transcriptional regulator"
"EW021_RS04750"	"g000994"	"signal recognition particle protein"
"EW021_RS04755"	"g003541"	"putative DNA-binding protein"
"EW021_RS04760"	"g002539"	"transcriptional regulator LldR"
"EW021_RS04765"	"g010689"	"hypothetical protein"
"EW021_RS04770"	"g000992"	"glutamine-hydrolyzing GMP synthase"
"EW021_RS04775"	"g009516"	"aminoacyltransferase"
"EW021_RS04780"	"g010457"	"ABC-F family ATP-binding cassette domain-containing protein"
"EW021_RS04785"	"g006705"	"membrane protein"
"EW021_RS04790"	"g012186"	"pyridoxamine kinase"
"EW021_RS04795"	"g009366"	"PLP-dependent aminotransferase family protein"
"EW021_RS04805"	"g007894"	"hypothetical protein"
"EW021_RS04810"	"g010444"	"cardiolipin synthase"
"EW021_RS04815"	"g000979_1"	"formate--tetrahydrofolate ligase"
"EW021_RS04820"	"g002298"	"lipoate--protein ligase"
"EW021_RS04825"	"g002369"	"NAD-dependent deacetylase"
"EW021_RS04830"	"g012456"	"protein-ADP-ribose hydrolase"
"EW021_RS04835"	"g003562"	"glycine cleavage system protein H"
"EW021_RS04840"	"g011512"	"LLM class flavin-dependent oxidoreductase"
"EW021_RS04845"	"g001920"	"NADH-dependent flavin oxidoreductase"
"EW021_RS04850"	"g012264"	"lipoate--protein ligase family protein"
"EW021_RS04855"	"g006115"	"phosphopantothenate--cysteine ligase"
"EW021_RS04860"	"g006767"	"phosphopantothenoylcysteine decarboxylase"
"EW021_RS04865"	"g006642"	"ECF transporter S component"
"EW021_RS04870"	"g010299"	"phospho-sugar mutase"
"EW021_RS04875"	"g011697"	"ABC transporter permease"
"EW021_RS04880"	"g011248"	"ABC transporter permease"
"EW021_RS04885"	"g010505"	"ABC transporter ATP-binding protein"
"EW021_RS04890"	"g005195_1"	"BMP family ABC transporter substrate-binding protein"
"EW021_RS04895"	"g007570"	"cytidine deaminase"
"EW021_RS04900"	"g006533"	"class I SAM-dependent methyltransferase"
"EW021_RS04905"	"g011904"	"type I pantothenate kinase"
"EW021_RS04910"	"g008609"	"30S ribosomal protein S20"
"EW021_RS04915"	"g010989"	"HAMP domain-containing histidine kinase"
"EW021_RS04920"	"g006176"	"response regulator transcription factor"
"EW021_RS04925"	"g011183"	"M1 family metallopeptidase"
"EW021_RS04930"	"g008828"	"hypothetical protein"
"EW021_RS04935"	"g006264"	"phosphate signaling complex protein PhoU"
"EW021_RS04940"	"g001138"	"phosphate ABC transporter ATP-binding protein"
"EW021_RS04945"	"g001138"	"phosphate ABC transporter ATP-binding protein"
"EW021_RS04950"	"g012071"	"phosphate ABC transporter permease PstA"
"EW021_RS04955"	"g011811"	"phosphate ABC transporter permease subunit PstC"
"EW021_RS04960"	"g012187"	"phosphate ABC transporter substrate-binding protein PstS family protein"
"EW021_RS04965"	"g010990"	"23S rRNA methyltransferase"
"EW021_RS04970"	"g012581"	"inositol monophosphatase family protein"
"EW021_RS04975"	"g008292"	"UPF0223 family protein"
"EW021_RS04980"	"g003376"	"transcriptional regulator Spx"
"EW021_RS04985"	"g011832"	"bifunctional riboflavin kinase/FAD synthetase"
"EW021_RS04990"	"g012091"	"tRNA pseudouridine(55) synthase TruB"
"EW021_RS04995"	"g010915"	"DUF2130 domain-containing protein"
"EW021_RS05000"	"g011698"	"aromatic acid exporter family protein"
"EW021_RS05005"	"g006526"	"restriction endonuclease subunit S"
"EW021_RS05010"	"g011165"	"FtsX-like permease family protein"
"EW021_RS05015"	"g013019"	"ABC transporter ATP-binding protein"
"EW021_RS05020"	"g006778"	"TetR/AcrR family transcriptional regulator"
"EW021_RS05025"	"g006316"	"GntR family transcriptional regulator"
"EW021_RS05030"	"g002993_1"	"Asp23/Gls24 family envelope stress response protein"
"EW021_RS05035"	"g003964_2"	"CsbD family protein"
"EW021_RS05040"	"g002993_2"	"Asp23/Gls24 family envelope stress response protein"
"EW021_RS05045"	"g009041"	"DUF2273 domain-containing protein"
"EW021_RS05050"	"g006458"	"alkaline shock response membrane anchor protein AmaP"
"EW021_RS05055"	"g003820_1"	"GlsB/YeaQ/YmgE family stress response membrane protein"
"EW021_RS05060"	"g004494"	"DNA helicase PcrA"
"EW021_RS05065"	"g010970"	"sodium:alanine symporter family protein"
"EW021_RS05070"	"g009486"	"cation diffusion facilitator family transporter"
"EW021_RS05075"	"g012666"	"CAMP factor pore-forming toxin Cfa"
"EW021_RS05080"	"g012346"	"amino acid ABC transporter substrate-binding protein"
"EW021_RS05085"	"g006376"	"amino acid ABC transporter ATP-binding protein"
"EW021_RS05090"	"g006317"	"amino acid ABC transporter permease"
"EW021_RS05095"	"g000769"	"phnA family protein"
"EW021_RS05100"	"g004601"	"glutamine--fructose-6-phosphate transaminase (isomerizing)"
"EW021_RS05105"	"g006706"	"signal peptidase I"
"EW021_RS05110"	"g010547"	"pyruvate kinase"
"EW021_RS05115"	"g001081"	"ATP-dependent 6-phosphofructokinase"
"EW021_RS05120"	"g011112"	"DNA polymerase III subunit alpha"
"EW021_RS05125"	"g003457"	"GntR family transcriptional regulator"
"EW021_RS05130"	"g000239"	"peptidase domain-containing ABC transporter"
"EW021_RS05135"	"g012596"	"hypothetical protein"
"EW021_RS05140"	"g006443"	"TVP38/TMEM64 family protein"
"EW021_RS05150"	"g000126_3"	"hypothetical protein"
"EW021_RS05155"	"g012759"	"streptococcal pyrogenic exotoxin SpeA"
"EW021_RS05160"	"g000575_1"	"hypothetical protein"
"EW021_RS05165"	"g001774_1"	"hypothetical protein"
"EW021_RS05170"	"g005889"	"hypothetical protein"
"EW021_RS05175"	"g006491"	"hypothetical protein"
"EW021_RS05180"	"g012710"	"CHAP domain-containing protein"
"EW021_RS05185"	"g007926"	"phage holin"
"EW021_RS05190"	"g007992"	"hypothetical protein"
"EW021_RS05195"	"g007836"	"DUF1366 domain-containing protein"
"EW021_RS05200"	"g010194"	"hypothetical protein"
"EW021_RS05205"	"g011086"	"CHAP domain-containing protein"
"EW021_RS05210"	"g010597"	"hypothetical protein"
"EW021_RS05215"	"g004610"	"tail protein"
"EW021_RS05220"	"g003220"	"hypothetical protein"
"EW021_RS05225"	"g003607"	"hypothetical protein"
"EW021_RS05230"	"g006949"	"phage major tail protein%2C TP901-1 family"
"EW021_RS05235"	"g007455"	"DUF5072 domain-containing protein"
"EW021_RS05240"	"g003392"	"hypothetical protein"
"EW021_RS05245"	"g003629"	"hypothetical protein"
"EW021_RS05250"	"g007856"	"hypothetical protein"
"EW021_RS05255"	"g008203"	"hypothetical protein"
"EW021_RS05260"	"g012057"	"hypothetical protein"
"EW021_RS05265"	"g006644"	"DUF4355 domain-containing protein"
"EW021_RS05270"	"g000203"	"hypothetical protein"
"EW021_RS05275"	"g000099"	"hypothetical protein"
"EW021_RS05280"	"g005003"	"phage portal protein"
"EW021_RS05285"	"g009349"	"PBSX family phage terminase large subunit"
"EW021_RS05290"	"g007635"	"hypothetical protein"
"EW021_RS05295"	"g001497"	"ArpU family transcriptional regulator"
"EW021_RS05300"	"g008386"	"hypothetical protein"
"EW021_RS05305"	"g006874"	"DUF1642 domain-containing protein"
"EW021_RS05310"	"g001293"	"SAM-dependent DNA methyltransferase"
"EW021_RS05315"	"g000116_1"	"hypothetical protein"
"EW021_RS05320"	"g008589"	"DUF3310 domain-containing protein"
"EW021_RS05325"	"g003812"	"hypothetical protein"
"EW021_RS05330"	"g001605"	"hypothetical protein"
"EW021_RS05335"	"g007300"	"RusA family crossover junction endodeoxyribonuclease"
"EW021_RS05340"	"g008875"	"hypothetical protein"
"EW021_RS05345"	"g000102_1"	"single-stranded DNA-binding protein"
"EW021_RS05350"	"g006178"	"ERF family protein"
"EW021_RS05355"	"g003132"	"siphovirus Gp157 family protein"
"EW021_RS05360"	"g008470"	"hypothetical protein"
"EW021_RS05365"	"g007799"	"hypothetical protein"
"EW021_RS05370"	"g012619"	"DNA replication protein"
"EW021_RS05375"	"g012370"	"DnaD domain protein"
"EW021_RS05385"	"g014535"	"None"
"EW021_RS05390"	"g008830"	"hypothetical protein"
"EW021_RS05395"	"g008915"	"helix-turn-helix transcriptional regulator"
"EW021_RS05400"	"g007596"	"hypothetical protein"
"EW021_RS05405"	"g008831"	"hypothetical protein"
"EW021_RS05410"	"g006514"	"hypothetical protein"
"EW021_RS05415"	"g001839_1"	"hypothetical protein"
"EW021_RS05420"	"g001143_1"	"helix-turn-helix transcriptional regulator"
"EW021_RS05425"	"g012043"	"hypothetical protein"
"EW021_RS05430"	"g009951"	"site-specific integrase"
"EW021_RS05435"	"g006425"	"DUF3862 domain-containing protein"
"EW021_RS05440"	"g010031"	"glycogen/starch/alpha-glucan family phosphorylase"
"EW021_RS05445"	"g010575"	"4-alpha-glucanotransferase"
"EW021_RS05450"	"g011409"	"LacI family transcriptional regulator"
"EW021_RS05455"	"g009440"	"extracellular solute-binding protein"
"EW021_RS05460"	"g010853"	"sugar ABC transporter permease"
"EW021_RS05465"	"g012347"	"sugar ABC transporter permease"
"EW021_RS05470"	"g000144"	"LacI family transcriptional regulator"
"EW021_RS05475"	"g012441"	"maltodextrose utilization protein MalA"
"EW021_RS05480"	"g012220"	"sugar ABC transporter permease"
"EW021_RS05485"	"g010998"	"sugar ABC transporter permease"
"EW021_RS05490"	"g010074"	"cyclomaltodextrin glucanotransferase"
"EW021_RS05495"	"g010312"	"alpha-glycosidase"
"EW021_RS05500"	"g009401"	"extracellular solute-binding protein"
"EW021_RS05505"	"g001768"	"hypothetical protein"
"EW021_RS05510"	"g005349"	"alpha/beta hydrolase"
"EW021_RS05515"	"g009425"	"D-alanyl-lipoteichoic acid biosynthesis protein DltD"
"EW021_RS05520"	"g008564"	"D-alanine--poly(phosphoribitol) ligase subunit DltC"
"EW021_RS05525"	"g009413"	"D-alanyl-lipoteichoic acid biosynthesis protein DltB"
"EW021_RS05530"	"g010496"	"D-alanine--poly(phosphoribitol) ligase subunit DltA"
"EW021_RS05535"	"g009250"	"teichoic acid D-Ala incorporation-associated protein DltX"
"EW021_RS05540"	"g000953"	"excinuclease ABC subunit B"
"EW021_RS05545"	"g010057"	"ABC transporter permease subunit"
"EW021_RS05550"	"g000004"	"amino acid ABC transporter ATP-binding protein"
"EW021_RS05555"	"g010806"	"PTS sugar transporter subunit IIC"
"EW021_RS05560"	"g007254"	"DUF3284 domain-containing protein"
"EW021_RS05565"	"g007913"	"PTS lactose/cellobiose transporter subunit IIA"
"EW021_RS05570"	"g000117"	"PTS sugar transporter subunit IIB"
"EW021_RS05575"	"g010131"	"BglG family transcription antiterminator"
"EW021_RS05580"	"g009931"	"DUF871 domain-containing protein"
"EW021_RS05585"	"g010755"	"glycoside hydrolase family 1 protein"
"EW021_RS05590"	"g006085"	"nicotinamide riboside transporter PnuC"
"EW021_RS05595"	"g009221"	"hypothetical protein"
"EW021_RS05600"	"g004127"	"GTPase ObgE"
"EW021_RS05605"	"g004110"	"DUF4044 domain-containing protein"
"EW021_RS05610"	"g014536"	"None"
"EW021_RS05610"	"g014537"	"None"
"EW021_RS05615"	"g012873"	"rRNA pseudouridine synthase"
"EW021_RS05620"	"g007710"	"thioesterase family protein"
"EW021_RS05625"	"g009525"	"MFS transporter"
"EW021_RS05630"	"g010596"	"DUF1846 domain-containing protein"
"EW021_RS05635"	"g007496"	"PaaI family thioesterase"
"EW021_RS05640"	"g014538"	"None"
"EW021_RS05645"	"g002093"	"23S rRNA (uracil(1939)-C(5))-methyltransferase RlmD"
"EW021_RS05650"	"g010659"	"LCP family protein"
"EW021_RS05655"	"g007016"	"shikimate kinase"
"EW021_RS05660"	"g009300"	"3-phosphoshikimate 1-carboxyvinyltransferase"
"EW021_RS05665"	"g011658"	"YihY/virulence factor BrkB family protein"
"EW021_RS05670"	"g012221"	"methionyl aminopeptidase"
"EW021_RS05675"	"g009324"	"CBS domain-containing protein"
"EW021_RS05680"	"g006779"	"GNAT family N-acetyltransferase"
"EW021_RS05685"	"g000009_2"	"G-related alpha2-macroglobulin-binding protein GRAB"
"EW021_RS05690"	"g004178"	"UDP-N-acetylglucosamine 1-carboxyvinyltransferase"
"EW021_RS05695"	"g000432"	"methionine adenosyltransferase"
"EW021_RS05700"	"g005149"	"internalin"
"EW021_RS05705"	"g011777"	"bifunctional biotin--[acetyl-CoA-carboxylase] synthetase/biotin operon repressor"
"EW021_RS05710"	"g003745"	"DUF3272 domain-containing protein"
"EW021_RS05715"	"g000960"	"DNA polymerase III subunit gamma/tau"
"EW021_RS05720"	"g003089"	"GAF domain-containing protein"
"EW021_RS05725"	"g012470"	"PrsW family intramembrane metalloprotease"
"EW021_RS05730"	"g003776"	"DUF1294 domain-containing protein"
"EW021_RS05735"	"g000581"	"uridine kinase"
"EW021_RS05740"	"g009958"	"DEAD/DEAH box helicase"
"EW021_RS05745"	"g009348"	"polysaccharide deacetylase family protein"
"EW021_RS05750"	"g010698"	"NADP-dependent glyceraldehyde-3-phosphate dehydrogenase"
"EW021_RS05755"	"g000975"	"phosphoenolpyruvate-protein phosphotransferase PtsI"
"EW021_RS05760"	"g003769"	"phosphocarrier protein HPr"
"EW021_RS05765"	"g008738"	"redoxin NrdH"
"EW021_RS05770"	"g010066"	"class 1b ribonucleoside-diphosphate reductase subunit alpha"
"EW021_RS05775"	"g011678"	"class 1b ribonucleoside-diphosphate reductase subunit beta"
"EW021_RS05780"	"g010982"	"chloride channel protein"
"EW021_RS05795"	"g013049"	"CPBP family intramembrane metalloprotease"
"EW021_RS05800"	"g005927"	"DUF3169 family protein"
"EW021_RS05805"	"g001779"	"helix-turn-helix transcriptional regulator"
"EW021_RS05810"	"g005101"	"alanine--tRNA ligase"
"EW021_RS05815"	"g005188_1"	"peptidylprolyl isomerase PrsA"
"EW021_RS05820"	"g012990"	"O-methyltransferase"
"EW021_RS05825"	"g009621"	"OFA family MFS transporter"
"EW021_RS05830"	"g004609"	"oligoendopeptidase F"
"EW021_RS05835"	"g011668"	"competence protein CoiA"
"EW021_RS05840"	"g012954"	"rRNA pseudouridine synthase"
"EW021_RS05845"	"g013007"	"glucosamine-6-phosphate deaminase"
"EW021_RS05850"	"g005237"	"tRNA preQ1(34) S-adenosylmethionine ribosyltransferase-isomerase QueA"
"EW021_RS05855"	"g009526"	"DUF3114 domain-containing protein"
"EW021_RS05860"	"g006547"	"hypothetical protein"
"EW021_RS05865"	"g001737"	"hypothetical protein"
"EW021_RS05870"	"g008666"	"hypothetical protein"
"EW021_RS05875"	"g000304"	"superoxide dismutase [Mn]"
"EW021_RS05880"	"g002282"	"DNA polymerase III subunit delta"
"EW021_RS05885"	"g010035"	"DNA internalization-related competence protein ComEC/Rec2"
"EW021_RS05890"	"g006237"	"ComEA family DNA-binding protein"
"EW021_RS05895"	"g012425"	"1-acyl-sn-glycerol-3-phosphate acyltransferase"
"EW021_RS05900"	"g012651"	"tRNA1(Val) (adenine(37)-N6)-methyltransferase"
"EW021_RS05905"	"g008293"	"GIY-YIG nuclease family protein"
"EW021_RS05910"	"g010128"	"potassium transporter Kup"
"EW021_RS05915"	"g004715"	"DEAD/DEAH box helicase"
"EW021_RS05920"	"g000991"	"peptide chain release factor 3"
"EW021_RS05930"	"g013050"	"TIGR02206 family membrane protein"
"EW021_RS05935"	"g010782"	"UDP-N-acetylmuramoyl-tripeptide--D-alanyl-D- alanine ligase"
"EW021_RS05940"	"g011306"	"D-alanine--D-alanine ligase"
"EW021_RS05945"	"g002853"	"recombination protein RecR"
"EW021_RS05950"	"g003995"	"hypothetical protein"
"EW021_RS05955"	"g012635"	"formate dehydrogenase"
"EW021_RS05960"	"g006780"	"hypothetical protein"
"EW021_RS05965"	"g006888"	"transcription repressor NadR"
"EW021_RS05970"	"g000556"	"2%2C3-diphosphoglycerate-dependent phosphoglycerate mutase"
"EW021_RS05975"	"g011812"	"dihydroorotate oxidase"
"EW021_RS05980"	"g010195"	"cadmium-translocating P-type ATPase"
"EW021_RS05985"	"g000126_2"	"hypothetical protein"
"EW021_RS05990"	"g005819_1"	"streptodornase Sda3"
"EW021_RS05995"	"g007049"	"hypothetical protein"
"EW021_RS06000"	"g000429_1"	"CHAP domain-containing protein"
"EW021_RS06005"	"g008664"	"phage holin"
"EW021_RS06010"	"g003736"	"hypothetical protein"
"EW021_RS06015"	"g000165_1"	"DUF1366 domain-containing protein"
"EW021_RS06020"	"g000360_1"	"DUF1617 family protein"
"EW021_RS06025"	"g002041"	"hypothetical protein"
"EW021_RS06030"	"g006086"	"hypothetical protein"
"EW021_RS06035"	"g005152"	"hypothetical protein"
"EW021_RS06040"	"g003458"	"DUF5361 domain-containing protein"
"EW021_RS06045"	"g008405"	"hypothetical protein"
"EW021_RS06050"	"g002862"	"tail protein"
"EW021_RS06055"	"g007914"	"hypothetical protein"
"EW021_RS06060"	"g003864"	"hypothetical protein"
"EW021_RS06065"	"g007898"	"hypothetical protein"
"EW021_RS06070"	"g003326"	"hypothetical protein"
"EW021_RS06075"	"g008910"	"hypothetical protein"
"EW021_RS06080"	"g011953"	"hypothetical protein"
"EW021_RS06085"	"g007173"	"DUF4355 domain-containing protein"
"EW021_RS06090"	"g010731"	"terminase"
"EW021_RS06095"	"g000203"	"hypothetical protein"
"EW021_RS06100"	"g008427"	"hypothetical protein"
"EW021_RS06105"	"g008684"	"hypothetical protein"
"EW021_RS06110"	"g010576"	"hypothetical protein"
"EW021_RS06115"	"g009367"	"phage portal protein"
"EW021_RS06120"	"g007771"	"hypothetical protein"
"EW021_RS06125"	"g003533"	"HNH endonuclease"
"EW021_RS06130"	"g003336"	"DUF1492 domain-containing protein"
"EW021_RS06135"	"g001293"	"SAM-dependent DNA methyltransferase"
"EW021_RS06140"	"g000116_2"	"hypothetical protein"
"EW021_RS06145"	"g006927"	"hypothetical protein"
"EW021_RS06150"	"g007443"	"hypothetical protein"
"EW021_RS06155"	"g005837"	"hypothetical protein"
"EW021_RS06160"	"g005478"	"DNA recombination protein RecT"
"EW021_RS06165"	"g003570"	"hypothetical protein"
"EW021_RS06170"	"g008850"	"hypothetical protein"
"EW021_RS06175"	"g004089"	"hypothetical protein"
"EW021_RS06180"	"g003870"	"hypothetical protein"
"EW021_RS06185"	"g003409"	"DnaD domain protein"
"EW021_RS06190"	"g003799"	"hypothetical protein"
"EW021_RS06195"	"g001813"	"hypothetical protein"
"EW021_RS06200"	"g008080"	"hypothetical protein"
"EW021_RS06205"	"g009068"	"helix-turn-helix transcriptional regulator"
"EW021_RS06210"	"g008565"	"hypothetical protein"
"EW021_RS06215"	"g012490"	"TIGR02391 family protein"
"EW021_RS06220"	"g008387"	"hypothetical protein"
"EW021_RS06225"	"g000279"	"oxidoreductase"
"EW021_RS06230"	"g009006"	"hypothetical protein"
"EW021_RS06235"	"g014539"	"None"
"EW021_RS06240"	"g001548_2"	"helix-turn-helix transcriptional regulator"
"EW021_RS06245"	"g007636"	"ImmA/IrrE family metallo-endopeptidase"
"EW021_RS06250"	"g008388"	"DUF4177 domain-containing protein"
"EW021_RS06255"	"g004350"	"site-specific integrase"
"EW021_RS06260"	"g000202"	"DNA-binding protein HU-alpha"
"EW021_RS06265"	"g006553"	"YpmS family protein"
"EW021_RS06270"	"g012222"	"SGNH/GDSL hydrolase family protein"
"EW021_RS06275"	"g012326"	"DegV family protein"
"EW021_RS06280"	"g002354"	"LPXTG cell wall anchor domain-containing protein"
"EW021_RS06285"	"g010360"	"DNA repair protein RecN"
"EW021_RS06290"	"g007131"	"arginine repressor"
"EW021_RS06295"	"g012389"	"TlyA family RNA methyltransferase"
"EW021_RS06300"	"g012152"	"polyprenyl synthetase family protein"
"EW021_RS06305"	"g001750"	"exodeoxyribonuclease VII small subunit"
"EW021_RS06310"	"g010916"	"exodeoxyribonuclease VII large subunit"
"EW021_RS06315"	"g001136"	"bifunctional methylenetetrahydrofolate dehydrogenase/methenyltetrahydrofolate cyclohydrolase FolD"
"EW021_RS06320"	"g010322"	"phospho-sugar mutase"
"EW021_RS06325"	"g010739"	"deoxyribodipyrimidine photo-lyase"
"EW021_RS06330"	"g000004"	"amino acid ABC transporter ATP-binding protein"
"EW021_RS06335"	"g006116"	"amino acid ABC transporter permease"
"EW021_RS06340"	"g008635"	"YkuJ family protein"
"EW021_RS06345"	"g000452"	"ATP-dependent chaperone ClpB"
"EW021_RS06350"	"g003230"	"NUDIX hydrolase"
"EW021_RS06355"	"g008145"	"DUF1827 family protein"
"EW021_RS06360"	"g005083"	"isoleucine--tRNA ligase"
"EW021_RS06365"	"g012742"	"DivIVA domain-containing protein"
"EW021_RS06370"	"g012560"	"RNA-binding protein"
"EW021_RS06375"	"g008468"	"YggT family protein"
"EW021_RS06380"	"g006257"	"cell division protein SepF"
"EW021_RS06385"	"g002685"	"YggS family pyridoxal phosphate-dependent enzyme"
"EW021_RS06390"	"g001950"	"cell division protein FtsZ"
"EW021_RS06395"	"g010850"	"cell division protein FtsA"
"EW021_RS06400"	"g009747"	"cell division protein FtsQ/DivIB"
"EW021_RS06405"	"g009969"	"UDP-N-acetylglucosamine--N-acetylmuramyl- (pentapeptide) pyrophosphoryl-undecaprenol N-acetylglucosamine transferase"
"EW021_RS06410"	"g010866"	"UDP-N-acetylmuramoyl-L-alanine--D-glutamate ligase"
"EW021_RS06415"	"g008488"	"DUF3165 family protein"
"EW021_RS06420"	"g000965"	"ribosome-dependent GTPase TypA"
"EW021_RS06425"	"g007571"	"rhodanese-like domain-containing protein"
"EW021_RS06430"	"g011637"	"ROK family glucokinase"
"EW021_RS06435"	"g008874"	"YqgQ family protein"
"EW021_RS06440"	"g006862"	"DNA starvation/stationary phase protection protein"
"EW021_RS06445"	"g006393"	"prepilin peptidase"
"EW021_RS06450"	"g004428"	"23S rRNA (adenine(2503)-C(2))-methyltransferase RlmN"
"EW021_RS06455"	"g002750"	"YutD family protein"
"EW021_RS06465"	"g011338"	"PDZ domain-containing protein"
"EW021_RS06470"	"g007017"	"pantetheine-phosphate adenylyltransferase"
"EW021_RS06475"	"g006800"	"16S rRNA (guanine(966)-N(2))-methyltransferase RsmD"
"EW021_RS06480"	"g002326"	"aspartate--ammonia ligase"
"EW021_RS06485"	"g011731"	"carbamate kinase"
"EW021_RS06490"	"g010951"	"Sapep family Mn(2+)-dependent dipeptidase"
"EW021_RS06495"	"g010577"	"YfcC family protein"
"EW021_RS06500"	"g000507"	"ornithine carbamoyltransferase"
"EW021_RS06505"	"g003309"	"GNAT family N-acetyltransferase"
"EW021_RS06510"	"g004218"	"arginine deiminase"
"EW021_RS06515"	"g006147"	"Crp/Fnr family transcriptional regulator"
"EW021_RS06520"	"g007114"	"arginine regulator"
"EW021_RS06525"	"g012955"	"B3/4 domain-containing protein"
"EW021_RS06530"	"g004452"	"MmcQ/YjbR family DNA-binding protein"
"EW021_RS06535"	"g004638"	"sensor histidine kinase"
"EW021_RS06540"	"g005985"	"response regulator"
"EW021_RS06545"	"g000705"	"peptide-methionine (R)-S-oxide reductase MsrB"
"EW021_RS06550"	"g006406"	"TlpA family protein disulfide reductase"
"EW021_RS06555"	"g012977"	"thiol-disulfide oxidoreductase-associated membrane protein CcdA2"
"EW021_RS06560"	"g003680"	"CRISPR-associated endonuclease Cas2"
"EW021_RS06565"	"g011385"	"type I-C CRISPR-associated endonuclease Cas1"
"EW021_RS06570"	"g006177"	"CRISPR-associated protein Cas4"
"EW021_RS06575"	"g012277"	"type I-C CRISPR-associated protein Cas7/Csd2"
"EW021_RS06580"	"g010175"	"type I-C CRISPR-associated protein Cas8c/Csd1"
"EW021_RS06585"	"g012897"	"type I-C CRISPR-associated protein Cas5"
"EW021_RS06590"	"g004202"	"CRISPR-associated helicase/endonuclease Cas3"
"EW021_RS06595"	"g005098"	"valine--tRNA ligase"
"EW021_RS06600"	"g002936"	"AAA family ATPase"
"EW021_RS06605"	"g014540"	"None"
"EW021_RS06615"	"g007523"	"hypothetical protein"
"EW021_RS06620"	"g008469"	"DUF1912 family protein"
"EW021_RS06630"	"g004436"	"3-deoxy-7-phosphoheptulonate synthase"
"EW021_RS06635"	"g009999"	"3-dehydroquinate synthase"
"EW021_RS06640"	"g008120"	"cupin domain-containing protein"
"EW021_RS06645"	"g007895"	"cupin domain-containing protein"
"EW021_RS06650"	"g005928"	"class I SAM-dependent methyltransferase"
"EW021_RS06655"	"g002444"	"shikimate dehydrogenase"
"EW021_RS06660"	"g005061"	"glycoside hydrolase family 2 protein"
"EW021_RS06665"	"g004814"	"response regulator transcription factor"
"EW021_RS06670"	"g010287"	"sensor histidine kinase"
"EW021_RS06675"	"g006477"	"YesL family protein"
"EW021_RS06680"	"g010669"	"extracellular solute-binding protein"
"EW021_RS06685"	"g011870"	"carbohydrate ABC transporter permease"
"EW021_RS06690"	"g011732"	"sugar ABC transporter permease"
"EW021_RS06695"	"g005504"	"ROK family protein"
"EW021_RS06700"	"g002148"	"glycoside hydrolase family 1 protein"
"EW021_RS06705"	"g004656"	"hyaluronidase"
"EW021_RS06710"	"g001066_2"	"GntR family transcriptional regulator"
"EW021_RS06715"	"g010981"	"glycoside hydrolase family 125 protein"
"EW021_RS06720"	"g002244"	"alpha-mannosidase"
"EW021_RS06725"	"g010878"	"sensor histidine kinase"
"EW021_RS06730"	"g010879"	"23S rRNA (uracil(1939)-C(5))-methyltransferase RlmD"
"EW021_RS06735"	"g012652"	"recombination regulator RecX"
"EW021_RS06740"	"g002985"	"DUF402 domain-containing protein"
"EW021_RS06815"	"g006757"	"ribosome-associated translation inhibitor RaiA"
"EW021_RS06820"	"g006224"	"ComF family protein"
"EW021_RS06825"	"g010966"	"DEAD/DEAH box helicase"
"EW021_RS06830"	"g006358"	"YigZ family protein"
"EW021_RS06835"	"g001096"	"cysteine synthase A"
"EW021_RS06840"	"g003443"	"S1 RNA-binding domain-containing protein"
"EW021_RS06845"	"g000616_1"	"peptidyl-prolyl cis-trans isomerase"
"EW021_RS06850"	"g000039"	"response regulator transcription factor"
"EW021_RS06855"	"g011478"	"sensor histidine kinase"
"EW021_RS06860"	"g012825"	"cell wall-active antibiotics response protein"
"EW021_RS06865"	"g010173"	"Stk1 family PASTA domain-containing Ser/Thr kinase"
"EW021_RS06870"	"g012845"	"Stp1/IreP family PP2C-type Ser/Thr phosphatase"
"EW021_RS06875"	"g005006"	"16S rRNA (cytosine(967)-C(5))-methyltransferase RsmB"
"EW021_RS06880"	"g005461"	"methionyl-tRNA formyltransferase"
"EW021_RS06885"	"g005148"	"primosomal protein N'"
"EW021_RS06890"	"g008034"	"DNA-directed RNA polymerase subunit omega"
"EW021_RS06895"	"g002770"	"guanylate kinase"
"EW021_RS06900"	"g004728"	"ribonuclease Y"
"EW021_RS06905"	"g000007"	"LysR family transcriptional regulator"
"EW021_RS06910"	"g000057"	"acetyl-CoA C-acetyltransferase"
"EW021_RS06915"	"g001255"	"CoA transferase subunit A"
"EW021_RS06920"	"g000162"	"CoA transferase subunit B"
"EW021_RS06925"	"g012636"	"3-hydroxybutyrate dehydrogenase"
"EW021_RS06930"	"g010952"	"GntP family permease"
"EW021_RS06935"	"g007060"	"S-ribosylhomocysteine lyase"
"EW021_RS06940"	"g010629"	"hypothetical protein"
"EW021_RS06945"	"g009760"	"class I SAM-dependent RNA methyltransferase"
"EW021_RS06955"	"g007971"	"cell division regulator GpsB"
"EW021_RS06960"	"g006917"	"DUF1273 domain-containing protein"
"EW021_RS06965"	"g006466"	"Holliday junction resolvase RecU"
"EW021_RS06970"	"g010061"	"penicillin-binding protein"
"EW021_RS06975"	"g010923"	"aminopeptidase C"
"EW021_RS06980"	"g001141"	"ammonia-dependent NAD(+) synthetase"
"EW021_RS06985"	"g004824"	"nicotinate phosphoribosyltransferase"
"EW021_RS06990"	"g010807"	"amino acid permease"
"EW021_RS06995"	"g005462"	"thioredoxin-disulfide reductase"
"EW021_RS07000"	"g008686"	"DUF4059 family protein"
"EW021_RS07005"	"g000004"	"amino acid ABC transporter ATP-binding protein"
"EW021_RS07010"	"g012506"	"amino acid ABC transporter permease"
"EW021_RS07015"	"g010905"	"DEAD/DEAH box helicase"
"EW021_RS07020"	"g011446"	"phospho-N-acetylmuramoyl-pentapeptide- transferase"
"EW021_RS07025"	"g010034"	"penicillin-binding protein"
"EW021_RS07030"	"g007993"	"cell division protein FtsL"
"EW021_RS07035"	"g005270"	"16S rRNA (cytosine(1402)-N(4))-methyltransferase RsmH"
"EW021_RS07040"	"g014541"	"None"
"EW021_RS07050"	"g009426"	"glutamate-5-semialdehyde dehydrogenase"
"EW021_RS07055"	"g012411"	"glutamate 5-kinase"
"EW021_RS07060"	"g004706"	"ABC transporter permease"
"EW021_RS07065"	"g012874"	"ABC transporter ATP-binding protein"
"EW021_RS07070"	"g003766"	"bacteriocin immunity protein"
"EW021_RS07075"	"g000088"	"transketolase"
"EW021_RS07080"	"g006301"	"fructose-6-phosphate aldolase"
"EW021_RS07085"	"g004798"	"helix-turn-helix domain-containing protein"
"EW021_RS07090"	"g010900"	"NAD(P)/FAD-dependent oxidoreductase"
"EW021_RS07095"	"g002492"	"aquaporin family protein"
"EW021_RS07100"	"g010205"	"type 1 glycerol-3-phosphate oxidase"
"EW021_RS07105"	"g000997"	"glycerol kinase GlpK"
"EW021_RS07110"	"g007234"	"PepSY domain-containing protein"
"EW021_RS07115"	"g003798"	"DUF896 family protein"
"EW021_RS07120"	"g004530"	"glycine--tRNA ligase subunit beta"
"EW021_RS07125"	"g005526"	"glycine--tRNA ligase subunit alpha"
"EW021_RS07130"	"g008851"	"hypothetical protein"
"EW021_RS07135"	"g006733"	"isoprenylcysteine carboxyl methyltransferase family protein"
"EW021_RS07140"	"g012327"	"aldo/keto reductase"
"EW021_RS07145"	"g009779"	"N-acetylglucosamine-6-phosphate deacetylase"
"EW021_RS07150"	"g010401"	"Na/Pi cotransporter family protein"
"EW021_RS07155"	"g012930"	"hypothetical protein"
"EW021_RS07160"	"g012304"	"DegV family protein"
"EW021_RS07165"	"g006707"	"TetR/AcrR family transcriptional regulator"
"EW021_RS07170"	"g005773_1"	"Cof-type HAD-IIB family hydrolase"
"EW021_RS07175"	"g006478"	"trimeric intracellular cation channel family protein"
"EW021_RS07180"	"g002337"	"tagatose-bisphosphate aldolase"
"EW021_RS07190"	"g000657_1"	"galactose-6-phosphate isomerase subunit LacB"
"EW021_RS07195"	"g000713_2"	"galactose-6-phosphate isomerase subunit LacA"
"EW021_RS07200"	"g010662"	"PTS glucose transporter subunit IIC"
"EW021_RS07205"	"g001662"	"PTS sugar transporter subunit IIB"
"EW021_RS07210"	"g007115"	"PTS sugar transporter subunit IIA"
"EW021_RS07215"	"g005890_1"	"DeoR/GlpR transcriptional regulator"
"EW021_RS07220"	"g001831"	"hypothetical protein"
"EW021_RS07225"	"g000838"	"heavy-metal-associated domain-containing protein"
"EW021_RS07230"	"g004493"	"copper-translocating P-type ATPase"
"EW021_RS07235"	"g000706"	"CopY/TcrY family copper transport repressor"
"EW021_RS07240"	"g005304"	"alpha/beta hydrolase"
"EW021_RS07245"	"g003507"	"30S ribosome-binding factor RbfA"
"EW021_RS07250"	"g000950"	"translation initiation factor IF-2"
"EW021_RS07255"	"g008146"	"YlxQ-related RNA-binding protein"
"EW021_RS07260"	"g008180"	"YlxR family protein"
"EW021_RS07265"	"g009752"	"transcription termination/antitermination protein NusA"
"EW021_RS07270"	"g014542"	"None"
"EW021_RS07275"	"g000126_1"	"hypothetical protein"
"EW021_RS07280"	"g009706"	"streptodornase Sda1"
"EW021_RS07285"	"g000429_2"	"streptodornase Sda1"
"EW021_RS07290"	"g001814"	"hypothetical protein"
"EW021_RS07295"	"g001665"	"hypothetical protein"
"EW021_RS07300"	"g000165_1"	"DUF1366 domain-containing protein"
"EW021_RS07305"	"g009216"	"hypothetical protein"
"EW021_RS07310"	"g000460_1"	"hypothetical protein"
"EW021_RS07315"	"g000575_2"	"hypothetical protein"
"EW021_RS07320"	"g001774_2"	"hypothetical protein"
"EW021_RS07325"	"g000947"	"peptidase"
"EW021_RS07330"	"g012307"	"hypothetical protein"
"EW021_RS07335"	"g011055"	"tape measure protein"
"EW021_RS07340"	"g008611"	"hypothetical protein"
"EW021_RS07345"	"g007215"	"hypothetical protein"
"EW021_RS07350"	"g006515"	"phage major tail protein%2C TP901-1 family"
"EW021_RS07355"	"g007759"	"hypothetical protein"
"EW021_RS07360"	"g007857"	"hypothetical protein"
"EW021_RS07365"	"g008294"	"hypothetical protein"
"EW021_RS07370"	"g007774"	"phage head-tail connector protein"
"EW021_RS07375"	"g012073"	"hypothetical protein"
"EW021_RS07380"	"g006645"	"DUF4355 domain-containing protein"
"EW021_RS07385"	"g000203"	"hypothetical protein"
"EW021_RS07390"	"g009042"	"hypothetical protein"
"EW021_RS07395"	"g010670"	"hypothetical protein"
"EW021_RS07400"	"g010506"	"phage portal protein"
"EW021_RS07405"	"g004156"	"PBSX family phage terminase large subunit"
"EW021_RS07410"	"g007238"	"terminase small subunit"
"EW021_RS07415"	"g007429"	"DUF722 domain-containing protein"
"EW021_RS07420"	"g009007"	"hypothetical protein"
"EW021_RS07425"	"g012265"	"site-specific DNA-methyltransferase"
"EW021_RS07430"	"g000116_3"	"hypothetical protein"
"EW021_RS07435"	"g004937"	"DEAD/DEAH box helicase"
"EW021_RS07440"	"g008310"	"VRR-NUC domain-containing protein"
"EW021_RS07445"	"g011223"	"DNA primase"
"EW021_RS07450"	"g004550"	"DNA polymerase"
"EW021_RS07455"	"g006711"	"DUF2815 family protein"
"EW021_RS07460"	"g007507"	"hypothetical protein"
"EW021_RS07465"	"g009761"	"DUF2800 domain-containing protein"
"EW021_RS07470"	"g008163"	"hypothetical protein"
"EW021_RS07475"	"g008876"	"hypothetical protein"
"EW021_RS07480"	"g007597"	"hypothetical protein"
"EW021_RS07485"	"g008877"	"hypothetical protein"
"EW021_RS07490"	"g001813"	"hypothetical protein"
"EW021_RS07495"	"g008311"	"hypothetical protein"
"EW021_RS07500"	"g008765"	"hypothetical protein"
"EW021_RS07505"	"g003353_1"	"hypothetical protein"
"EW021_RS07510"	"g001548_1"	"helix-turn-helix transcriptional regulator"
"EW021_RS07515"	"g003429"	"hypothetical protein"
"EW021_RS07520"	"g006747"	"hypothetical protein"
"EW021_RS07525"	"g009978"	"site-specific integrase"
"EW021_RS07535"	"g002751"	"tRNA (guanosine(46)-N7)-methyltransferase TrmB"
"EW021_RS07540"	"g012561"	"phosphotransferase family protein"
"EW021_RS07545"	"g011350"	"ABC transporter permease"
"EW021_RS07550"	"g005986"	"ABC transporter ATP-binding protein"
"EW021_RS07555"	"g001519"	"HIT family protein"
"EW021_RS07560"	"g007772"	"hypothetical protein"
"EW021_RS07565"	"g009325"	"LCP family protein"
"EW021_RS07570"	"g006873"	"GNAT family N-acetyltransferase"
"EW021_RS07575"	"g007174"	"tRNA (adenosine(37)-N6)-threonylcarbamoyltransferase complex ATPase subunit type 1 TsaE"
"EW021_RS07580"	"g010645"	"NCS2 family permease"
"EW021_RS07585"	"g012457"	"Cof-type HAD-IIB family hydrolase"
"EW021_RS07590"	"g011541"	"PTS mannose transporter subunit IIAB"
"EW021_RS07595"	"g000273"	"PTS mannose/fructose/sorbose transporter subunit IIC"
"EW021_RS07600"	"g011954"	"PTS mannose/fructose/sorbose transporter family subunit IID"
"EW021_RS07605"	"g007758"	"DUF956 family protein"
"EW021_RS07610"	"g000864"	"serine--tRNA ligase"
"EW021_RS07615"	"g001104"	"acetyl-CoA carboxylase carboxyl transferase subunit alpha"
"EW021_RS07620"	"g012188"	"acetyl-CoA carboxylase carboxyltransferase subunit beta"
"EW021_RS07625"	"g000255"	"acetyl-CoA carboxylase biotin carboxylase subunit"
"EW021_RS07630"	"g003280"	"3-hydroxyacyl-ACP dehydratase FabZ"
"EW021_RS07635"	"g006974"	"acetyl-CoA carboxylase biotin carboxyl carrier protein"
"EW021_RS07640"	"g009497"	"beta-ketoacyl-ACP synthase II"
"EW021_RS07645"	"g012875"	"3-oxoacyl-[acyl-carrier-protein] reductase"
"EW021_RS07650"	"g011800"	"ACP S-malonyltransferase"
"EW021_RS07655"	"g011638"	"enoyl-[acyl-carrier-protein] reductase FabK"
"EW021_RS07660"	"g008687"	"acyl carrier protein"
"EW021_RS07665"	"g011628"	"ketoacyl-ACP synthase III"
"EW021_RS07670"	"g007331"	"MarR family transcriptional regulator"
"EW021_RS07675"	"g012562"	"enoyl-CoA hydratase"
"EW021_RS07680"	"g004354"	"molecular chaperone DnaJ"
"EW021_RS07685"	"g000961"	"molecular chaperone DnaK"
"EW021_RS07690"	"g006621"	"nucleotide exchange factor GrpE"
"EW021_RS07695"	"g011351"	"heat-inducible transcriptional repressor HrcA"
"EW021_RS07700"	"g006643"	"glycoside hydrolase family 73 protein"
"EW021_RS07705"	"g005975"	"D-alanyl-D-alanine carboxypeptidase family protein"
"EW021_RS07710"	"g006064"	"histidine phosphatase family protein"
"EW021_RS07715"	"g003820_2"	"GlsB/YeaQ/YmgE family stress response membrane protein"
"EW021_RS07720"	"g003929"	"hypothetical protein"
"EW021_RS07725"	"g004848"	"Asp-tRNA(Asn)/Glu-tRNA(Gln) amidotransferase subunit GatB"
"EW021_RS07730"	"g004828"	"Asp-tRNA(Asn)/Glu-tRNA(Gln) amidotransferase subunit GatA"
"EW021_RS07735"	"g008147"	"Asp-tRNA(Asn)/Glu-tRNA(Gln) amidotransferase subunit GatC"
"EW021_RS07745"	"g004018"	"hypothetical protein"
"EW021_RS07750"	"g006734"	"cysteine hydrolase"
"EW021_RS07755"	"g012618"	"GTP-sensing pleiotropic transcriptional regulator CodY"
"EW021_RS07760"	"g001918"	"pyridoxal phosphate-dependent aminotransferase"
"EW021_RS07765"	"g001430_1"	"universal stress protein"
"EW021_RS07770"	"g010787"	"Cof-type HAD-IIB family hydrolase"
"EW021_RS07775"	"g005381"	"asparaginase"
"EW021_RS07780"	"g013008"	"ABC transporter permease"
"EW021_RS07785"	"g012004"	"ABC transporter ATP-binding protein"
"EW021_RS07790"	"g004523"	"ATP-dependent DNA helicase RecG"
"EW021_RS07795"	"g000036_2"	"hypothetical protein"
"EW021_RS07800"	"g010773"	"ABC transporter ATP-binding protein"
"EW021_RS07805"	"g006148"	"energy-coupling factor transporter transmembrane protein EcfT"
"EW021_RS07810"	"g006534"	"MptD family putative ECF transporter S component"
"EW021_RS07815"	"g010352"	"ABC transporter ATP-binding protein"
"EW021_RS07820"	"g010256"	"ABC transporter ATP-binding protein/permease"
"EW021_RS07825"	"g000537"	"ABC transporter ATP-binding protein"
"EW021_RS07830"	"g011399"	"iron ABC transporter permease"
"EW021_RS07835"	"g012092"	"heme ABC transporter substrate-binding protein IsdE"
"EW021_RS07840"	"g012138"	"heme-binding protein"
"EW021_RS07845"	"g011066"	"DUF1533 domain-containing protein"
"EW021_RS07850"	"g000462"	"CHAP domain-containing protein"
"EW021_RS07855"	"g004412"	"alanine racemase"
"EW021_RS07860"	"g007773"	"holo-ACP synthase"
"EW021_RS07865"	"g000026"	"preprotein translocase subunit SecA"
"EW021_RS07870"	"g014543"	"None"
"EW021_RS07880"	"g005414"	"mannose-6-phosphate isomerase%2C class I"
"EW021_RS07885"	"g012093"	"ROK family protein"
"EW021_RS07890"	"g002237"	"endo-beta-N-acetylglucosaminidase"
"EW021_RS07895"	"g010183"	"PTS beta-glucoside transporter subunit IIBCA"
"EW021_RS07900"	"g010677"	"glycoside hydrolase family 32 protein"
"EW021_RS07905"	"g011659"	"LacI family transcriptional regulator"
"EW021_RS07910"	"g007235"	"transcription antitermination factor NusB"
"EW021_RS07915"	"g007572"	"Asp23/Gls24 family envelope stress response protein"
"EW021_RS07920"	"g006708"	"elongation factor P"
"EW021_RS07925"	"g001468"	"ComE operon protein 2"
"EW021_RS07930"	"g010000"	"aminopeptidase P family protein"
"EW021_RS07935"	"g001041"	"excinuclease ABC subunit UvrA"
"EW021_RS07940"	"g011763"	"magnesium transporter CorA family protein"
"EW021_RS07945"	"g006258"	"DUF1129 domain-containing protein"
"EW021_RS07950"	"g001749"	"30S ribosomal protein S18"
"EW021_RS07955"	"g000102_1"	"single-stranded DNA-binding protein"
"EW021_RS07960"	"g003672"	"30S ribosomal protein S6"
"EW021_RS07965"	"g008204"	"hypothetical protein"
"EW021_RS07970"	"g009853"	"A/G-specific adenine glycosylase"
"EW021_RS07975"	"g001348"	"helix-turn-helix transcriptional regulator"
"EW021_RS07980"	"g000775"	"thioredoxin TrxA"
"EW021_RS07985"	"g006960"	"phosphatase PAP2 family protein"
"EW021_RS07990"	"g011233"	"endonuclease MutS2"
"EW021_RS07995"	"g002980"	"CvpA family protein"
"EW021_RS08000"	"g008103"	"hypothetical protein"
"EW021_RS08005"	"g012005"	"ribonuclease HIII"
"EW021_RS08010"	"g006535"	"signal peptidase I"
"EW021_RS08015"	"g005128"	"ATP-dependent RecD-like DNA helicase"
"EW021_RS08020"	"g003131"	"hypothetical protein"
"EW021_RS08025"	"g009930"	"DNA polymerase IV"
"EW021_RS08030"	"g011237"	"formate C-acetyltransferase"
"EW021_RS08035"	"g011733"	"serine hydrolase"
"EW021_RS08040"	"g012779"	"peptidase"
"EW021_RS08045"	"g012072"	"TSUP family transporter"
"EW021_RS08050"	"g011747"	"aquaporin family protein"
"EW021_RS08055"	"g001430_2"	"universal stress protein"
"EW021_RS08060"	"g011024"	"MFS transporter"
"EW021_RS08065"	"g012940"	"Crp/Fnr family transcriptional regulator"
"EW021_RS08070"	"g010026"	"Xaa-Pro dipeptidyl-peptidase"
"EW021_RS08075"	"g008712"	"helix-turn-helix transcriptional regulator"
"EW021_RS08080"	"g007667"	"helix-turn-helix transcriptional regulator"
"EW021_RS08085"	"g008162"	"YbaB/EbfC family nucleoid-associated protein"
"EW021_RS08090"	"g000199"	"MerR family transcriptional regulator"
"EW021_RS08095"	"g002788"	"3'-5' exonuclease"
"EW021_RS08100"	"g006578"	"DUF536 domain-containing protein"
"EW021_RS08105"	"g004306"	"NAD(P)/FAD-dependent oxidoreductase"
"EW021_RS08110"	"g006198"	"deoxyribose-phosphate aldolase"
"EW021_RS08115"	"g009598"	"NupC/NupG family nucleoside CNT transporter"
"EW021_RS08120"	"g012637"	"uridine phosphorylase"
"EW021_RS08125"	"g012743"	"GntR family transcriptional regulator"
"EW021_RS08130"	"g000383"	"30S ribosomal protein S14"
"EW021_RS08135"	"g005238"	"tRNA (adenosine(37)-N6)-threonylcarbamoyltransferase complex transferase subunit TsaD"
"EW021_RS08140"	"g003318"	"ribosomal-protein-alanine N-acetyltransferase"
"EW021_RS08145"	"g013030"	"tRNA (adenosine(37)-N6)-threonylcarbamoyltransferase complex dimerization subunit type 1 TsaB"
"EW021_RS08150"	"g008636"	"DNA-dependent RNA polymerase auxiliary subunit epsilon family protein"
"EW021_RS08155"	"g004654"	"ribonuclease J"
"EW021_RS08160"	"g004973"	"type I glutamate--ammonia ligase"
"EW021_RS08165"	"g003459"	"MerR family transcriptional regulator"
"EW021_RS08170"	"g006746"	"aromatic acid exporter family protein"
"EW021_RS08175"	"g004268"	"phosphoglycerate kinase"
"EW021_RS08180"	"g005609"	"5'-nucleotidase%2C lipoprotein e(P4) family"
"EW021_RS08185"	"g012058"	"SPFH domain-containing protein"
"EW021_RS08190"	"g004674"	"DAK2 domain-containing protein"
"EW021_RS08195"	"g007711"	"Asp23/Gls24 family envelope stress response protein"
"EW021_RS08200"	"g001846"	"hypothetical protein"
"EW021_RS08205"	"g009828"	"ISAs1-like element IS1548 family transposase"
"EW021_RS08210"	"g004005"	"50S ribosomal protein L28"
"EW021_RS08215"	"g012107"	"fructose-bisphosphate aldolase"
"EW021_RS08225"	"g011871"	"alpha/beta hydrolase"
"EW021_RS08230"	"g000986"	"CTP synthase (glutamine hydrolyzing)"
"EW021_RS08235"	"g006608"	"DNA-directed RNA polymerase subunit delta"
"EW021_RS08240"	"g009326"	"trigger factor"
"EW021_RS08245"	"g012290"	"mechanosensitive ion channel family protein"
"EW021_RS08250"	"g006709"	"TIGR01440 family protein"
"EW021_RS08255"	"g007132"	"membrane protein"
"EW021_RS08260"	"g012712"	"bifunctional hydroxymethylpyrimidine kinase/phosphomethylpyrimidine kinase"
"EW021_RS08265"	"g012795"	"tRNA pseudouridine(38-40) synthase TruA"
"EW021_RS08270"	"g006744"	"sigma-70 family RNA polymerase sigma factor"
"EW021_RS08305"	"g014544"	"None"
"EW021_RS08310"	"g000145"	"murein tripeptide/oligopeptide ABC transporter ATP binding protein OppF"
"EW021_RS08315"	"g000021"	"ABC transporter ATP-binding protein"
"EW021_RS08320"	"g011865"	"ABC transporter permease"
"EW021_RS08325"	"g010545"	"ABC transporter permease"
"EW021_RS08330"	"g010139"	"peptide ABC transporter substrate-binding protein"
"EW021_RS08335"	"g009495"	"D-alanyl-D-alanine carboxypeptidase"
"EW021_RS08340"	"g009674"	"D-alanyl-D-alanine carboxypeptidase"
"EW021_RS08345"	"g004874"	"Fe-S cluster assembly protein SufB"
"EW021_RS08350"	"g007080"	"SUF system NifU family Fe-S cluster assembly protein"
"EW021_RS08355"	"g004208"	"cysteine desulfurase"
"EW021_RS08360"	"g009389"	"Fe-S cluster assembly protein SufD"
"EW021_RS08365"	"g000541"	"Fe-S cluster assembly ATPase SufC"
"EW021_RS08370"	"g009721"	"undecaprenyl/decaprenyl-phosphate alpha-N-acetylglucosaminyl 1-phosphate transferase"
"EW021_RS08375"	"g012725"	"adaptor protein MecA"
"EW021_RS08380"	"g012323"	"undecaprenyl-diphosphate phosphatase"
"EW021_RS08385"	"g010164"	"DUF2207 domain-containing protein"
"EW021_RS08390"	"g010453"	"ABC transporter substrate-binding protein/permease"
"EW021_RS08395"	"g000004"	"amino acid ABC transporter ATP-binding protein"
"EW021_RS08400"	"g014545"	"None"
"EW021_RS08405"	"g000262"	"type I glyceraldehyde-3-phosphate dehydrogenase"
"EW021_RS08410"	"g000457"	"elongation factor G"
"EW021_RS08415"	"g000689"	"30S ribosomal protein S7"
"EW021_RS08420"	"g001530"	"30S ribosomal protein S12"
"EW021_RS08425"	"g011169"	"SEC10/PgrA surface exclusion domain-containing protein"
"EW021_RS08430"	"g012322"	"pur operon repressor"
"EW021_RS08435"	"g011798"	"HD domain-containing protein"
"EW021_RS08440"	"g009353"	"DNA recombination protein RmuC"
"EW021_RS08445"	"g006355"	"thiamine diphosphokinase"
"EW021_RS08450"	"g002709"	"ribulose-phosphate 3-epimerase"
"EW021_RS08455"	"g012150"	"ribosome small subunit-dependent GTPase A"
"EW021_RS08460"	"g005600"	"16S rRNA (adenine(1518)-N(6)/adenine(1519)-N(6))- dimethyltransferase RsmA"
"EW021_RS08465"	"g006639"	"ribonuclease M5"
"EW021_RS08470"	"g005772"	"TatD family hydrolase"
"EW021_RS08475"	"g012369"	"MurR/RpiR family transcriptional regulator"
"EW021_RS08480"	"g011797"	"ROK family protein"
"EW021_RS08485"	"g011934"	"N-acetylneuraminate lyase"
"EW021_RS08490"	"g000569"	"DUF624 domain-containing protein"
"EW021_RS08495"	"g012368"	"carbohydrate ABC transporter permease"
"EW021_RS08500"	"g012070"	"sugar ABC transporter permease"
"EW021_RS08505"	"g010974"	"carbohydrate ABC transporter substrate-binding protein"
"EW021_RS08510"	"g013005"	"N-acetylmannosamine-6-phosphate 2-epimerase"
"EW021_RS08515"	"g001854"	"50S ribosomal protein L34"
"EW021_RS08520"	"g005535"	"protein jag"
"EW021_RS08525"	"g012386"	"membrane protein insertase YidC"
"EW021_RS08530"	"g007756"	"ribonuclease P protein component"
"EW021_RS08535"	"g012844"	"response regulator transcription factor"
"EW021_RS08540"	"g009322"	"sensor histidine kinase"
"EW021_RS08545"	"g010898"	"sensor histidine kinase"
"EW021_RS08550"	"g004838"	"glutamate--tRNA ligase"
"EW021_RS08555"	"g013044"	"TIGR00266 family protein"
"EW021_RS08560"	"g001441"	"carbonic anhydrase"
"EW021_RS08565"	"g004942"	"DNA repair protein RadA"
"EW021_RS08570"	"g003257"	"dUTP diphosphatase"
"EW021_RS08575"	"g005908"	"epoxyqueuosine reductase QueH"
"EW021_RS08580"	"g010238"	"ABC transporter ATP-binding protein"
"EW021_RS08585"	"g010310"	"ABC transporter ATP-binding protein"
"EW021_RS08590"	"g007252"	"MarR family transcriptional regulator"
"EW021_RS08595"	"g011419"	"NAD(P)H-dependent glycerol-3-phosphate dehydrogenase"
"EW021_RS08600"	"g002400"	"UTP--glucose-1-phosphate uridylyltransferase GalU"
"EW021_RS08605"	"g006196"	"rhomboid family intramembrane serine protease"
"EW021_RS08610"	"g014546"	"None"
"EW021_RS08615"	"g009828"	"ISAs1-like element IS1548 family transposase"
"EW021_RS08620"	"g000873"	"YSIRK signal domain/LPXTG anchor domain surface protein"
"EW021_RS08625"	"g002226"	"C5a peptidase ScpA/B"
"EW021_RS08635"	"g005359"	"lysis inhibitor protein"
"EW021_RS08640"	"g000009_3"	"LPXTG cell wall anchor domain-containing protein"
"EW021_RS08645"	"g004729"	"M protein trans-acting positive regulator"
"EW021_RS08650"	"g001805"	"hypothetical protein"
"EW021_RS08655"	"g003813"	"hypothetical protein"
"EW021_RS08660"	"g000462"	"CHAP domain-containing protein"
"EW021_RS08665"	"g010788"	"HAMP domain-containing histidine kinase"
"EW021_RS08670"	"g006265"	"response regulator transcription factor"
"EW021_RS08675"	"g009542"	"FtsX-like permease family protein"
"EW021_RS08680"	"g000554"	"macrolide ABC transporter ATP-binding protein/permease MacB"
"EW021_RS08685"	"g009368"	"efflux RND transporter periplasmic adaptor subunit"
"EW021_RS08690"	"g007476"	"hypothetical protein"
"EW021_RS08695"	"g003671"	"DUF4298 domain-containing protein"
"EW021_RS08700"	"g001755"	"hypothetical protein"
"EW021_RS08705"	"g005188_2"	"peptidylprolyl isomerase PrsA"
"EW021_RS08710"	"g003605"	"hypothetical protein"
"EW021_RS08715"	"g008121"	"streptopain"
"EW021_RS08720"	"g009622"	"cysteine proteinase exotoxin SpeB"
"EW021_RS08730"	"g009279"	"hypothetical protein"
"EW021_RS08735"	"g012305"	"transcriptional regulator"
"EW021_RS08740"	"g012442"	"streptodornase B"
"EW021_RS08745"	"g003054"	"phosphatidylglycerophosphatase A"
"EW021_RS08750"	"g009950"	"glycerol dehydrogenase"
"EW021_RS08755"	"g006210"	"fructose-6-phosphate aldolase"
"EW021_RS08760"	"g001573"	"glycyl radical protein"
"EW021_RS08765"	"g011007"	"PTS sugar transporter subunit IIC"
"EW021_RS08770"	"g003636"	"PTS sugar transporter subunit IIB"
"EW021_RS08775"	"g008008"	"PTS lactose/cellobiose transporter subunit IIA"
"EW021_RS08780"	"g011603"	"sugar-binding transcriptional regulator"
"EW021_RS08785"	"g012807"	"DeoR/GlpR transcriptional regulator"
"EW021_RS08790"	"g012667"	"glycyl-radical enzyme activating protein"
"EW021_RS08795"	"g008911"	"hypothetical protein"
"EW021_RS08800"	"g009172"	"preprotein translocase subunit SecE"
"EW021_RS08805"	"g009236"	"50S ribosomal protein L33"
"EW021_RS08810"	"g011234"	"penicillin-binding protein"
"EW021_RS08815"	"g007634"	"RidA family protein"
"EW021_RS08820"	"g009005"	"hypothetical protein"
"EW021_RS08825"	"g012427"	"RluA family pseudouridine synthase"
"EW021_RS08830"	"g010293"	"hypothetical protein"
"EW021_RS08835"	"g010555"	"C69 family dipeptidase"
"EW021_RS08840"	"g004060"	"hypothetical protein"
"EW021_RS08850"	"g000983"	"chaperonin GroEL"
"EW021_RS08855"	"g008218"	"co-chaperone GroES"
"EW021_RS08860"	"g011207"	"ATP-dependent Clp protease ATP-binding subunit"
"EW021_RS08865"	"g007175"	"CtsR family transcriptional regulator"
"EW021_RS08870"	"g000014_1"	"transcription antiterminator/RNA stability regulator CspE"
"EW021_RS08880"	"g001363"	"alkyl hydroperoxide reductase subunit C"
"EW021_RS08885"	"g000993"	"alkyl hydroperoxide reductase subunit F"
"EW021_RS08890"	"g009314"	"imidazolonepropionase"
"EW021_RS08895"	"g010115"	"urocanate hydratase"
"EW021_RS08900"	"g012018"	"glutamate formimidoyltransferase"
"EW021_RS08905"	"g006391"	"sugar ABC transporter substrate-binding protein"
"EW021_RS08910"	"g000979_2"	"formate--tetrahydrofolate ligase"
"EW021_RS08915"	"g001333"	"HutD family protein"
"EW021_RS08920"	"g010906"	"APC family permease"
"EW021_RS08925"	"g010491"	"histidine ammonia-lyase"
"EW021_RS08930"	"g011570"	"formimidoylglutamase"
"EW021_RS08935"	"g011120"	"AAA family ATPase"
"EW021_RS08940"	"g001163"	"30S ribosomal protein S2"
"EW021_RS08945"	"g011330"	"elongation factor Ts"
"EW021_RS08950"	"g010176"	"endopeptidase"
"EW021_RS08955"	"g000246"	"alpha%2Calpha-phosphotrehalase"
"EW021_RS08960"	"g010118"	"PTS system trehalose-specific EIIBC component"
"EW021_RS08965"	"g012967"	"trehalose operon repressor"
"EW021_RS08970"	"g001858"	"hypothetical protein"
"EW021_RS08975"	"g014547"	"None"
"EW021_RS08980"	"g002459"	"VOC family protein"
"EW021_RS08985"	"g002599"	"peroxide stress protein YaaA"
"EW021_RS08990"	"g006444"	"anaerobic ribonucleoside-triphosphate reductase activating protein"
"EW021_RS08995"	"g006938"	"GNAT family N-acetyltransferase"
"EW021_RS09000"	"g011813"	"Gfo/Idh/MocA family oxidoreductase"
"EW021_RS09005"	"g000942"	"anaerobic ribonucleoside-triphosphate reductase"
"EW021_RS09010"	"g010468"	"membrane protein"
"EW021_RS09015"	"g008122"	"DUF1292 domain-containing protein"
"EW021_RS09020"	"g003310"	"Holliday junction resolvase RuvX"
"EW021_RS09025"	"g003755"	"IreB family regulatory phosphoprotein"
"EW021_RS09030"	"g007506"	"transcriptional regulator Spx"
"EW021_RS09035"	"g000913"	"recombinase RecA"
"EW021_RS09040"	"g009355"	"competence/damage-inducible protein A"
"EW021_RS09045"	"g006689"	"DNA-3-methyladenine glycosylase I"
"EW021_RS09050"	"g002854"	"Holliday junction branch migration protein RuvA"
"EW021_RS09055"	"g009527"	"MFS transporter"
"EW021_RS09060"	"g010136"	"DNA mismatch repair endonuclease MutL"
"EW021_RS09065"	"g011180"	"DNA mismatch repair protein MutS"
"EW021_RS09070"	"g008852"	"hypothetical protein"
"EW021_RS09075"	"g007318"	"arginine repressor"
"EW021_RS09080"	"g010326"	"arginine--tRNA ligase"
"EW021_RS09085"	"g008104"	"bacteriocin immunity protein"
"EW021_RS09090"	"g012153"	"YitT family protein"
"EW021_RS09095"	"g012122"	"YitT family protein"
"EW021_RS09100"	"g011778"	"YitT family protein"
"EW021_RS09105"	"g000971"	"aspartate--tRNA ligase"
"EW021_RS09110"	"g009330"	"histidine--tRNA ligase"
"EW021_RS09115"	"g009109"	"50S ribosomal protein L32"
"EW021_RS09120"	"g000416"	"50S ribosomal protein L33"
"EW021_RS09130"	"g006392"	"CadD family cadmium resistance transporter"
"EW021_RS09135"	"g007897"	"Cd(II)/Zn(II)-sensing metalloregulatory transcriptional regulator CadX"
"EW021_RS09140"	"g002151"	"helix-turn-helix transcriptional regulator"
"EW021_RS09145"	"g004413"	"DNA translocase FtsK"
"EW021_RS09150"	"g002837"	"hypothetical protein"
"EW021_RS09155"	"g014548"	"None"
"EW021_RS09160"	"g005736"	"DUF368 domain-containing protein"
"EW021_RS09165"	"g002757"	"CoA pyrophosphatase"
"EW021_RS09170"	"g007972"	"PadR family transcriptional regulator"
"EW021_RS09175"	"g006554"	"DUF1700 domain-containing protein"
"EW021_RS09180"	"g001999"	"DUF4097 domain-containing protein"
"EW021_RS09185"	"g004482"	"YhgE/Pip domain-containing protein"
"EW021_RS09190"	"g006836"	"TetR/AcrR family transcriptional regulator"
"EW021_RS09195"	"g002822"	"30S ribosomal protein S4"
"EW021_RS09200"	"g014549"	"None"
"EW021_RS09205"	"g009828"	"ISAs1-like element IS1548 family transposase"
"EW021_RS09210"	"g008334"	"hypothetical protein"
"EW021_RS09215"	"g004892"	"replicative DNA helicase"
"EW021_RS09220"	"g007236"	"50S ribosomal protein L9"
"EW021_RS09225"	"g010141"	"DHH family phosphoesterase"
"EW021_RS09230"	"g000964"	"tRNA uridine-5-carboxymethylaminomethyl(34) synthesis enzyme MnmG"
"EW021_RS09235"	"g003606"	"phosphohydrolase"
"EW021_RS09240"	"g000923"	"tRNA 2-thiouridine(34) synthase MnmA"
"EW021_RS09245"	"g002667"	"L-serine ammonia-lyase%2C iron-sulfur-dependent%2C subunit beta"
"EW021_RS09250"	"g005583"	"L-serine ammonia-lyase%2C iron-sulfur-dependent%2C subunit alpha"
"EW021_RS09255"	"g001313"	"lytic transglycosylase IsaA"
"EW021_RS09260"	"g012522"	"energy-coupling factor transporter transmembrane protein EcfT"
"EW021_RS09265"	"g012306"	"energy-coupling factor transporter ATPase"
"EW021_RS09270"	"g012059"	"energy-coupling factor transporter ATPase"
"EW021_RS09275"	"g006782"	"CDP-diacylglycerol--glycerol-3-phosphate 3-phosphatidyltransferase"
"EW021_RS09280"	"g011386"	"helix-turn-helix domain-containing protein"
"EW021_RS09285"	"g009306"	"insulinase family protein"
"EW021_RS09290"	"g009452"	"insulinase family protein"
"EW021_RS09295"	"g009403"	"hyaluronan synthase HasA"
"EW021_RS09300"	"g000428"	"UDP-glucose 6-dehydrogenase"
"EW021_RS09305"	"g002400"	"UTP--glucose-1-phosphate uridylyltransferase GalU"
"EW021_RS09310"	"g000719"	"S4 domain-containing protein YaaA"
"EW021_RS09315"	"g009901"	"DNA replication/repair protein RecF"
"EW021_RS09320"	"g012205"	"EamA family transporter"
"EW021_RS09325"	"g001003"	"IMP dehydrogenase"
"EW021_RS09330"	"g002297"	"tryptophan--tRNA ligase"
"EW021_RS09335"	"g012154"	"YitT family protein"
"EW021_RS09340"	"g004716"	"ATP-binding cassette domain-containing protein"
"EW021_RS09345"	"g011177"	"YfhO family protein"
"EW021_RS09375"	"g007082"	"23S rRNA (pseudouridine(1915)-N(3))-methyltransferase RlmH"
"EW021_RS09380"	"g009517"	"PDZ domain-containing protein"
"EW021_RS09385"	"g012489"	"ParB/RepB/Spo0J family partition protein"
"EW025_RS00005"	"g010876"	"chromosomal replication initiator protein DnaA"
"EW025_RS00010"	"g009819"	"DNA polymerase III subunit beta"
"EW025_RS00015"	"g008944"	"DUF951 family protein"
"EW025_RS00020"	"g000450"	"redox-regulated ATPase YchF"
"EW025_RS00025"	"g006638"	"aminoacyl-tRNA hydrolase"
"EW025_RS00030"	"g011081"	"transcription-repair coupling factor"
"EW025_RS00035"	"g003744"	"RNA-binding S4 domain-containing protein"
"EW025_RS00040"	"g007687"	"septum formation initiator family protein"
"EW025_RS00045"	"g009310"	"serine hydrolase"
"EW025_RS00050"	"g009311"	"tRNA lysidine(34) synthetase TilS"
"EW025_RS00055"	"g002984"	"hypoxanthine phosphoribosyltransferase"
"EW025_RS00060"	"g000951"	"ATP-dependent zinc metalloprotease FtsH"
"EW025_RS00065"	"g010780"	"amino acid permease"
"EW025_RS00240"	"g014584"	"None"
"EW025_RS00245"	"g009619"	"CHAP domain-containing protein"
"EW025_RS00250"	"g000509"	"ribose-phosphate diphosphokinase"
"EW025_RS00255"	"g012758"	"DNA repair protein RecO"
"EW025_RS00260"	"g005285"	"phosphate acyltransferase PlsX"
"EW025_RS00265"	"g001748"	"acyl carrier protein"
"EW025_RS00270"	"g002595"	"phosphoribosylaminoimidazolesuccinocarboxamide synthase"
"EW025_RS00275"	"g005055"	"phosphoribosylformylglycinamidine synthase"
"EW025_RS00280"	"g004815"	"amidophosphoribosyltransferase"
"EW025_RS00285"	"g000505"	"phosphoribosylformylglycinamidine cyclo-ligase"
"EW025_RS00290"	"g006730"	"phosphoribosylglycinamide formyltransferase"
"EW025_RS00295"	"g002105"	"bifunctional phosphoribosylaminoimidazolecarboxamide formyltransferase/IMP cyclohydrolase"
"EW025_RS00300"	"g009854"	"CHAP domain-containing protein"
"EW025_RS00305"	"g001887"	"phosphoribosylamine--glycine ligase"
"EW025_RS00310"	"g000662"	"5-(carboxyamino)imidazole ribonucleotide mutase"
"EW025_RS00315"	"g000916"	"5-(carboxyamino)imidazole ribonucleotide synthase"
"EW025_RS00320"	"g010386"	"abortive infection protein"
"EW025_RS00325"	"g004124"	"adenylosuccinate lyase"
"EW025_RS00330"	"g011950"	"helix-turn-helix transcriptional regulator"
"EW025_RS00335"	"g001085"	"Holliday junction branch migration DNA helicase RuvB"
"EW025_RS00340"	"g007316"	"low molecular weight phosphotyrosine protein phosphatase"
"EW025_RS00345"	"g007494"	"membrane protein"
"EW025_RS00350"	"g010246"	"acetyltransferase"
"EW025_RS00355"	"g005099"	"bifunctional acetaldehyde-CoA/alcohol dehydrogenase"
"EW025_RS00360"	"g001078"	"alcohol dehydrogenase AdhP"
"EW025_RS00365"	"g009299"	"MATE family efflux transporter"
"EW025_RS00370"	"g001655"	"30S ribosomal protein S10"
"EW025_RS00375"	"g001250"	"50S ribosomal protein L3"
"EW025_RS00380"	"g002792"	"50S ribosomal protein L4"
"EW025_RS00385"	"g003670"	"50S ribosomal protein L23"
"EW025_RS00390"	"g002480"	"50S ribosomal protein L2"
"EW025_RS00395"	"g001697"	"30S ribosomal protein S19"
"EW025_RS00400"	"g000755"	"50S ribosomal protein L22"
"EW025_RS00405"	"g001268"	"30S ribosomal protein S3"
"EW025_RS00410"	"g000710"	"50S ribosomal protein L16"
"EW025_RS00415"	"g000833"	"50S ribosomal protein L29"
"EW025_RS00420"	"g000817"	"30S ribosomal protein S17"
"EW025_RS00425"	"g001586"	"50S ribosomal protein L14"
"EW025_RS00430"	"g000784"	"50S ribosomal protein L24"
"EW025_RS00435"	"g001397"	"50S ribosomal protein L5"
"EW025_RS00440"	"g000383"	"30S ribosomal protein S14"
"EW025_RS00445"	"g001557"	"30S ribosomal protein S8"
"EW025_RS00450"	"g002997"	"50S ribosomal protein L6"
"EW025_RS00455"	"g001600"	"50S ribosomal protein L18"
"EW025_RS00460"	"g000665"	"30S ribosomal protein S5"
"EW025_RS00465"	"g000852"	"50S ribosomal protein L30"
"EW025_RS00470"	"g000703"	"50S ribosomal protein L15"
"EW025_RS00475"	"g011005"	"preprotein translocase subunit SecY"
"EW025_RS00480"	"g002744"	"adenylate kinase"
"EW025_RS00485"	"g001776"	"translation initiation factor IF-1"
"EW025_RS00490"	"g014585"	"None"
"EW025_RS00495"	"g000745"	"30S ribosomal protein S13"
"EW025_RS00500"	"g000732"	"30S ribosomal protein S11"
"EW025_RS00505"	"g005441"	"DNA-directed RNA polymerase subunit alpha"
"EW025_RS00510"	"g003419"	"50S ribosomal protein L17"
"EW025_RS00595"	"g009065"	"hypothetical protein"
"EW025_RS00600"	"g014586"	"None"
"EW025_RS00610"	"g003942"	"4-diphosphocytidyl-2C-methyl-D-erythritol kinase"
"EW025_RS00615"	"g007284"	"MarR family transcriptional regulator"
"EW025_RS00620"	"g012939"	"metal ABC transporter ATP-binding protein"
"EW025_RS00625"	"g012439"	"iron chelate uptake ABC transporter family permease subunit"
"EW025_RS00630"	"g003427"	"HIT family protein"
"EW025_RS00635"	"g000226"	"tyrosine--tRNA ligase"
"EW025_RS00640"	"g011240"	"penicillin-binding protein"
"EW025_RS00645"	"g002223"	"DNA-directed RNA polymerase subunit beta"
"EW025_RS00650"	"g001032"	"DNA-directed RNA polymerase subunit beta'"
"EW025_RS00655"	"g007708"	"DUF1033 family protein"
"EW025_RS00660"	"g011796"	"competence protein CglA"
"EW025_RS00665"	"g011567"	"type II secretion system F family protein"
"EW025_RS00670"	"g007967"	"prepilin-type N-terminal cleavage/methylation domain-containing protein"
"EW025_RS00675"	"g007363"	"competence protein"
"EW025_RS00680"	"g003862"	"competence protein ComG"
"EW025_RS00685"	"g003292"	"competence protein ComG"
"EW025_RS00690"	"g007968"	"hypothetical protein"
"EW025_RS00695"	"g011710"	"class I SAM-dependent methyltransferase"
"EW025_RS00700"	"g001921"	"acetate kinase"
"EW025_RS00705"	"g003635"	"hypothetical protein"
"EW025_RS00710"	"g012683"	"pyrroline-5-carboxylate reductase"
"EW025_RS00715"	"g011243"	"glutamyl aminopeptidase"
"EW025_RS00720"	"g009208"	"hypothetical protein"
"EW025_RS00725"	"g008253"	"DUF4651 domain-containing protein"
"EW025_RS00730"	"g008032"	"thioredoxin family protein"
"EW025_RS00735"	"g006388"	"DUF4479 and tRNA-binding domain-containing protein"
"EW025_RS00740"	"g000102_2"	"single-stranded DNA-binding protein"
"EW025_RS00745"	"g006314"	"deoxynucleoside kinase"
"EW025_RS00750"	"g011616"	"tRNA dihydrouridine synthase DusB"
"EW025_RS00755"	"g012149"	"Hsp33 family molecular chaperone HslO"
"EW025_RS00760"	"g010574"	"hypothetical protein"
"EW025_RS00770"	"g000236"	"fibronectin-binding protein SfbI"
"EW025_RS00775"	"g006710"	"signal peptidase I"
"EW025_RS00780"	"g011400"	"FCT-2 pilus major pilin FctA"
"EW025_RS00785"	"g012968"	"FCT-2 pilus polymerization class B sortase SrtC1"
"EW025_RS00790"	"g006289"	"FCT-2 pilus minor pilin FctB"
"EW025_RS00795"	"g010885"	"IS66 family transposase"
"EW025_RS00800"	"g008665"	"hypothetical protein"
"EW025_RS00805"	"g007818"	"IS66 family insertion sequence element accessory protein TnpB"
"EW025_RS00815"	"g005722"	"class C sortase"
"EW025_RS00820"	"g001246"	"hypothetical protein"
"EW025_RS00825"	"g010817"	"short-chain fatty acid transporter"
"EW025_RS00835"	"g000057"	"acetyl-CoA C-acetyltransferase"
"EW025_RS00840"	"g001255"	"CoA transferase subunit A"
"EW025_RS00845"	"g000162"	"CoA transferase subunit B"
"EW025_RS00850"	"g006145"	"transcriptional regulator"
"EW025_RS00855"	"g007709"	"RidA family protein"
"EW025_RS00860"	"g005259"	"PTS fructose transporter subunit IIC"
"EW025_RS00865"	"g008006"	"hypothetical protein"
"EW025_RS00870"	"g010119"	"V-type ATP synthase subunit I"
"EW025_RS00875"	"g007079"	"V-type ATP synthase subunit K"
"EW025_RS00880"	"g006565"	"V-type ATP synthase subunit E"
"EW025_RS00885"	"g011508"	"V-type ATP synthase subunit C"
"EW025_RS00890"	"g008007"	"V-type ATP synthase subunit F"
"EW025_RS00895"	"g010247"	"V-type ATP synthase alpha chain"
"EW025_RS00900"	"g010729"	"V-type ATP synthase subunit B"
"EW025_RS00905"	"g006389"	"V-type ATP synthase subunit D"
"EW025_RS00910"	"g009388"	"toxic anion resistance protein"
"EW025_RS00915"	"g012121"	"hypothetical protein"
"EW025_RS00920"	"g004125"	"adenylosuccinate synthase"
"EW025_RS00925"	"g005195_2"	"BMP family ABC transporter substrate-binding protein"
"EW025_RS00930"	"g002975"	"transcription termination/antitermination protein NusG"
"EW025_RS00935"	"g010877"	"nicotine adenine dinucleotide glycohydrolase"
"EW025_RS00940"	"g001451"	"NAD glycohydrolase inhibitor"
"EW025_RS00945"	"g010303"	"cholesterol-dependent cytolysin streptolysin O"
"EW025_RS00950"	"g001506"	"hypothetical protein"
"EW025_RS00955"	"g000824_1"	"hypothetical protein"
"EW025_RS00960"	"g000824_2"	"hypothetical protein"
"EW025_RS00965"	"g001667"	"hypothetical protein"
"EW025_RS00970"	"g009812"	"PLP-dependent transferase"
"EW025_RS00975"	"g005121"	"leucine--tRNA ligase"
"EW025_RS00980"	"g010697"	"PTS sugar transporter subunit IIC"
"EW025_RS00985"	"g008290"	"PTS sugar transporter subunit IIB"
"EW025_RS00990"	"g003121"	"PTS ascorbate transporter subunit IIA"
"EW025_RS00995"	"g006236"	"3-keto-L-gulonate-6-phosphate decarboxylase UlaD"
"EW025_RS01000"	"g000061"	"L-ribulose-5-phosphate 3-epimerase"
"EW025_RS01005"	"g000015"	"L-ribulose-5-phosphate 4-epimerase"
"EW025_RS01010"	"g001847"	"hypothetical protein"
"EW025_RS01015"	"g010385"	"transcription antiterminator"
"EW025_RS01020"	"g001996"	"L-ascorbate 6-phosphate lactonase"
"EW025_RS01025"	"g009620"	"glycine betaine/L-proline ABC transporter ATP-binding protein"
"EW025_RS01030"	"g010288"	"ABC transporter permease subunit"
"EW025_RS01035"	"g011164"	"DNA polymerase I"
"EW025_RS01040"	"g003229"	"CoA-binding protein"
"EW025_RS01045"	"g007144"	"peroxide-responsive transcriptional repressor PerR"
"EW025_RS01050"	"g003665"	"hypothetical protein"
"EW025_RS01055"	"g010940"	"phosphoadenosine phosphosulfate reductase"
"EW025_RS01060"	"g006846"	"ParB-like nuclease domain-containing protein"
"EW025_RS01065"	"g008829"	"hypothetical protein"
"EW025_RS01075"	"g009271"	"permease"
"EW025_RS01080"	"g010991"	"C4-dicarboxylate ABC transporter"
"EW025_RS01085"	"g012151"	"carboxylating nicotinate-nucleotide diphosphorylase"
"EW025_RS01090"	"g014587"	"None"
"EW025_RS01090"	"g014588"	"None"
"EW025_RS01095"	"g012203"	"DUF975 family protein"
"EW025_RS01100"	"g000912"	"tRNA guanosine(34) transglycosylase Tgt"
"EW025_RS01105"	"g003628"	"hypothetical protein"
"EW025_RS01110"	"g002992"	"biotin transporter BioY"
"EW025_RS01115"	"g012633"	"MBL fold metallo-hydrolase"
"EW025_RS01120"	"g006916"	"nucleoside deaminase"
"EW025_RS01125"	"g009494"	"hypothetical protein"
"EW025_RS01135"	"g013009"	"streptococcal pyrogenic exotoxin SpeG"
"EW025_RS01140"	"g004968"	"glucose-6-phosphate isomerase"
"EW025_RS01145"	"g010534"	"hypothetical protein"
"EW025_RS01150"	"g009828"	"ISAs1-like element IS1548 family transposase"
"EW025_RS01155"	"g011905"	"metal ABC transporter substrate-binding lipoprotein/laminin-binding adhesin Lmb"
"EW025_RS01160"	"g011198"	"pneumococcal-type histidine triad protein"
"EW025_RS01165"	"g003964_1"	"CsbD family protein"
"EW025_RS01170"	"g006390"	"ABC transporter ATP-binding protein"
"EW025_RS01175"	"g012507"	"ABC transporter ATP-binding protein"
"EW025_RS01180"	"g012412"	"ABC transporter permease"
"EW025_RS01185"	"g011620"	"ABC transporter permease"
"EW025_RS01190"	"g010404"	"ABC transporter substrate-binding protein"
"EW025_RS01195"	"g008385"	"hypothetical protein"
"EW025_RS01200"	"g002634"	"streptococcal mitogenic exotoxin SmeZ"
"EW025_RS01205"	"g003066"	"DNA topology modulation protein"
"EW025_RS01210"	"g003278"	"GNAT family N-acetyltransferase"
"EW025_RS01225"	"g004162"	"replication-associated recombination protein A"
"EW025_RS01230"	"g006657"	"aminodeoxychorismate/anthranilate synthase component II"
"EW025_RS01235"	"g000974"	"aminodeoxychorismate synthase component I"
"EW025_RS01240"	"g003185"	"DUF3013 family protein"
"EW025_RS01245"	"g002362"	"50S ribosomal protein L11 methyltransferase"
"EW025_RS01250"	"g001173"	"16S rRNA (uracil(1498)-N(3))-methyltransferase"
"EW025_RS01255"	"g010053"	"PTS glucose transporter subunit IIABC"
"EW025_RS01260"	"g012426"	"endonuclease/exonuclease/phosphatase family protein"
"EW025_RS01265"	"g007061"	"class Ib ribonucleoside-diphosphate reductase assembly flavoprotein NrdI"
"EW025_RS01270"	"g000009_1"	"LPXTG cell wall anchor domain-containing protein"
"EW025_RS01275"	"g010043"	"bifunctional (p)ppGpp synthetase/guanosine-3'%2C5'-bis(diphosphate) 3'-pyrophosphohydrolase"
"EW025_RS01280"	"g003267"	"D-tyrosyl-tRNA(Tyr) deacylase"
"EW025_RS01285"	"g001024"	"streptokinase"
"EW025_RS01290"	"g005721"	"PucR family transcriptional regulator"
"EW025_RS01295"	"g000915"	"sn-glycerol-3-phosphate ABC transporter ATP-binding protein UgpC"
"EW025_RS01300"	"g004723"	"alpha-glucosidase"
"EW025_RS01305"	"g008638"	"hypothetical protein"
"EW025_RS01310"	"g002229"	"pullulanase"
"EW025_RS01315"	"g007668"	"thiol reductase thioredoxin"
"EW025_RS01320"	"g007712"	"preprotein translocase subunit YajC"
"EW025_RS01325"	"g005901"	"isoprenyl transferase"
"EW025_RS01330"	"g012552"	"phosphatidate cytidylyltransferase"
"EW025_RS01335"	"g009402"	"RIP metalloprotease RseP"
"EW025_RS01340"	"g010198"	"proline--tRNA ligase"
"EW025_RS01345"	"g011053"	"PolC-type DNA polymerase III"
"EW025_RS01350"	"g007365"	"MarR family transcriptional regulator"
"EW025_RS01355"	"g006781"	"NAD(P)H-dependent oxidoreductase"
"EW025_RS01360"	"g002815"	"peptide deformylase"
"EW025_RS01365"	"g008359"	"transcriptional regulator"
"EW025_RS01370"	"g009228"	"hypothetical protein"
"EW025_RS01375"	"g000394"	"30S ribosomal protein S15"
"EW025_RS01380"	"g010103"	"BglG family transcription antiterminator"
"EW025_RS01385"	"g008255"	"PTS sugar transporter subunit IIB"
"EW025_RS01390"	"g000871"	"PTS ascorbate transporter subunit IIC"
"EW025_RS01395"	"g001185"	"transaldolase"
"EW025_RS01400"	"g000110"	"polyribonucleotide nucleotidyltransferase"
"EW025_RS01405"	"g012780"	"SseB family protein"
"EW025_RS01410"	"g006579"	"serine O-acetyltransferase"
"EW025_RS01415"	"g000036_1"	"hypothetical protein"
"EW025_RS01420"	"g008637"	"hypothetical protein"
"EW025_RS01425"	"g004893"	"cysteine--tRNA ligase"
"EW025_RS01430"	"g007441"	"Mini-ribonuclease 3"
"EW025_RS01435"	"g012538"	"hypothetical protein"
"EW025_RS01440"	"g012806"	"23S rRNA (guanosine(2251)-2'-O)-methyltransferase RlmB"
"EW025_RS01445"	"g006907"	"NYN domain-containing protein"
"EW025_RS01450"	"g012223"	"DegV family protein"
"EW025_RS01455"	"g000648"	"hypothetical protein"
"EW025_RS01460"	"g000302"	"helix-turn-helix transcriptional regulator"
"EW025_RS01465"	"g000700"	"50S ribosomal protein L13"
"EW025_RS01470"	"g001558"	"30S ribosomal protein S9"
"EW025_RS01480"	"g003557"	"type II toxin-antitoxin system RelE/ParE family toxin"
"EW025_RS01485"	"g008243"	"DNA-damage-inducible protein J"
"EW025_RS01495"	"g005890_2"	"DeoR/GlpR transcriptional regulator"
"EW025_RS01500"	"g000713_1"	"galactose-6-phosphate isomerase subunit LacA"
"EW025_RS01505"	"g000657_2"	"galactose-6-phosphate isomerase subunit LacB"
"EW025_RS01510"	"g002382"	"tagatose-6-phosphate kinase"
"EW025_RS01515"	"g002337"	"tagatose-bisphosphate aldolase"
"EW025_RS01520"	"g003604"	"PTS lactose/cellobiose transporter subunit IIA"
"EW025_RS01525"	"g004650"	"PTS lactose EIICB component"
"EW025_RS01530"	"g004879"	"6-phospho-beta-galactosidase"
"EW025_RS01535"	"g009227"	"type A2 lantipeptide"
"EW025_RS01540"	"g000988"	"DUF4135 domain-containing protein"
"EW025_RS01545"	"g014589"	"None"
"EW025_RS01550"	"g001181"	"ABC transporter ATP-binding protein"
"EW025_RS01555"	"g002046"	"FtsX-like permease family protein"
"EW025_RS01560"	"g002114"	"ATP-binding protein"
"EW025_RS01565"	"g006479"	"response regulator transcription factor"
"EW025_RS01570"	"g008913"	"hypothetical protein"
"EW025_RS01575"	"g010440"	"type I restriction-modification system subunit M"
"EW025_RS01580"	"g000897"	"restriction endonuclease subunit S"
"EW025_RS01585"	"g011125"	"type I restriction endonuclease subunit R"
"EW025_RS01590"	"g010001"	"glycerate kinase"
"EW025_RS01625"	"g006744"	"sigma-70 family RNA polymerase sigma factor"
"EW025_RS01635"	"g014590"	"None"
"EW025_RS01640"	"g006566"	"YqeG family HAD IIIA-type phosphatase"
"EW025_RS01645"	"g004388"	"ribosome biogenesis GTPase YqeH"
"EW025_RS01650"	"g008101"	"ribosome assembly RNA-binding protein YhbY"
"EW025_RS01655"	"g006356"	"nicotinate-nucleotide adenylyltransferase"
"EW025_RS01660"	"g002860"	"HD domain-containing protein"
"EW025_RS01665"	"g001582"	"ribosome silencing factor"
"EW025_RS01670"	"g005852"	"class I SAM-dependent methyltransferase"
"EW025_RS01675"	"g009900"	"nucleotidyltransferase"
"EW025_RS01680"	"g009260"	"hypothetical protein"
"EW025_RS01685"	"g002614"	"YebC/PmpR family DNA-binding transcriptional regulator"
"EW025_RS01690"	"g012302"	"amino acid ABC transporter substrate-binding protein"
"EW025_RS01695"	"g012289"	"MetQ/NlpA family ABC transporter substrate-binding protein"
"EW025_RS01700"	"g000038"	"methionine ABC transporter ATP-binding protein"
"EW025_RS01705"	"g013067"	"ABC transporter permease"
"EW025_RS01710"	"g010835"	"branched-chain amino acid transport system II carrier protein"
"EW025_RS01715"	"g001897"	"serine/threonine transporter SstT"
"EW025_RS01720"	"g006175"	"TrkA family potassium uptake protein"
"EW025_RS01725"	"g010781"	"TrkH family potassium uptake protein"
"EW025_RS01730"	"g006034"	"16S rRNA (guanine(527)-N(7))-methyltransferase RsmG"
"EW025_RS01735"	"g006704"	"LemA family protein"
"EW025_RS01740"	"g012033"	"zinc metalloprotease HtpX"
"EW025_RS01745"	"g006816"	"DUF177 domain-containing protein"
"EW025_RS01750"	"g002657"	"response regulator transcription factor ArlR"
"EW025_RS01755"	"g010546"	"HAMP domain-containing histidine kinase"
"EW025_RS01760"	"g003099"	"transcriptional repressor NrdR"
"EW025_RS01765"	"g009688"	"replication initiation and membrane attachment protein"
"EW025_RS01770"	"g012001"	"primosomal protein DnaI"
"EW025_RS01775"	"g005022"	"ribosome biogenesis GTPase Der"
"EW025_RS01780"	"g011115"	"DEAD/DEAH box helicase"
"EW025_RS01785"	"g006490"	"hypothetical protein"
"EW025_RS01790"	"g004999"	"UDP-N-acetylmuramate--L-alanine ligase"
"EW025_RS01795"	"g007058"	"GNAT family N-acetyltransferase"
"EW025_RS01800"	"g004742"	"endolytic transglycosylase MltG"
"EW025_RS01805"	"g003130"	"transcription elongation factor GreA"
"EW025_RS01810"	"g011890"	"membrane protein insertase YidC"
"EW025_RS01815"	"g008291"	"acylphosphatase"
"EW025_RS01820"	"g014591"	"None"
"EW025_RS01830"	"g012862"	"RNA methyltransferase"
"EW025_RS01835"	"g006971"	"HD domain-containing protein"
"EW025_RS01840"	"g013080"	"Bax inhibitor-1/YccA family protein"
"EW025_RS01845"	"g008545"	"YneF family protein"
"EW025_RS01850"	"g012550"	"glutamate racemase"
"EW025_RS01855"	"g011568"	"nucleoside-triphosphate diphosphatase"
"EW025_RS01860"	"g006886"	"metallophosphoesterase"
"EW025_RS01865"	"g007172"	"CBS domain-containing protein"
"EW025_RS01870"	"g012805"	"site-specific tyrosine recombinase XerD"
"EW025_RS01875"	"g013006"	"segregation/condensation protein A"
"EW025_RS01880"	"g006745"	"segregation/condensation protein B"
"EW025_RS01885"	"g012928"	"rRNA pseudouridine synthase"
"EW025_RS01890"	"g000818"	"membrane protein insertion efficiency factor YidD"
"EW025_RS01895"	"g002974"	"tRNA (uridine(34)/cytosine(34)/5- carboxymethylaminomethyluridine(34)-2'-O)- methyltransferase TrmL"
"EW025_RS01900"	"g006674"	"ECF transporter S component"
"EW025_RS01905"	"g006263"	"phosphatase PAP2 family protein"
"EW025_RS01910"	"g005416"	"TIGR01212 family radical SAM protein"
"EW025_RS01915"	"g006731"	"methyltransferase domain-containing protein"
"EW025_RS01920"	"g010937"	"HlyC/CorC family transporter"
"EW025_RS01925"	"g001152"	"pyruvate formate lyase 1-activating protein"
"EW025_RS01930"	"g011810"	"manganese-dependent inorganic pyrophosphatase"
"EW025_RS01935"	"g002731"	"DUF1803 domain-containing protein"
"EW025_RS01940"	"g005228"	"iron ABC transporter permease"
"EW025_RS01945"	"g011357"	"iron ABC transporter permease"
"EW025_RS01950"	"g011829"	"iron-hydroxamate ABC transporter substrate-binding protein"
"EW025_RS01955"	"g000537"	"ABC transporter ATP-binding protein"
"EW025_RS01960"	"g010668"	"UDP-N-acetylmuramoyl-L-alanyl-D-glutamate--L- lysine ligase"
"EW025_RS01965"	"g004702"	"polysaccharide biosynthesis protein"
"EW025_RS01970"	"g000592"	"uracil phosphoribosyltransferase"
"EW025_RS01975"	"g001855"	"hypothetical protein"
"EW025_RS01980"	"g001306"	"ATP-dependent Clp endopeptidase proteolytic subunit ClpP"
"EW025_RS01990"	"g008202"	"YlbG family protein"
"EW025_RS01995"	"g006340"	"dTMP kinase"
"EW025_RS02000"	"g012135"	"DNA polymerase III subunit delta'"
"EW025_RS02005"	"g003848"	"hypothetical protein"
"EW025_RS02010"	"g007991"	"DNA replication initiation control protein YabA"
"EW025_RS02015"	"g012204"	"16S rRNA (cytidine(1402)-2'-O)-methyltransferase"
"EW025_RS02020"	"g007548"	"hypothetical protein"
"EW025_RS02025"	"g006375"	"copper homeostasis protein CutC"
"EW025_RS02030"	"g007770"	"arsenate reductase family protein"
"EW025_RS02035"	"g012387"	"exodeoxyribonuclease III"
"EW025_RS02040"	"g009199"	"hypothetical protein"
"EW025_RS02045"	"g009654"	"L-lactate oxidase"
"EW025_RS02050"	"g011044"	"CXC chemokine-degrading serine protease SpyCEP"
"EW025_RS02055"	"g004040"	"hypothetical protein"
"EW025_RS02060"	"g006063"	"DUF1275 domain-containing protein"
"EW025_RS02065"	"g004541"	"methionine--tRNA ligase"
"EW025_RS02070"	"g001080"	"class 1b ribonucleoside-diphosphate reductase subunit beta"
"EW025_RS02075"	"g000345"	"class Ib ribonucleoside-diphosphate reductase assembly flavoprotein NrdI"
"EW025_RS02080"	"g000944"	"class 1b ribonucleoside-diphosphate reductase subunit alpha"
"EW025_RS02085"	"g014592"	"None"
"EW025_RS02090"	"g002565"	"ADP-ribosyltransferase"
"EW025_RS02095"	"g002956"	"hypothetical protein"
"EW025_RS02100"	"g008739"	"hypothetical protein"
"EW025_RS02105"	"g000821"	"hypothetical protein"
"EW025_RS02110"	"g006359"	"hypothetical protein"
"EW025_RS02115"	"g008009"	"hypothetical protein"
"EW025_RS02120"	"g000566_1"	"streptococcal pyrogenic exotoxin SpeJ"
"EW025_RS02125"	"g002706"	"hypothetical protein"
"EW025_RS02130"	"g003863"	"DUF2829 domain-containing protein"
"EW025_RS02135"	"g002640"	"3-oxoacyl-ACP reductase"
"EW025_RS02140"	"g001102"	"Gfo/Idh/MocA family oxidoreductase"
"EW025_RS02145"	"g010922"	"MFS transporter"
"EW025_RS02150"	"g010798"	"bifunctional UDP-N-acetylglucosamine diphosphorylase/glucosamine-1-phosphate N-acetyltransferase GlmU"
"EW025_RS02155"	"g006732"	"NUDIX hydrolase"
"EW025_RS02160"	"g001732"	"hypothetical protein"
"EW025_RS02165"	"g013045"	"5'-methylthioadenosine/adenosylhomocysteine nucleosidase"
"EW025_RS02170"	"g000763"	"hypothetical protein"
"EW025_RS02175"	"g002742"	"metal-dependent transcriptional regulator"
"EW025_RS02180"	"g005468"	"metal ABC transporter substrate-binding protein"
"EW025_RS02185"	"g012913"	"metal ABC transporter ATP-binding protein"
"EW025_RS02190"	"g012249"	"metal ABC transporter permease"
"EW025_RS02195"	"g000616_2"	"peptidylprolyl isomerase"
"EW025_RS02200"	"g011215"	"DNA translocase FtsK"
"EW025_RS02205"	"g007798"	"DUF3397 domain-containing protein"
"EW025_RS02210"	"g001513"	"50S ribosomal protein L11"
"EW025_RS02215"	"g001202"	"50S ribosomal protein L1"
"EW025_RS02220"	"g006017"	"UMP kinase"
"EW025_RS02225"	"g002947"	"ribosome recycling factor"
"EW025_RS02230"	"g005693"	"S1 RNA-binding domain-containing protein"
"EW025_RS02235"	"g000651"	"peptide-methionine (S)-S-oxide reductase MsrA"
"EW025_RS02240"	"g008763"	"YozE family protein"
"EW025_RS02245"	"g004290"	"LysM peptidoglycan-binding domain-containing protein"
"EW025_RS02250"	"g002059"	"oleate hydratase"
"EW025_RS02255"	"g005193"	"PhoH family protein"
"EW025_RS02260"	"g006606"	"uracil-DNA glycosylase family protein"
"EW025_RS02265"	"g006984"	"rRNA maturation RNase YbeY"
"EW025_RS02270"	"g007467"	"diacylglycerol kinase"
"EW025_RS02275"	"g005582"	"GTPase Era"
"EW025_RS02280"	"g007100"	"NUDIX domain-containing protein"
"EW025_RS02285"	"g003806"	"hypothetical protein"
"EW025_RS02290"	"g003825"	"bacteriocin"
"EW025_RS02295"	"g009108"	"class IIb bacteriocin%2C lactobin A/cerein 7B family"
"EW025_RS02310"	"g001797"	"class IIb bacteriocin%2C lactobin A/cerein 7B family"
"EW025_RS02320"	"g003989"	"hypothetical protein"
"EW025_RS02325"	"g000940"	"hypothetical protein"
"EW025_RS02330"	"g001489"	"hypothetical protein"
"EW025_RS02335"	"g000811"	"quorum-sensing system protein StcA"
"EW025_RS02340"	"g003836"	"hypothetical protein"
"EW025_RS02345"	"g014593"	"None"
"EW025_RS02350"	"g005673_1"	"Rgg/GadR/MutR family transcriptional regulator"
"EW025_RS02355"	"g005767"	"DNA-formamidopyrimidine glycosylase"
"EW025_RS02360"	"g002861"	"dephospho-CoA kinase"
"EW025_RS02365"	"g001001"	"DUF853 domain-containing protein"
"EW025_RS02370"	"g009633"	"multidrug efflux MFS transporter"
"EW025_RS02375"	"g000416"	"50S ribosomal protein L33"
"EW025_RS02380"	"g008587"	"preprotein translocase subunit SecG"
"EW025_RS02385"	"g011235"	"ribonuclease R"
"EW025_RS02390"	"g003196"	"SsrA-binding protein SmpB"
"EW025_RS02395"	"g012941"	"glutaminyl-peptide cyclotransferase"
"EW025_RS02400"	"g001273"	"pyroglutamyl-peptidase I"
"EW025_RS02405"	"g011866"	"DUF979 domain-containing protein"
"EW025_RS02410"	"g006129"	"DUF969 domain-containing protein"
"EW025_RS02415"	"g011867"	"glycosyltransferase family 2 protein"
"EW025_RS02420"	"g007650"	"lactoylglutathione lyase"
"EW025_RS02425"	"g006179"	"NAD(P)H-dependent oxidoreductase"
"EW025_RS02430"	"g009957"	"aminopeptidase P family protein"
"EW025_RS02435"	"g011500"	"catabolite control protein A"
"EW025_RS02440"	"g011509"	"glycosyltransferase family 4 protein"
"EW025_RS02445"	"g010939"	"glycosyltransferase family 4 protein"
"EW025_RS02450"	"g004552"	"threonine--tRNA ligase"
"EW025_RS02455"	"g002325"	"ATP-binding cassette domain-containing protein"
"EW025_RS02460"	"g005792"	"antibiotic ABC transporter permease"
"EW025_RS02465"	"g012594"	"multidrug ABC transporter permease"
"EW025_RS02470"	"g004072"	"hypothetical protein"
"EW025_RS02475"	"g001961"	"acetyl-CoA C-acyltransferase"
"EW025_RS02480"	"g009438"	"AMP-binding protein"
"EW025_RS02485"	"g011525"	"DUF3114 domain-containing protein"
"EW025_RS02490"	"g002623_1"	"response regulator transcription factor"
"EW025_RS02495"	"g010884"	"cell wall metabolism sensor histidine kinase VicK"
"EW025_RS02500"	"g005809"	"MBL fold metallo-hydrolase"
"EW025_RS02505"	"g013068"	"ribonuclease III"
"EW025_RS02510"	"g011077"	"chromosome segregation protein SMC"
"EW025_RS02515"	"g005673_2"	"Rgg/GadR/MutR family transcriptional regulator"
"EW025_RS02520"	"g014594"	"None"
"EW025_RS02525"	"g011868"	"shikimate dehydrogenase"
"EW025_RS02530"	"g012343"	"sugar phosphate isomerase/epimerase"
"EW025_RS02535"	"g012872"	"coenzyme F420-0:L-glutamate ligase"
"EW025_RS02540"	"g011569"	"dehydrogenase"
"EW025_RS02545"	"g009611"	"methionine adenosyltransferase"
"EW025_RS02550"	"g011643"	"serine kinase"
"EW025_RS02555"	"g011553"	"glycosyltransferase"
"EW025_RS02565"	"g009751"	"UDP-glucose/GDP-mannose dehydrogenase family protein"
"EW025_RS02570"	"g009573"	"MFS transporter"
"EW025_RS02575"	"g008827"	"helix-turn-helix domain-containing protein"
"EW025_RS02580"	"g005731"	"DUF2326 domain-containing protein"
"EW025_RS02590"	"g008639"	"hypothetical protein"
"EW025_RS02595"	"g001994"	"hypothetical protein"
"EW025_RS02600"	"g003569"	"type II toxin-antitoxin system RelB/DinJ family antitoxin"
"EW025_RS02605"	"g008119"	"type II toxin-antitoxin system RelE/ParE family toxin"
"EW025_RS02610"	"g003746"	"hypothetical protein"
"EW025_RS02615"	"g000680_2"	"phage portal protein"
"EW025_RS02620"	"g003548"	"hypothetical protein"
"EW025_RS02625"	"g000764"	"Fic family protein"
"EW025_RS02630"	"g012396"	"asparagine ligase A"
"EW025_RS02635"	"g009327"	"ATP-grasp domain-containing protein"
"EW025_RS02640"	"g014595"	"None"
"EW025_RS02645"	"g008914"	"hypothetical protein"
"EW025_RS02650"	"g000680_1"	"hypothetical protein"
"EW025_RS02660"	"g012537"	"Cof-type HAD-IIB family hydrolase"
"EW025_RS02665"	"g005773_2"	"Cof-type HAD-IIB family hydrolase"
"EW025_RS02670"	"g000228"	"signal recognition particle-docking protein FtsY"
"EW025_RS02675"	"g010844"	"MFS transporter"
"EW025_RS02680"	"g012303"	"PRD domain-containing protein"
"EW025_RS02685"	"g010193"	"PTS beta-glucoside transporter subunit IIBCA"
"EW025_RS02690"	"g000022"	"6-phospho-beta-glucosidase"
"EW025_RS02695"	"g012440"	"TIGR03943 family protein"
"EW025_RS02700"	"g012002"	"permease"
"EW025_RS02705"	"g009226"	"hypothetical protein"
"EW025_RS02710"	"g010076"	"RNA-binding transcriptional accessory protein"
"EW025_RS02715"	"g007317"	"SprT family protein"
"EW025_RS02720"	"g008333"	"PspC domain-containing protein"
"EW025_RS02725"	"g011830"	"HPr kinase/phosphorylase"
"EW025_RS02730"	"g012634"	"prolipoprotein diacylglyceryl transferase"
"EW025_RS02735"	"g007468"	"DUF948 domain-containing protein"
"EW025_RS02740"	"g007364"	"YtxH domain-containing protein"
"EW025_RS02745"	"g008254"	"DUF3270 domain-containing protein"
"EW025_RS02750"	"g011869"	"U32 family peptidase"
"EW025_RS02755"	"g009312"	"U32 family peptidase"
"EW025_RS02760"	"g008803"	"hypothetical protein"
"EW025_RS02765"	"g000249"	"lysine--tRNA ligase"
"EW025_RS02770"	"g012003"	"HAD family hydrolase"
"EW025_RS02775"	"g006405"	"histidine phosphatase family protein"
"EW025_RS02780"	"g007081"	"aminoacyl-tRNA deacylase"
"EW025_RS02785"	"g006675"	"energy-coupled thiamine transporter ThiT"
"EW025_RS02790"	"g012275"	"glycosyl hydrolase 25 family protein"
"EW025_RS02795"	"g003071"	"membrane protein"
"EW025_RS02800"	"g003420"	"DUF4430 domain-containing protein"
"EW025_RS02805"	"g003148"	"glutathione peroxidase"
"EW025_RS02810"	"g010226"	"oligoendopeptidase F"
"EW025_RS02815"	"g011148"	"phosphoenolpyruvate carboxylase"
"EW025_RS02820"	"g011006"	"FtsW/RodA/SpoVE family cell cycle protein"
"EW025_RS02825"	"g000899"	"elongation factor Tu"
"EW025_RS02830"	"g005930"	"triose-phosphate isomerase"
"EW025_RS02835"	"g009484"	"aminoacyltransferase"
"EW025_RS02840"	"g009508"	"lipid II:glycine glycyltransferase FemX"
"EW025_RS02845"	"g012467"	"sugar-phosphatase"
"EW025_RS02850"	"g000036_3"	"hypothetical protein"
"EW025_RS02855"	"g005028"	"HD domain-containing protein"
"EW025_RS02860"	"g007594"	"DUF1934 domain-containing protein"
"EW025_RS02865"	"g011158"	"cation-translocating P-type ATPase"
"EW025_RS02870"	"g000144"	"LacI family transcriptional regulator"
"EW025_RS02875"	"g002045"	"alginate lyase family protein"
"EW025_RS02880"	"g005786"	"PTS mannose/fructose/sorbose transporter family subunit IID"
"EW025_RS02885"	"g012617"	"PTS mannose/fructose/sorbose/N-acetylgalactosamine transporter subunit IIC"
"EW025_RS02890"	"g007030"	"PTS system mannose/fructose/N-acetylgalactosamine-transporter subunit IIB"
"EW025_RS02895"	"g004264"	"glycoside hydrolase family 88 protein"
"EW025_RS02900"	"g003285"	"PTS sugar transporter subunit IIA"
"EW025_RS02905"	"g008588"	"hypothetical protein"
"EW025_RS02910"	"g012551"	"gluconate 5-dehydrogenase"
"EW025_RS02915"	"g001283"	"RpiB/LacA/LacB family sugar-phosphate isomerase"
"EW025_RS02920"	"g001087"	"sugar kinase"
"EW025_RS02925"	"g006341"	"bifunctional 4-hydroxy-2-oxoglutarate aldolase/2-dehydro-3-deoxy-phosphogluconate aldolase"
"EW025_RS02930"	"g006256"	"HAD family phosphatase"
"EW025_RS02935"	"g004379"	"tRNA epoxyqueuosine(34) reductase QueG"
"EW025_RS02940"	"g014596"	"None"
"EW025_RS02940"	"g014597"	"None"
"EW025_RS02945"	"g013069"	"cell division ATP-binding protein FtsE"
"EW025_RS02950"	"g011799"	"ABC transporter permease"
"EW025_RS02955"	"g013031"	"MBL fold metallo-hydrolase"
"EW025_RS02960"	"g000128"	"(S)-acetoin forming diacetyl reductase"
"EW025_RS02965"	"g000128"	"(S)-acetoin forming diacetyl reductase"
"EW025_RS02970"	"g011191"	"bifunctional DnaQ family exonuclease/ATP-dependent helicase"
"EW025_RS02975"	"g009634"	"pyridoxal phosphate-dependent aminotransferase"
"EW025_RS02980"	"g004126"	"asparagine--tRNA ligase"
"EW025_RS02985"	"g012056"	"RNase adapter RapZ"
"EW025_RS02990"	"g011617"	"YvcK family protein"
"EW025_RS02995"	"g011952"	"DNA-binding protein WhiA"
"EW025_RS03000"	"g010719"	"C69 family dipeptidase"
"EW025_RS03005"	"g010481"	"zinc ABC transporter substrate-binding protein AdcA"
"EW025_RS03010"	"g001066_1"	"GntR family transcriptional regulator"
"EW025_RS03015"	"g004265"	"SIS domain-containing protein"
"EW025_RS03020"	"g003785"	"type B 50S ribosomal protein L31"
"EW025_RS03025"	"g011776"	"bifunctional oligoribonuclease/PAP phosphatase NrnA"
"EW025_RS03030"	"g007253"	"flavodoxin"
"EW025_RS03035"	"g000803"	"chorismate mutase"
"EW025_RS03040"	"g001890"	"voltage-gated chloride channel family protein"
"EW025_RS03045"	"g001613"	"50S ribosomal protein L19"
"EW025_RS03060"	"g006688"	"HAD-IA family hydrolase"
"EW025_RS03065"	"g000241"	"DNA topoisomerase (ATP-hydrolyzing) subunit B"
"EW025_RS03070"	"g010291"	"septation ring formation regulator EzrA"
"EW025_RS03075"	"g007198"	"YueI family protein"
"EW025_RS03080"	"g001027"	"phosphopyruvate hydratase"
"EW025_RS03095"	"g002219"	"DUF1542 domain-containing protein"
"EW025_RS03105"	"g009215"	"TOMM family cytolysin streptolysin S"
"EW025_RS03110"	"g011730"	"streptolysin S biosynthesis dehydrogenase SagB"
"EW025_RS03115"	"g011264"	"streptolysin associated protein SagC"
"EW025_RS03120"	"g010865"	"YcaO-like family protein"
"EW025_RS03125"	"g006197"	"CPBP family intramembrane metalloprotease"
"EW025_RS03130"	"g006130"	"hypothetical protein"
"EW025_RS03135"	"g011891"	"ABC transporter ATP-binding protein"
"EW025_RS03140"	"g009843"	"ABC transporter permease"
"EW025_RS03145"	"g009870"	"ABC transporter permease"
"EW025_RS03155"	"g011152"	"LPXTG cell wall anchor domain-containing protein"
"EW025_RS03160"	"g006972"	"queuosine transporter QueT"
"EW025_RS03165"	"g004539"	"NAD-dependent DNA ligase LigA"
"EW025_RS03170"	"g011398"	"diacylglycerol kinase family lipid kinase"
"EW025_RS03175"	"g008945"	"F0F1 ATP synthase subunit C"
"EW025_RS03180"	"g012952"	"F0F1 ATP synthase subunit A"
"EW025_RS03185"	"g006997"	"F0F1 ATP synthase subunit B"
"EW025_RS03190"	"g002998"	"F0F1 ATP synthase subunit delta"
"EW025_RS03195"	"g002121"	"F0F1 ATP synthase subunit alpha"
"EW025_RS03200"	"g012136"	"F0F1 ATP synthase subunit gamma"
"EW025_RS03205"	"g002166"	"F0F1 ATP synthase subunit beta"
"EW025_RS03210"	"g007428"	"F0F1 ATP synthase subunit epsilon"
"EW025_RS03215"	"g008445"	"DUF1146 domain-containing protein"
"EW025_RS03220"	"g004168"	"UDP-N-acetylglucosamine 1-carboxyvinyltransferase"
"EW025_RS03225"	"g004004"	"DNA-directed RNA polymerase subunit beta"
"EW025_RS03230"	"g006801"	"DNA/RNA non-specific endonuclease"
"EW025_RS03235"	"g001059"	"phenylalanine--tRNA ligase subunit alpha"
"EW025_RS03240"	"g005143"	"phenylalanine--tRNA ligase subunit beta"
"EW025_RS03245"	"g007651"	"OsmC family protein"
"EW025_RS03250"	"g007595"	"YbgA family protein"
"EW025_RS03255"	"g009986"	"ABC transporter permease"
"EW025_RS03260"	"g002671"	"ABC transporter ATP-binding protein"
"EW025_RS03265"	"g002396"	"neutral zinc metallopeptidase"
"EW025_RS03270"	"g011105"	"ATP-dependent nuclease subunit B"
"EW025_RS03275"	"g011071"	"helicase-exonuclease AddAB subunit AddA"
"EW025_RS03280"	"g012455"	"transporter substrate-binding domain-containing protein"
"EW025_RS03285"	"g001781"	"30S ribosomal protein S21"
"EW025_RS03290"	"g007737"	"large conductance mechanosensitive channel protein MscL"
"EW025_RS03295"	"g010218"	"DNA primase"
"EW025_RS03300"	"g000926"	"RNA polymerase sigma factor RpoD"
"EW025_RS03305"	"g003547"	"metal-sulfur cluster assembly factor"
"EW025_RS03310"	"g012250"	"dTDP-4-dehydrorhamnose reductase"
"EW025_RS03315"	"g009759"	"DUF1972 domain-containing protein"
"EW025_RS03320"	"g011831"	"glycosyltransferase family 2 protein"
"EW025_RS03325"	"g012726"	"ABC transporter permease"
"EW025_RS03330"	"g009588"	"ABC transporter ATP-binding protein"
"EW025_RS03335"	"g011465"	"glycosyltransferase"
"EW025_RS03340"	"g010270"	"alpha-L-Rha alpha-1%2C3-L-rhamnosyltransferase"
"EW025_RS03345"	"g011204"	"sulfatase-like hydrolase/transferase"
"EW025_RS03350"	"g013046"	"glycosyltransferase family 2 protein"
"EW025_RS03355"	"g007873"	"DUF2304 domain-containing protein"
"EW025_RS03360"	"g009313"	"lipopolysaccharide biosynthesis protein"
"EW025_RS03365"	"g010566"	"DUF2142 domain-containing protein"
"EW025_RS03370"	"g000881"	"peptidase T"
"EW025_RS03375"	"g007031"	"EbsA family protein"
"EW025_RS03380"	"g008946"	"ferredoxin"
"EW025_RS03385"	"g007101"	"LysM peptidoglycan-binding domain-containing protein"
"EW025_RS03390"	"g002666"	"(d)CMP kinase"
"EW025_RS03395"	"g003014"	"translation initiation factor IF-3"
"EW025_RS03400"	"g003967"	"50S ribosomal protein L35"
"EW025_RS03405"	"g001599"	"50S ribosomal protein L20"
"EW025_RS03410"	"g010045"	"LTA synthase family protein"
"EW025_RS03415"	"g009740"	"class I SAM-dependent rRNA methyltransferase"
"EW025_RS03420"	"g006112"	"type I 3-dehydroquinate dehydratase"
"EW025_RS03425"	"g001954"	"chorismate synthase"
"EW025_RS03430"	"g007874"	"YlbF/YmcA family competence regulator"
"EW025_RS03435"	"g002193"	"glutathione-disulfide reductase"
"EW025_RS03440"	"g009364"	"bifunctional folylpolyglutamate synthase/dihydrofolate synthase"
"EW025_RS03445"	"g000704"	"membrane protein"
"EW025_RS03450"	"g009797"	"cysteine desulfurase"
"EW025_RS03455"	"g009555"	"tRNA 4-thiouridine(8) synthase ThiI"
"EW025_RS03460"	"g009298"	"CapA family protein"
"EW025_RS03465"	"g003614"	"50S ribosomal protein L21"
"EW025_RS03470"	"g007969"	"ribosomal-processing cysteine protease Prp"
"EW025_RS03475"	"g000795"	"50S ribosomal protein L27"
"EW025_RS03480"	"g000007"	"LysR family transcriptional regulator"
"EW025_RS03485"	"g007199"	"signal peptidase II"
"EW025_RS03490"	"g005527"	"RluA family pseudouridine synthase"
"EW025_RS03495"	"g003022"	"bifunctional pyr operon transcriptional regulator/uracil phosphoribosyltransferase PyrR"
"EW025_RS03500"	"g009400"	"uracil permease"
"EW025_RS03505"	"g005460"	"aspartate carbamoyltransferase"
"EW025_RS03510"	"g004414"	"carbamoyl-phosphate synthase small subunit"
"EW025_RS03515"	"g005070"	"carbamoyl-phosphate synthase large subunit"
"EW025_RS03520"	"g009354"	"efflux RND transporter periplasmic adaptor subunit"
"EW025_RS03525"	"g000554"	"macrolide ABC transporter ATP-binding protein/permease MacB"
"EW025_RS03530"	"g009524"	"FtsX-like permease family protein"
"EW025_RS03535"	"g010282"	"glycerophosphodiester phosphodiesterase"
"EW025_RS03540"	"g003737"	"30S ribosomal protein S16"
"EW025_RS03545"	"g008563"	"KH domain-containing protein"
"EW025_RS03550"	"g011121"	"leucine-rich repeat protein"
"EW025_RS03555"	"g007495"	"hypothetical protein"
"EW025_RS03560"	"g012137"	"cation transporter"
"EW025_RS03565"	"g006887"	"TetR/AcrR family transcriptional regulator"
"EW025_RS03570"	"g003038"	"ribosome maturation factor RimM"
"EW025_RS03575"	"g002589"	"tRNA (guanosine(37)-N1)-methyltransferase TrmD"
"EW025_RS03580"	"g011540"	"NAD(P)/FAD-dependent oxidoreductase"
"EW025_RS03585"	"g011265"	"PTS transporter subunit IIC"
"EW025_RS03590"	"g011892"	"2-dehydropantoate 2-reductase"
"EW025_RS03595"	"g012966"	"DeoR/GlpR transcriptional regulator"
"EW025_RS03600"	"g005550"	"1-phosphofructokinase"
"EW025_RS03605"	"g010155"	"PTS fructose transporter subunit IIC"
"EW025_RS03610"	"g002849_2"	"glycoside hydrolase family 73 protein"
"EW025_RS03615"	"g002849_1"	"glycoside hydrolase family 73 protein"
"EW025_RS03625"	"g000566_1"	"streptococcal pyrogenic exotoxin SpeJ"
"EW025_RS03630"	"g005244"	"hypothetical protein"
"EW025_RS03635"	"g001823_1"	"nucleoside-diphosphate kinase"
"EW025_RS03640"	"g007633"	"DUF1149 family protein"
"EW025_RS03645"	"g012276"	"DegV family protein"
"EW025_RS03650"	"g004273"	"CCA tRNA nucleotidyltransferase"
"EW025_RS03655"	"g004575"	"ABC-F family ATP-binding cassette domain-containing protein"
"EW025_RS03660"	"g003915"	"hypothetical protein"
"EW025_RS03665"	"g007454"	"peptide deformylase"
"EW025_RS03670"	"g010123"	"multifunctional 2'%2C3'-cyclic-nucleotide 2'-phosphodiesterase/5'-nucleotidase/3'-nucleotidase"
"EW025_RS03675"	"g006277"	"GTP pyrophosphokinase family protein"
"EW025_RS03680"	"g006209"	"response regulator transcription factor"
"EW025_RS03685"	"g009496"	"HAMP domain-containing histidine kinase"
"EW025_RS03690"	"g012042"	"mevalonate kinase"
"EW025_RS03695"	"g011762"	"diphosphomevalonate decarboxylase"
"EW025_RS03700"	"g011433"	"phosphomevalonate kinase"
"EW025_RS03705"	"g011554"	"type 2 isopentenyl-diphosphate Delta-isomerase"
"EW025_RS03710"	"g009337"	"hydroxymethylglutaryl-CoA reductase%2C degradative"
"EW025_RS03715"	"g009689"	"hydroxymethylglutaryl-CoA synthase"
"EW025_RS03720"	"g012324"	"thymidylate synthase"
"EW025_RS03725"	"g006985"	"dihydrofolate reductase"
"EW025_RS03730"	"g009188"	"hypothetical protein"
"EW025_RS03735"	"g001879"	"ATP-dependent protease ATP-binding subunit ClpX"
"EW025_RS03740"	"g002848"	"YihA family ribosome biogenesis GTP-binding protein"
"EW025_RS03745"	"g005962"	"hypothetical protein"
"EW025_RS03750"	"g002022"	"ATP-dependent Clp protease ATP-binding subunit"
"EW025_RS03755"	"g006131"	"ribose-5-phosphate isomerase RpiA"
"EW025_RS03760"	"g004245"	"phosphopentomutase"
"EW025_RS03765"	"g000106"	"arsenate reductase (glutaredoxin)"
"EW025_RS03770"	"g012468"	"purine-nucleoside phosphorylase"
"EW025_RS03775"	"g000550"	"purine-nucleoside phosphorylase"
"EW025_RS03780"	"g005859"	"hypothetical protein"
"EW025_RS03785"	"g000007"	"LysR family transcriptional regulator"
"EW025_RS03790"	"g006818"	"hypothetical protein"
"EW025_RS03795"	"g006095"	"orotidine-5'-phosphate decarboxylase"
"EW025_RS03800"	"g002782"	"orotate phosphoribosyltransferase"
"EW025_RS03805"	"g004837"	"amidase"
"EW025_RS03810"	"g012017"	"transporter substrate-binding domain-containing protein"
"EW025_RS03815"	"g002736"	"amino acid ABC transporter permease"
"EW025_RS03820"	"g000286"	"uracil-DNA glycosylase"
"EW025_RS03825"	"g009365"	"dihydroorotase"
"EW025_RS03830"	"g006315"	"glycerol-3-phosphate 1-O-acyltransferase PlsY"
"EW025_RS03835"	"g000241"	"DNA topoisomerase (ATP-hydrolyzing) subunit B"
"EW025_RS03840"	"g005127"	"DNA topoisomerase IV subunit A"
"EW025_RS03845"	"g011244"	"branched-chain amino acid aminotransferase"
"EW025_RS03850"	"g003881"	"DUF2969 domain-containing protein"
"EW025_RS03865"	"g000110"	"polyribonucleotide nucleotidyltransferase"
"EW025_RS03875"	"g008144"	"hypothetical protein"
"EW025_RS03880"	"g005338"	"rhodanese-related sulfurtransferase"
"EW025_RS03885"	"g003994"	"hypothetical protein"
"EW025_RS03890"	"g001526"	"glutathione S-transferase"
"EW025_RS03895"	"g011968"	"TDT family transporter"
"EW025_RS03900"	"g009171"	"DUF3042 family protein"
"EW025_RS03905"	"g005581"	"tRNA (adenosine(37)-N6)-dimethylallyltransferase MiaA"
"EW025_RS03910"	"g009469"	"GTPase HflX"
"EW025_RS03915"	"g006342"	"cystathionine beta-lyase"
"EW025_RS03920"	"g011853"	"ribonuclease Z"
"EW025_RS03925"	"g012709"	"SDR family oxidoreductase"
"EW025_RS03930"	"g010046"	"single-stranded-DNA-specific exonuclease RecJ"
"EW025_RS03935"	"g000644"	"adenine phosphoribosyltransferase"
"EW025_RS03940"	"g006132"	"DnaD domain-containing protein"
"EW025_RS03945"	"g002718"	"endonuclease III"
"EW025_RS03950"	"g006113"	"tRNA (adenine-N(1))-methyltransferase"
"EW025_RS03955"	"g012579"	"Nif3-like dinuclear metal center hexameric protein"
"EW025_RS03960"	"g000927"	"FAD-binding oxidoreductase"
"EW025_RS03965"	"g000268"	"glucose-1-phosphate thymidylyltransferase RfbA"
"EW025_RS03970"	"g006532"	"dTDP-4-dehydrorhamnose 3%2C5-epimerase"
"EW025_RS03975"	"g011329"	"dTDP-glucose 4%2C6-dehydratase"
"EW025_RS03980"	"g007102"	"8-oxo-dGTP diphosphatase"
"EW025_RS03985"	"g009675"	"AI-2E family transporter"
"EW025_RS03990"	"g009439"	"hypothetical protein"
"EW025_RS03995"	"g010376"	"PavA family fibronectin-binding protein Fbp54"
"EW025_RS04000"	"g011510"	"peptide ABC transporter substrate-binding protein"
"EW025_RS04005"	"g001836"	"hypothetical protein"
"EW025_RS04010"	"g012175"	"ABC transporter permease"
"EW025_RS04015"	"g012741"	"ABC transporter ATP-binding protein"
"EW025_RS04020"	"g010359"	"ribonuclease J"
"EW025_RS04025"	"g012595"	"esterase family protein"
"EW025_RS04030"	"g007970"	"hypothetical protein"
"EW025_RS04035"	"g001233"	"ABC transporter ATP-binding protein"
"EW025_RS04040"	"g011644"	"thiamine pyrophosphate-dependent dehydrogenase E1 component subunit alpha"
"EW025_RS04045"	"g011511"	"alpha-ketoacid dehydrogenase subunit beta"
"EW025_RS04050"	"g004621_1"	"dihydrolipoamide acetyltransferase"
"EW025_RS04055"	"g001683"	"hypothetical protein"
"EW025_RS04060"	"g004621_2"	"dihydrolipoyl dehydrogenase"
"EW025_RS04065"	"g001761"	"hypothetical protein"
"EW025_RS04070"	"g014598"	"None"
"EW025_RS04075"	"g011173"	"polysaccharide lyase 8 family protein"
"EW025_RS04080"	"g011555"	"lipoate--protein ligase"
"EW025_RS04085"	"g012559"	"type 1 glutamine amidotransferase"
"EW025_RS04090"	"g002196"	"Mur ligase family protein"
"EW025_RS04095"	"g012263"	"TIGR00159 family protein"
"EW025_RS04100"	"g011696"	"YbbR-like domain-containing protein"
"EW025_RS04105"	"g004957"	"phosphoglucosamine mutase"
"EW025_RS04110"	"g002756"	"hypothetical protein"
"EW025_RS04115"	"g009835"	"oxygen-independent coproporphyrinogen III oxidase"
"EW025_RS04120"	"g012778"	"acyl-[acyl-carrier-protein] thioesterase"
"EW025_RS04125"	"g012711"	"TIGR01457 family HAD-type hydrolase"
"EW025_RS04130"	"g006357"	"TIGR01906 family membrane protein"
"EW025_RS04140"	"g005047"	"type II CRISPR RNA-guided endonuclease Cas9"
"EW025_RS04145"	"g005665"	"type II CRISPR-associated endonuclease Cas1"
"EW025_RS04150"	"g007875"	"CRISPR-associated endonuclease Cas2"
"EW025_RS04155"	"g002710"	"type II-A CRISPR-associated protein Csn2"
"EW025_RS04160"	"g001823_2"	"hypothetical protein"
"EW025_RS04165"	"g001796"	"nucleoside-diphosphate kinase"
"EW025_RS04170"	"g000966"	"elongation factor 4"
"EW025_RS04175"	"g000009_3"	"LPXTG cell wall anchor domain-containing protein"
"EW025_RS04180"	"g000705"	"peptide-methionine (R)-S-oxide reductase MsrB"
"EW025_RS04185"	"g001077"	"YeiH family putative sulfate export transporter"
"EW025_RS04190"	"g003317"	"PTS sugar transporter subunit IIA"
"EW025_RS04195"	"g007015"	"PTS system mannose/fructose/N-acetylgalactosamine-transporter subunit IIB"
"EW025_RS04200"	"g012469"	"PTS mannose/fructose/sorbose/N-acetylgalactosamine transporter subunit IIC"
"EW025_RS04205"	"g012388"	"PTS mannose/fructose/sorbose transporter family subunit IID"
"EW025_RS04210"	"g010380"	"sensor histidine kinase"
"EW025_RS04215"	"g012580"	"response regulator transcription factor"
"EW025_RS04220"	"g005208"	"extracellular solute-binding protein"
"EW025_RS04230"	"g000308"	"sugar O-acetyltransferase"
"EW025_RS04235"	"g013020"	"noncanonical pyrimidine nucleotidase%2C YjjG family"
"EW025_RS04240"	"g010768"	"NAD-dependent succinate-semialdehyde dehydrogenase"
"EW025_RS04245"	"g004612"	"excinuclease ABC subunit UvrC"
"EW025_RS04250"	"g006492"	"NAD(P)H nitroreductase"
"EW025_RS04255"	"g004886"	"dipeptidase PepV"
"EW025_RS04260"	"g004915"	"tRNA uridine-5-carboxymethylaminomethyl(34) synthesis GTPase MnmE"
"EW025_RS04265"	"g003081"	"50S ribosomal protein L10"
"EW025_RS04270"	"g000741"	"50S ribosomal protein L7/L12"
"EW025_RS04275"	"g007702"	"hypothetical protein"
"EW025_RS04295"	"g006290"	"lantibiotic (srt) production protein"
"EW025_RS04300"	"g006114"	"response regulator transcription factor"
"EW025_RS04305"	"g010899"	"HAMP domain-containing histidine kinase"
"EW025_RS04310"	"g004088"	"lantibiotic streptin"
"EW025_RS04315"	"g001310_1"	"ATP-binding cassette domain-containing protein"
"EW025_RS04320"	"g013081"	"lantibiotic protection ABC transporter ATP-binding protein"
"EW025_RS04325"	"g012793"	"lantibiotic immunity ABC transporter MutE/EpiE family permease subunit"
"EW025_RS04330"	"g012929"	"lantibiotic immunity ABC transporter MutG family permease subunit"
"EW025_RS04335"	"g008737"	"helix-turn-helix transcriptional regulator"
"EW025_RS04340"	"g008764"	"hypothetical protein"
"EW025_RS04355"	"g009485"	"D-alanyl-D-alanine carboxypeptidase"
"EW025_RS04360"	"g011667"	"polysaccharide deacetylase family protein"
"EW025_RS04365"	"g009338"	"bifunctional folylpolyglutamate synthase/dihydrofolate synthase"
"EW025_RS04370"	"g006467"	"GTP cyclohydrolase I FolE"
"EW025_RS04375"	"g012523"	"dihydropteroate synthase"
"EW025_RS04380"	"g007757"	"dihydroneopterin aldolase"
"EW025_RS04385"	"g006973"	"2-amino-4-hydroxy-6- hydroxymethyldihydropteridine diphosphokinase"
"EW025_RS04390"	"g005505"	"UDP-N-acetylmuramate dehydrogenase"
"EW025_RS04395"	"g000083"	"ABC transporter ATP-binding protein"
"EW025_RS04400"	"g005838"	"ABC transporter permease"
"EW025_RS04405"	"g005810"	"ABC transporter permease"
"EW025_RS04410"	"g009998"	"ABC transporter substrate-binding protein"
"EW025_RS04415"	"g006222"	"response regulator"
"EW025_RS04420"	"g010490"	"sensor histidine kinase"
"EW025_RS04425"	"g010950"	"L-malate permease"
"EW025_RS04430"	"g000883"	"NADP-dependent oxaloacetate-decarboxylating malate dehydrogenase"
"EW025_RS04435"	"g005201"	"zinc-dependent alcohol dehydrogenase family protein"
"EW025_RS04440"	"g012884"	"acid phosphatase AphA"
"EW025_RS04445"	"g010504"	"ClC family H(+)/Cl(-) exchange transporter"
"EW025_RS04450"	"g006442"	"hypothetical protein"
"EW025_RS04455"	"g009778"	"AI-2E family transporter"
"EW025_RS04460"	"g006146"	"JAB domain-containing protein"
"EW025_RS04465"	"g013047"	"gamma-glutamyl-gamma-aminobutyrate hydrolase family protein"
"EW025_RS04470"	"g006300"	"redox-sensing transcriptional repressor Rex"
"EW025_RS04475"	"g007837"	"DUF1831 domain-containing protein"
"EW025_RS04480"	"g009844"	"cysteine desulfurase"
"EW025_RS04485"	"g000509"	"ribose-phosphate diphosphokinase"
"EW025_RS04490"	"g002900"	"CYTH domain-containing protein"
"EW025_RS04495"	"g002684"	"GTP pyrophosphokinase family protein"
"EW025_RS04500"	"g012344"	"NAD kinase"
"EW025_RS04505"	"g011984"	"RluA family pseudouridine synthase"
"EW025_RS04510"	"g005314"	"phosphate acetyltransferase"
"EW025_RS04520"	"g001209"	"hypothetical protein"
"EW025_RS04525"	"g000885"	"ABC transporter ATP-binding protein"
"EW025_RS04530"	"g001296"	"ABC transporter permease/substrate-binding protein"
"EW025_RS04535"	"g005348"	"GMP reductase"
"EW025_RS04545"	"g002887"	"xanthine phosphoribosyltransferase"
"EW025_RS04550"	"g009323"	"purine permease"
"EW025_RS04555"	"g005451"	"FAD:protein FMN transferase"
"EW025_RS04560"	"g009067"	"4-oxalocrotonate tautomerase"
"EW025_RS04565"	"g006641"	"thymidine kinase"
"EW025_RS04570"	"g000936"	"peptide chain release factor 1"
"EW025_RS04575"	"g012325"	"peptide chain release factor N(5)-glutamine methyltransferase"
"EW025_RS04580"	"g006546"	"threonylcarbamoyl-AMP synthase"
"EW025_RS04585"	"g007237"	"GNAT family N-acetyltransferase"
"EW025_RS04590"	"g000872"	"serine hydroxymethyltransferase"
"EW025_RS04595"	"g011618"	"nucleoid-associated protein"
"EW025_RS04600"	"g006457"	"lysozyme family protein"
"EW025_RS04605"	"g010292"	"ABC transporter ATP-binding protein"
"EW025_RS04610"	"g000976"	"high-affinity branched-chain amino acid ABC transporter ATP-binding protein LivG"
"EW025_RS04615"	"g010836"	"NADH oxidase"
"EW025_RS04620"	"g002336"	"L-lactate dehydrogenase"
"EW025_RS04625"	"g001046"	"DNA topoisomerase (ATP-hydrolyzing) subunit A"
"EW025_RS04630"	"g012794"	"sortase"
"EW025_RS04635"	"g003352"	"VOC family protein"
"EW025_RS04640"	"g014599"	"None"
"EW025_RS04645"	"g003293"	"hypothetical protein"
"EW025_RS04650"	"g005551"	"diacylglycerol kinase family lipid kinase"
"EW025_RS04655"	"g001226"	"hemolysin III family protein"
"EW025_RS04660"	"g007299"	"DUF1836 domain-containing protein"
"EW025_RS04665"	"g002469"	"ribosome biogenesis GTPase YlqF"
"EW025_RS04670"	"g002516"	"ribonuclease HII"
"EW025_RS04675"	"g012345"	"DNA-protecting protein DprA"
"EW025_RS04680"	"g004508"	"type I DNA topoisomerase"
"EW025_RS04685"	"g001454"	"LysR family transcriptional regulator substrate-binding protein"
"EW025_RS04690"	"g000007"	"LysR family transcriptional regulator"
"EW025_RS04700"	"g005324"	"D-lactate dehydrogenase"
"EW025_RS04705"	"g006223"	"DNA-binding protein"
"EW025_RS04710"	"g012953"	"DUF3307 domain-containing protein"
"EW025_RS04715"	"g004972"	"methylenetetrahydrofolate--tRNA-(uracil(54)- C(5))-methyltransferase (FADH(2)-oxidizing) TrmFO"
"EW025_RS04720"	"g000051"	"oxaloacetate decarboxylase subunit alpha"
"EW025_RS04725"	"g003615"	"membrane protein"
"EW025_RS04730"	"g000757"	"biotin/lipoyl-binding protein"
"EW025_RS04735"	"g009836"	"sodium ion-translocating decarboxylase subunit beta"
"EW025_RS04740"	"g012090"	"triphosphoribosyl-dephospho-CoA synthase CitG"
"EW025_RS04745"	"g013048"	"GntR family transcriptional regulator"
"EW025_RS04750"	"g010752"	"CitMHS family transporter"
"EW025_RS04755"	"g003589"	"hypothetical protein"
"EW025_RS04760"	"g000051"	"oxaloacetate decarboxylase subunit alpha"
"EW025_RS04765"	"g009864"	"sodium ion-translocating decarboxylase subunit beta"
"EW025_RS04770"	"g008102"	"citrate lyase acyl carrier protein"
"EW025_RS04775"	"g001123"	"citrate (pro-3S)-lyase subunit beta"
"EW025_RS04780"	"g000471"	"citrate lyase subunit alpha"
"EW025_RS04785"	"g006595"	"citrate lyase holo-[acyl-carrier protein] synthase"
"EW025_RS04790"	"g000051"	"oxaloacetate decarboxylase subunit alpha"
"EW025_RS04795"	"g005194"	"[citrate (pro-3S)-lyase] ligase"
"EW025_RS04800"	"g007059"	"hypothetical protein"
"EW025_RS04805"	"g010009"	"tyrosine recombinase XerS"
"EW025_RS04810"	"g013029"	"helix-turn-helix transcriptional regulator"
"EW025_RS04815"	"g000994"	"signal recognition particle protein"
"EW025_RS04820"	"g003541"	"putative DNA-binding protein"
"EW025_RS04825"	"g002539"	"transcriptional regulator LldR"
"EW025_RS04830"	"g010689"	"hypothetical protein"
"EW025_RS04835"	"g000992"	"glutamine-hydrolyzing GMP synthase"
"EW025_RS04840"	"g009516"	"aminoacyltransferase"
"EW025_RS04845"	"g010457"	"ABC-F family ATP-binding cassette domain-containing protein"
"EW025_RS04850"	"g006705"	"membrane protein"
"EW025_RS04855"	"g012186"	"pyridoxamine kinase"
"EW025_RS04860"	"g009366"	"PLP-dependent aminotransferase family protein"
"EW025_RS04870"	"g007894"	"hypothetical protein"
"EW025_RS04875"	"g010444"	"cardiolipin synthase"
"EW025_RS04880"	"g000979_1"	"formate--tetrahydrofolate ligase"
"EW025_RS04885"	"g002298"	"lipoate--protein ligase"
"EW025_RS04890"	"g002369"	"NAD-dependent deacetylase"
"EW025_RS04895"	"g012456"	"protein-ADP-ribose hydrolase"
"EW025_RS04900"	"g003562"	"glycine cleavage system protein H"
"EW025_RS04905"	"g011512"	"LLM class flavin-dependent oxidoreductase"
"EW025_RS04910"	"g001920"	"NADH-dependent flavin oxidoreductase"
"EW025_RS04915"	"g012264"	"lipoate--protein ligase family protein"
"EW025_RS04920"	"g006115"	"phosphopantothenate--cysteine ligase"
"EW025_RS04925"	"g006767"	"phosphopantothenoylcysteine decarboxylase"
"EW025_RS04930"	"g006642"	"ECF transporter S component"
"EW025_RS04935"	"g010299"	"phospho-sugar mutase"
"EW025_RS04940"	"g011697"	"ABC transporter permease"
"EW025_RS04945"	"g011248"	"ABC transporter permease"
"EW025_RS04950"	"g010505"	"ABC transporter ATP-binding protein"
"EW025_RS04955"	"g005195_1"	"BMP family ABC transporter substrate-binding protein"
"EW025_RS04960"	"g007570"	"cytidine deaminase"
"EW025_RS04965"	"g006533"	"class I SAM-dependent methyltransferase"
"EW025_RS04970"	"g011904"	"type I pantothenate kinase"
"EW025_RS04975"	"g008609"	"30S ribosomal protein S20"
"EW025_RS04980"	"g010989"	"HAMP domain-containing histidine kinase"
"EW025_RS04985"	"g006176"	"response regulator transcription factor"
"EW025_RS04990"	"g011183"	"M1 family metallopeptidase"
"EW025_RS04995"	"g008828"	"hypothetical protein"
"EW025_RS05000"	"g006264"	"phosphate signaling complex protein PhoU"
"EW025_RS05005"	"g001138"	"phosphate ABC transporter ATP-binding protein"
"EW025_RS05010"	"g001138"	"phosphate ABC transporter ATP-binding protein"
"EW025_RS05015"	"g012071"	"phosphate ABC transporter permease PstA"
"EW025_RS05020"	"g011811"	"phosphate ABC transporter permease subunit PstC"
"EW025_RS05025"	"g012187"	"phosphate ABC transporter substrate-binding protein PstS family protein"
"EW025_RS05030"	"g010990"	"23S rRNA methyltransferase"
"EW025_RS05035"	"g012581"	"inositol monophosphatase family protein"
"EW025_RS05040"	"g008292"	"UPF0223 family protein"
"EW025_RS05045"	"g003376"	"transcriptional regulator Spx"
"EW025_RS05050"	"g011832"	"bifunctional riboflavin kinase/FAD synthetase"
"EW025_RS05055"	"g012091"	"tRNA pseudouridine(55) synthase TruB"
"EW025_RS05060"	"g010915"	"DUF2130 domain-containing protein"
"EW025_RS05065"	"g011698"	"aromatic acid exporter family protein"
"EW025_RS05070"	"g006526"	"restriction endonuclease subunit S"
"EW025_RS05075"	"g011165"	"FtsX-like permease family protein"
"EW025_RS05080"	"g013019"	"ABC transporter ATP-binding protein"
"EW025_RS05085"	"g006778"	"TetR/AcrR family transcriptional regulator"
"EW025_RS05090"	"g006316"	"GntR family transcriptional regulator"
"EW025_RS05095"	"g002993_1"	"Asp23/Gls24 family envelope stress response protein"
"EW025_RS05100"	"g003964_2"	"CsbD family protein"
"EW025_RS05105"	"g002993_2"	"Asp23/Gls24 family envelope stress response protein"
"EW025_RS05110"	"g009041"	"DUF2273 domain-containing protein"
"EW025_RS05115"	"g006458"	"alkaline shock response membrane anchor protein AmaP"
"EW025_RS05120"	"g003820_1"	"GlsB/YeaQ/YmgE family stress response membrane protein"
"EW025_RS05125"	"g004494"	"DNA helicase PcrA"
"EW025_RS05130"	"g010970"	"sodium:alanine symporter family protein"
"EW025_RS05135"	"g009486"	"cation diffusion facilitator family transporter"
"EW025_RS05140"	"g012666"	"CAMP factor pore-forming toxin Cfa"
"EW025_RS05145"	"g012346"	"amino acid ABC transporter substrate-binding protein"
"EW025_RS05150"	"g006376"	"amino acid ABC transporter ATP-binding protein"
"EW025_RS05155"	"g006317"	"amino acid ABC transporter permease"
"EW025_RS05160"	"g000769"	"phnA family protein"
"EW025_RS05165"	"g004601"	"glutamine--fructose-6-phosphate transaminase (isomerizing)"
"EW025_RS05170"	"g006706"	"signal peptidase I"
"EW025_RS05175"	"g010547"	"pyruvate kinase"
"EW025_RS05180"	"g001081"	"ATP-dependent 6-phosphofructokinase"
"EW025_RS05185"	"g011112"	"DNA polymerase III subunit alpha"
"EW025_RS05190"	"g003457"	"GntR family transcriptional regulator"
"EW025_RS05195"	"g000239"	"peptidase domain-containing ABC transporter"
"EW025_RS05200"	"g012596"	"hypothetical protein"
"EW025_RS05205"	"g006443"	"TVP38/TMEM64 family protein"
"EW025_RS05215"	"g000126_3"	"hypothetical protein"
"EW025_RS05220"	"g012759"	"streptococcal pyrogenic exotoxin SpeA"
"EW025_RS05225"	"g000575_1"	"hypothetical protein"
"EW025_RS05230"	"g001774_1"	"hypothetical protein"
"EW025_RS05235"	"g005889"	"hypothetical protein"
"EW025_RS05240"	"g006491"	"hypothetical protein"
"EW025_RS05245"	"g012710"	"CHAP domain-containing protein"
"EW025_RS05250"	"g007926"	"phage holin"
"EW025_RS05255"	"g007992"	"hypothetical protein"
"EW025_RS05260"	"g007836"	"DUF1366 domain-containing protein"
"EW025_RS05265"	"g010194"	"hypothetical protein"
"EW025_RS05270"	"g011086"	"CHAP domain-containing protein"
"EW025_RS05275"	"g010597"	"hypothetical protein"
"EW025_RS05280"	"g004610"	"tail protein"
"EW025_RS05285"	"g003220"	"hypothetical protein"
"EW025_RS05290"	"g003607"	"hypothetical protein"
"EW025_RS05295"	"g006949"	"phage major tail protein%2C TP901-1 family"
"EW025_RS05300"	"g007455"	"DUF5072 domain-containing protein"
"EW025_RS05305"	"g003392"	"hypothetical protein"
"EW025_RS05310"	"g003629"	"hypothetical protein"
"EW025_RS05315"	"g007856"	"hypothetical protein"
"EW025_RS05320"	"g008203"	"hypothetical protein"
"EW025_RS05325"	"g012057"	"hypothetical protein"
"EW025_RS05330"	"g006644"	"DUF4355 domain-containing protein"
"EW025_RS05335"	"g000203"	"hypothetical protein"
"EW025_RS05340"	"g000099"	"hypothetical protein"
"EW025_RS05345"	"g005003"	"phage portal protein"
"EW025_RS05350"	"g009349"	"PBSX family phage terminase large subunit"
"EW025_RS05355"	"g007635"	"hypothetical protein"
"EW025_RS05360"	"g001497"	"ArpU family transcriptional regulator"
"EW025_RS05365"	"g008386"	"hypothetical protein"
"EW025_RS05370"	"g006874"	"DUF1642 domain-containing protein"
"EW025_RS05375"	"g001293"	"SAM-dependent DNA methyltransferase"
"EW025_RS05380"	"g000116_1"	"hypothetical protein"
"EW025_RS05385"	"g008589"	"DUF3310 domain-containing protein"
"EW025_RS05390"	"g003812"	"hypothetical protein"
"EW025_RS05395"	"g001605"	"hypothetical protein"
"EW025_RS05400"	"g007300"	"RusA family crossover junction endodeoxyribonuclease"
"EW025_RS05405"	"g008875"	"hypothetical protein"
"EW025_RS05410"	"g000102_1"	"single-stranded DNA-binding protein"
"EW025_RS05415"	"g006178"	"ERF family protein"
"EW025_RS05420"	"g003132"	"siphovirus Gp157 family protein"
"EW025_RS05425"	"g008470"	"hypothetical protein"
"EW025_RS05430"	"g007799"	"hypothetical protein"
"EW025_RS05435"	"g012619"	"DNA replication protein"
"EW025_RS05440"	"g012370"	"DnaD domain protein"
"EW025_RS05450"	"g014600"	"None"
"EW025_RS05455"	"g008830"	"hypothetical protein"
"EW025_RS05460"	"g008915"	"helix-turn-helix transcriptional regulator"
"EW025_RS05465"	"g007596"	"hypothetical protein"
"EW025_RS05470"	"g008831"	"hypothetical protein"
"EW025_RS05475"	"g006514"	"hypothetical protein"
"EW025_RS05480"	"g001839_1"	"hypothetical protein"
"EW025_RS05485"	"g001143_1"	"helix-turn-helix transcriptional regulator"
"EW025_RS05490"	"g012043"	"hypothetical protein"
"EW025_RS05495"	"g009951"	"site-specific integrase"
"EW025_RS05500"	"g006425"	"DUF3862 domain-containing protein"
"EW025_RS05505"	"g010031"	"glycogen/starch/alpha-glucan family phosphorylase"
"EW025_RS05510"	"g010575"	"4-alpha-glucanotransferase"
"EW025_RS05515"	"g011409"	"LacI family transcriptional regulator"
"EW025_RS05520"	"g009440"	"extracellular solute-binding protein"
"EW025_RS05525"	"g010853"	"sugar ABC transporter permease"
"EW025_RS05530"	"g012347"	"sugar ABC transporter permease"
"EW025_RS05535"	"g000144"	"LacI family transcriptional regulator"
"EW025_RS05540"	"g012441"	"maltodextrose utilization protein MalA"
"EW025_RS05545"	"g012220"	"sugar ABC transporter permease"
"EW025_RS05550"	"g010998"	"sugar ABC transporter permease"
"EW025_RS05555"	"g010074"	"cyclomaltodextrin glucanotransferase"
"EW025_RS05560"	"g010312"	"alpha-glycosidase"
"EW025_RS05565"	"g009401"	"extracellular solute-binding protein"
"EW025_RS05570"	"g001768"	"hypothetical protein"
"EW025_RS05575"	"g005349"	"alpha/beta hydrolase"
"EW025_RS05580"	"g009425"	"D-alanyl-lipoteichoic acid biosynthesis protein DltD"
"EW025_RS05585"	"g008564"	"D-alanine--poly(phosphoribitol) ligase subunit DltC"
"EW025_RS05590"	"g009413"	"D-alanyl-lipoteichoic acid biosynthesis protein DltB"
"EW025_RS05595"	"g010496"	"D-alanine--poly(phosphoribitol) ligase subunit DltA"
"EW025_RS05600"	"g009250"	"teichoic acid D-Ala incorporation-associated protein DltX"
"EW025_RS05605"	"g000953"	"excinuclease ABC subunit B"
"EW025_RS05610"	"g010057"	"ABC transporter permease subunit"
"EW025_RS05615"	"g000004"	"amino acid ABC transporter ATP-binding protein"
"EW025_RS05620"	"g010806"	"PTS sugar transporter subunit IIC"
"EW025_RS05625"	"g007254"	"DUF3284 domain-containing protein"
"EW025_RS05630"	"g007913"	"PTS lactose/cellobiose transporter subunit IIA"
"EW025_RS05635"	"g000117"	"PTS sugar transporter subunit IIB"
"EW025_RS05640"	"g010131"	"BglG family transcription antiterminator"
"EW025_RS05645"	"g009931"	"DUF871 domain-containing protein"
"EW025_RS05650"	"g010755"	"glycoside hydrolase family 1 protein"
"EW025_RS05655"	"g006085"	"nicotinamide riboside transporter PnuC"
"EW025_RS05660"	"g009221"	"hypothetical protein"
"EW025_RS05665"	"g004127"	"GTPase ObgE"
"EW025_RS05670"	"g004110"	"DUF4044 domain-containing protein"
"EW025_RS05675"	"g014601"	"None"
"EW025_RS05675"	"g014602"	"None"
"EW025_RS05680"	"g012873"	"rRNA pseudouridine synthase"
"EW025_RS05685"	"g007710"	"thioesterase family protein"
"EW025_RS05690"	"g009525"	"MFS transporter"
"EW025_RS05695"	"g010596"	"DUF1846 domain-containing protein"
"EW025_RS05700"	"g007496"	"PaaI family thioesterase"
"EW025_RS05705"	"g014603"	"None"
"EW025_RS05710"	"g010227"	"recombinase family protein"
"EW025_RS05715"	"g004078"	"hypothetical protein"
"EW025_RS05720"	"g003344"	"sigma-70 family RNA polymerase sigma factor"
"EW025_RS05725"	"g004953"	"MATE family efflux transporter"
"EW025_RS05730"	"g004639"	"ABC transporter ATP-binding protein"
"EW025_RS05735"	"g004629"	"ABC transporter ATP-binding protein"
"EW025_RS05745"	"g009543"	"tyrosine-type recombinase/integrase"
"EW025_RS05750"	"g008878"	"excisionase"
"EW025_RS05755"	"g008489"	"hypothetical protein"
"EW025_RS05760"	"g003882"	"helix-turn-helix domain-containing protein"
"EW025_RS05765"	"g003135"	"sigma-70 family RNA polymerase sigma factor"
"EW025_RS05770"	"g014604"	"None"
"EW025_RS05775"	"g003516"	"helix-turn-helix transcriptional regulator"
"EW025_RS05780"	"g014605"	"None"
"EW025_RS05785"	"g002044"	"tetracycline resistance ribosomal protection protein Tet(M)"
"EW025_RS05790"	"g014606"	"None"
"EW025_RS05795"	"g005453"	"conjugal transfer protein"
"EW025_RS05800"	"g005252"	"peptidase P60"
"EW025_RS05805"	"g004501"	"membrane protein"
"EW025_RS05810"	"g005130"	"ATP-binding protein"
"EW025_RS05815"	"g003067"	"conjugal transfer protein"
"EW025_RS05820"	"g003082"	"antirestriction protein ArdA"
"EW025_RS05825"	"g003905"	"hypothetical protein"
"EW025_RS05830"	"g009441"	"ISL3 family transposase"
"EW025_RS05835"	"g009280"	"hypothetical protein"
"EW025_RS05840"	"g005994"	"23S rRNA (adenine(2058)-N(6))-methyltransferase Erm(A)"
"EW025_RS05845"	"g014607"	"None"
"EW025_RS05850"	"g004287"	"XRE family transcriptional regulator"
"EW025_RS05855"	"g009237"	"hypothetical protein"
"EW025_RS05860"	"g004889"	"DNA translocase FtsK"
"EW025_RS05865"	"g003421"	"YdcP family protein"
"EW025_RS05870"	"g003616"	"YdcP family protein"
"EW025_RS05875"	"g014608"	"None"
"EW025_RS05885"	"g013021"	"energy-coupling factor transporter transmembrane protein EcfT"
"EW025_RS05890"	"g006555"	"MptD family putative ECF transporter S component"
"EW025_RS05895"	"g006548"	"TetR/AcrR family transcriptional regulator"
"EW025_RS05900"	"g003508"	"plasmid mobilization relaxosome protein MobC"
"EW025_RS05905"	"g004994"	"relaxase/mobilization nuclease domain-containing protein"
"EW025_RS05910"	"g002717"	"hypothetical protein"
"EW025_RS05915"	"g000456_1"	"hypothetical protein"
"EW025_RS05920"	"g010699"	"ATP-dependent DNA helicase RecG"
"EW025_RS05925"	"g009140"	"AbrB/MazE/SpoVT family DNA-binding domain-containing protein"
"EW025_RS05930"	"g004649"	"DNA topoisomerase III"
"EW025_RS05935"	"g004497"	"DUF4366 domain-containing protein"
"EW025_RS05940"	"g003849"	"hypothetical protein"
"EW025_RS05945"	"g000456_2"	"CHAP domain-containing protein"
"EW025_RS05950"	"g005137"	"DUF87 domain-containing protein"
"EW025_RS05955"	"g003410"	"PrgI family protein"
"EW025_RS05960"	"g003777"	"hypothetical protein"
"EW025_RS05965"	"g005679"	"hypothetical protein"
"EW025_RS05970"	"g008766"	"conjugative transfer protein"
"EW025_RS05975"	"g003630"	"single-stranded DNA-binding protein"
"EW025_RS05985"	"g004615"	"type IV secretory system conjugative DNA transfer family protein"
"EW025_RS05990"	"g003122"	"PcfB family protein"
"EW025_RS05995"	"g005713"	"ATP-binding protein"
"EW025_RS06000"	"g005877"	"replication initiator protein A"
"EW025_RS06005"	"g003726"	"hypothetical protein"
"EW025_RS06010"	"g004065"	"hypothetical protein"
"EW025_RS06015"	"g002093"	"23S rRNA (uracil(1939)-C(5))-methyltransferase RlmD"
"EW025_RS06020"	"g010659"	"LCP family protein"
"EW025_RS06025"	"g007016"	"shikimate kinase"
"EW025_RS06030"	"g009300"	"3-phosphoshikimate 1-carboxyvinyltransferase"
"EW025_RS06035"	"g011658"	"YihY/virulence factor BrkB family protein"
"EW025_RS06040"	"g012221"	"methionyl aminopeptidase"
"EW025_RS06045"	"g009324"	"CBS domain-containing protein"
"EW025_RS06050"	"g006779"	"GNAT family N-acetyltransferase"
"EW025_RS06055"	"g000009_2"	"G-related alpha2-macroglobulin-binding protein GRAB"
"EW025_RS06060"	"g004178"	"UDP-N-acetylglucosamine 1-carboxyvinyltransferase"
"EW025_RS06065"	"g000432"	"methionine adenosyltransferase"
"EW025_RS06070"	"g005149"	"internalin"
"EW025_RS06075"	"g011777"	"bifunctional biotin--[acetyl-CoA-carboxylase] synthetase/biotin operon repressor"
"EW025_RS06080"	"g003745"	"DUF3272 domain-containing protein"
"EW025_RS06085"	"g000960"	"DNA polymerase III subunit gamma/tau"
"EW025_RS06090"	"g003089"	"GAF domain-containing protein"
"EW025_RS06095"	"g012470"	"PrsW family intramembrane metalloprotease"
"EW025_RS06100"	"g003776"	"DUF1294 domain-containing protein"
"EW025_RS06105"	"g000581"	"uridine kinase"
"EW025_RS06110"	"g009958"	"DEAD/DEAH box helicase"
"EW025_RS06115"	"g009348"	"polysaccharide deacetylase family protein"
"EW025_RS06120"	"g010698"	"NADP-dependent glyceraldehyde-3-phosphate dehydrogenase"
"EW025_RS06125"	"g000975"	"phosphoenolpyruvate-protein phosphotransferase PtsI"
"EW025_RS06130"	"g003769"	"phosphocarrier protein HPr"
"EW025_RS06135"	"g008738"	"redoxin NrdH"
"EW025_RS06140"	"g010066"	"class 1b ribonucleoside-diphosphate reductase subunit alpha"
"EW025_RS06145"	"g011678"	"class 1b ribonucleoside-diphosphate reductase subunit beta"
"EW025_RS06150"	"g010982"	"chloride channel protein"
"EW025_RS06170"	"g005927"	"DUF3169 family protein"
"EW025_RS06175"	"g001779"	"helix-turn-helix transcriptional regulator"
"EW025_RS06180"	"g005101"	"alanine--tRNA ligase"
"EW025_RS06185"	"g005188_1"	"peptidylprolyl isomerase PrsA"
"EW025_RS06190"	"g012990"	"O-methyltransferase"
"EW025_RS06195"	"g009621"	"OFA family MFS transporter"
"EW025_RS06200"	"g004609"	"oligoendopeptidase F"
"EW025_RS06205"	"g011668"	"competence protein CoiA"
"EW025_RS06210"	"g012954"	"rRNA pseudouridine synthase"
"EW025_RS06215"	"g013007"	"glucosamine-6-phosphate deaminase"
"EW025_RS06220"	"g005237"	"tRNA preQ1(34) S-adenosylmethionine ribosyltransferase-isomerase QueA"
"EW025_RS06225"	"g009526"	"DUF3114 domain-containing protein"
"EW025_RS06230"	"g006547"	"hypothetical protein"
"EW025_RS06235"	"g001737"	"hypothetical protein"
"EW025_RS06240"	"g008666"	"hypothetical protein"
"EW025_RS06245"	"g000304"	"superoxide dismutase [Mn]"
"EW025_RS06250"	"g002282"	"DNA polymerase III subunit delta"
"EW025_RS06255"	"g010035"	"DNA internalization-related competence protein ComEC/Rec2"
"EW025_RS06260"	"g006237"	"ComEA family DNA-binding protein"
"EW025_RS06265"	"g012425"	"1-acyl-sn-glycerol-3-phosphate acyltransferase"
"EW025_RS06270"	"g012651"	"tRNA1(Val) (adenine(37)-N6)-methyltransferase"
"EW025_RS06275"	"g008293"	"GIY-YIG nuclease family protein"
"EW025_RS06280"	"g010128"	"potassium transporter Kup"
"EW025_RS06285"	"g004715"	"DEAD/DEAH box helicase"
"EW025_RS06290"	"g000991"	"peptide chain release factor 3"
"EW025_RS06300"	"g013050"	"TIGR02206 family membrane protein"
"EW025_RS06305"	"g010782"	"UDP-N-acetylmuramoyl-tripeptide--D-alanyl-D- alanine ligase"
"EW025_RS06310"	"g011306"	"D-alanine--D-alanine ligase"
"EW025_RS06315"	"g002853"	"recombination protein RecR"
"EW025_RS06320"	"g003995"	"hypothetical protein"
"EW025_RS06325"	"g012635"	"formate dehydrogenase"
"EW025_RS06330"	"g006780"	"hypothetical protein"
"EW025_RS06335"	"g006888"	"transcription repressor NadR"
"EW025_RS06340"	"g000556"	"2%2C3-diphosphoglycerate-dependent phosphoglycerate mutase"
"EW025_RS06345"	"g011812"	"dihydroorotate oxidase"
"EW025_RS06350"	"g010195"	"cadmium-translocating P-type ATPase"
"EW025_RS06355"	"g000126_2"	"hypothetical protein"
"EW025_RS06360"	"g005819_1"	"streptodornase Sda3"
"EW025_RS06365"	"g007049"	"hypothetical protein"
"EW025_RS06370"	"g000429_1"	"CHAP domain-containing protein"
"EW025_RS06375"	"g008664"	"phage holin"
"EW025_RS06380"	"g003736"	"hypothetical protein"
"EW025_RS06385"	"g000165_1"	"DUF1366 domain-containing protein"
"EW025_RS06390"	"g000360_1"	"DUF1617 family protein"
"EW025_RS06395"	"g002041"	"hypothetical protein"
"EW025_RS06400"	"g006086"	"hypothetical protein"
"EW025_RS06405"	"g005152"	"hypothetical protein"
"EW025_RS06410"	"g003458"	"DUF5361 domain-containing protein"
"EW025_RS06415"	"g008405"	"hypothetical protein"
"EW025_RS06420"	"g002862"	"tail protein"
"EW025_RS06425"	"g007914"	"hypothetical protein"
"EW025_RS06430"	"g003864"	"hypothetical protein"
"EW025_RS06435"	"g007898"	"hypothetical protein"
"EW025_RS06440"	"g003326"	"hypothetical protein"
"EW025_RS06445"	"g008910"	"hypothetical protein"
"EW025_RS06450"	"g011953"	"hypothetical protein"
"EW025_RS06455"	"g007173"	"DUF4355 domain-containing protein"
"EW025_RS06460"	"g010731"	"terminase"
"EW025_RS06465"	"g000203"	"hypothetical protein"
"EW025_RS06470"	"g008427"	"hypothetical protein"
"EW025_RS06475"	"g008684"	"hypothetical protein"
"EW025_RS06480"	"g010576"	"hypothetical protein"
"EW025_RS06485"	"g009367"	"phage portal protein"
"EW025_RS06490"	"g007771"	"hypothetical protein"
"EW025_RS06495"	"g003533"	"HNH endonuclease"
"EW025_RS06500"	"g003336"	"DUF1492 domain-containing protein"
"EW025_RS06505"	"g001293"	"SAM-dependent DNA methyltransferase"
"EW025_RS06510"	"g000116_2"	"hypothetical protein"
"EW025_RS06515"	"g006927"	"hypothetical protein"
"EW025_RS06520"	"g007443"	"hypothetical protein"
"EW025_RS06525"	"g005837"	"hypothetical protein"
"EW025_RS06530"	"g005478"	"DNA recombination protein RecT"
"EW025_RS06535"	"g003570"	"hypothetical protein"
"EW025_RS06540"	"g008850"	"hypothetical protein"
"EW025_RS06545"	"g004089"	"hypothetical protein"
"EW025_RS06550"	"g003870"	"hypothetical protein"
"EW025_RS06555"	"g003409"	"DnaD domain protein"
"EW025_RS06560"	"g003799"	"hypothetical protein"
"EW025_RS06565"	"g001813"	"hypothetical protein"
"EW025_RS06570"	"g008080"	"hypothetical protein"
"EW025_RS06575"	"g009068"	"helix-turn-helix transcriptional regulator"
"EW025_RS06580"	"g008565"	"hypothetical protein"
"EW025_RS06585"	"g012490"	"TIGR02391 family protein"
"EW025_RS06590"	"g008387"	"hypothetical protein"
"EW025_RS06595"	"g000279"	"oxidoreductase"
"EW025_RS06600"	"g009006"	"hypothetical protein"
"EW025_RS06605"	"g014609"	"None"
"EW025_RS06610"	"g001548_2"	"helix-turn-helix transcriptional regulator"
"EW025_RS06615"	"g007636"	"ImmA/IrrE family metallo-endopeptidase"
"EW025_RS06620"	"g008388"	"DUF4177 domain-containing protein"
"EW025_RS06625"	"g004350"	"site-specific integrase"
"EW025_RS06630"	"g000202"	"DNA-binding protein HU-alpha"
"EW025_RS06635"	"g006553"	"YpmS family protein"
"EW025_RS06640"	"g012222"	"SGNH/GDSL hydrolase family protein"
"EW025_RS06645"	"g012326"	"DegV family protein"
"EW025_RS06650"	"g002354"	"LPXTG cell wall anchor domain-containing protein"
"EW025_RS06655"	"g010360"	"DNA repair protein RecN"
"EW025_RS06660"	"g007131"	"arginine repressor"
"EW025_RS06665"	"g012389"	"TlyA family RNA methyltransferase"
"EW025_RS06670"	"g012152"	"polyprenyl synthetase family protein"
"EW025_RS06675"	"g001750"	"exodeoxyribonuclease VII small subunit"
"EW025_RS06680"	"g010916"	"exodeoxyribonuclease VII large subunit"
"EW025_RS06685"	"g001136"	"bifunctional methylenetetrahydrofolate dehydrogenase/methenyltetrahydrofolate cyclohydrolase FolD"
"EW025_RS06690"	"g010322"	"phospho-sugar mutase"
"EW025_RS06695"	"g010739"	"deoxyribodipyrimidine photo-lyase"
"EW025_RS06700"	"g000004"	"amino acid ABC transporter ATP-binding protein"
"EW025_RS06705"	"g006116"	"amino acid ABC transporter permease"
"EW025_RS06710"	"g008635"	"YkuJ family protein"
"EW025_RS06715"	"g000452"	"ATP-dependent chaperone ClpB"
"EW025_RS06720"	"g003230"	"NUDIX hydrolase"
"EW025_RS06725"	"g008145"	"DUF1827 family protein"
"EW025_RS06730"	"g005083"	"isoleucine--tRNA ligase"
"EW025_RS06735"	"g012742"	"DivIVA domain-containing protein"
"EW025_RS06740"	"g012560"	"RNA-binding protein"
"EW025_RS06745"	"g008468"	"YggT family protein"
"EW025_RS06750"	"g006257"	"cell division protein SepF"
"EW025_RS06755"	"g002685"	"YggS family pyridoxal phosphate-dependent enzyme"
"EW025_RS06760"	"g001950"	"cell division protein FtsZ"
"EW025_RS06765"	"g010850"	"cell division protein FtsA"
"EW025_RS06770"	"g009747"	"cell division protein FtsQ/DivIB"
"EW025_RS06775"	"g009969"	"UDP-N-acetylglucosamine--N-acetylmuramyl- (pentapeptide) pyrophosphoryl-undecaprenol N-acetylglucosamine transferase"
"EW025_RS06780"	"g010866"	"UDP-N-acetylmuramoyl-L-alanine--D-glutamate ligase"
"EW025_RS06785"	"g008488"	"DUF3165 family protein"
"EW025_RS06790"	"g000965"	"ribosome-dependent GTPase TypA"
"EW025_RS06795"	"g007571"	"rhodanese-like domain-containing protein"
"EW025_RS06800"	"g011637"	"ROK family glucokinase"
"EW025_RS06805"	"g008874"	"YqgQ family protein"
"EW025_RS06810"	"g006862"	"DNA starvation/stationary phase protection protein"
"EW025_RS06815"	"g006393"	"prepilin peptidase"
"EW025_RS06820"	"g004428"	"23S rRNA (adenine(2503)-C(2))-methyltransferase RlmN"
"EW025_RS06825"	"g002750"	"YutD family protein"
"EW025_RS06835"	"g011338"	"PDZ domain-containing protein"
"EW025_RS06840"	"g007017"	"pantetheine-phosphate adenylyltransferase"
"EW025_RS06845"	"g006800"	"16S rRNA (guanine(966)-N(2))-methyltransferase RsmD"
"EW025_RS06850"	"g002326"	"aspartate--ammonia ligase"
"EW025_RS06855"	"g011731"	"carbamate kinase"
"EW025_RS06860"	"g010951"	"Sapep family Mn(2+)-dependent dipeptidase"
"EW025_RS06865"	"g010577"	"YfcC family protein"
"EW025_RS06870"	"g000507"	"ornithine carbamoyltransferase"
"EW025_RS06875"	"g003309"	"GNAT family N-acetyltransferase"
"EW025_RS06880"	"g004218"	"arginine deiminase"
"EW025_RS06885"	"g006147"	"Crp/Fnr family transcriptional regulator"
"EW025_RS06890"	"g007114"	"arginine regulator"
"EW025_RS06895"	"g012955"	"B3/4 domain-containing protein"
"EW025_RS06900"	"g004452"	"MmcQ/YjbR family DNA-binding protein"
"EW025_RS06905"	"g004638"	"sensor histidine kinase"
"EW025_RS06910"	"g005985"	"response regulator"
"EW025_RS06915"	"g000705"	"peptide-methionine (R)-S-oxide reductase MsrB"
"EW025_RS06920"	"g006406"	"TlpA family protein disulfide reductase"
"EW025_RS06925"	"g012977"	"thiol-disulfide oxidoreductase-associated membrane protein CcdA2"
"EW025_RS06930"	"g003680"	"CRISPR-associated endonuclease Cas2"
"EW025_RS06935"	"g011385"	"type I-C CRISPR-associated endonuclease Cas1"
"EW025_RS06940"	"g006177"	"CRISPR-associated protein Cas4"
"EW025_RS06945"	"g012277"	"type I-C CRISPR-associated protein Cas7/Csd2"
"EW025_RS06950"	"g010175"	"type I-C CRISPR-associated protein Cas8c/Csd1"
"EW025_RS06955"	"g012897"	"type I-C CRISPR-associated protein Cas5"
"EW025_RS06965"	"g005098"	"valine--tRNA ligase"
"EW025_RS06970"	"g002936"	"AAA family ATPase"
"EW025_RS06975"	"g014610"	"None"
"EW025_RS06985"	"g007523"	"hypothetical protein"
"EW025_RS06990"	"g008469"	"DUF1912 family protein"
"EW025_RS07000"	"g004436"	"3-deoxy-7-phosphoheptulonate synthase"
"EW025_RS07005"	"g009999"	"3-dehydroquinate synthase"
"EW025_RS07010"	"g008120"	"cupin domain-containing protein"
"EW025_RS07015"	"g007895"	"cupin domain-containing protein"
"EW025_RS07020"	"g005928"	"class I SAM-dependent methyltransferase"
"EW025_RS07025"	"g002444"	"shikimate dehydrogenase"
"EW025_RS07030"	"g005061"	"glycoside hydrolase family 2 protein"
"EW025_RS07035"	"g004814"	"response regulator transcription factor"
"EW025_RS07040"	"g010287"	"sensor histidine kinase"
"EW025_RS07045"	"g006477"	"YesL family protein"
"EW025_RS07050"	"g010669"	"extracellular solute-binding protein"
"EW025_RS07055"	"g011870"	"carbohydrate ABC transporter permease"
"EW025_RS07060"	"g011732"	"sugar ABC transporter permease"
"EW025_RS07065"	"g005504"	"ROK family protein"
"EW025_RS07070"	"g002148"	"glycoside hydrolase family 1 protein"
"EW025_RS07075"	"g004656"	"hyaluronidase"
"EW025_RS07080"	"g001066_2"	"GntR family transcriptional regulator"
"EW025_RS07085"	"g010981"	"glycoside hydrolase family 125 protein"
"EW025_RS07090"	"g002244"	"alpha-mannosidase"
"EW025_RS07095"	"g010878"	"sensor histidine kinase"
"EW025_RS07100"	"g010879"	"23S rRNA (uracil(1939)-C(5))-methyltransferase RlmD"
"EW025_RS07105"	"g012652"	"recombination regulator RecX"
"EW025_RS07110"	"g002985"	"DUF402 domain-containing protein"
"EW025_RS07185"	"g006757"	"ribosome-associated translation inhibitor RaiA"
"EW025_RS07190"	"g006224"	"ComF family protein"
"EW025_RS07195"	"g010966"	"DEAD/DEAH box helicase"
"EW025_RS07200"	"g006358"	"YigZ family protein"
"EW025_RS07205"	"g001096"	"cysteine synthase A"
"EW025_RS07210"	"g003443"	"S1 RNA-binding domain-containing protein"
"EW025_RS07215"	"g000616_1"	"peptidyl-prolyl cis-trans isomerase"
"EW025_RS07220"	"g000039"	"response regulator transcription factor"
"EW025_RS07225"	"g011478"	"sensor histidine kinase"
"EW025_RS07230"	"g012825"	"cell wall-active antibiotics response protein"
"EW025_RS07235"	"g010173"	"Stk1 family PASTA domain-containing Ser/Thr kinase"
"EW025_RS07240"	"g012845"	"Stp1/IreP family PP2C-type Ser/Thr phosphatase"
"EW025_RS07245"	"g005006"	"16S rRNA (cytosine(967)-C(5))-methyltransferase RsmB"
"EW025_RS07250"	"g005461"	"methionyl-tRNA formyltransferase"
"EW025_RS07255"	"g005148"	"primosomal protein N'"
"EW025_RS07260"	"g008034"	"DNA-directed RNA polymerase subunit omega"
"EW025_RS07265"	"g002770"	"guanylate kinase"
"EW025_RS07270"	"g004728"	"ribonuclease Y"
"EW025_RS07275"	"g000007"	"LysR family transcriptional regulator"
"EW025_RS07280"	"g000057"	"acetyl-CoA C-acetyltransferase"
"EW025_RS07285"	"g001255"	"CoA transferase subunit A"
"EW025_RS07290"	"g000162"	"CoA transferase subunit B"
"EW025_RS07295"	"g012636"	"3-hydroxybutyrate dehydrogenase"
"EW025_RS07300"	"g010952"	"GntP family permease"
"EW025_RS07305"	"g007060"	"S-ribosylhomocysteine lyase"
"EW025_RS07310"	"g010629"	"hypothetical protein"
"EW025_RS07315"	"g009760"	"class I SAM-dependent RNA methyltransferase"
"EW025_RS07325"	"g007971"	"cell division regulator GpsB"
"EW025_RS07330"	"g006917"	"DUF1273 domain-containing protein"
"EW025_RS07335"	"g006466"	"Holliday junction resolvase RecU"
"EW025_RS07340"	"g010061"	"penicillin-binding protein"
"EW025_RS07345"	"g010923"	"aminopeptidase C"
"EW025_RS07350"	"g001141"	"ammonia-dependent NAD(+) synthetase"
"EW025_RS07355"	"g004824"	"nicotinate phosphoribosyltransferase"
"EW025_RS07360"	"g010807"	"amino acid permease"
"EW025_RS07365"	"g005462"	"thioredoxin-disulfide reductase"
"EW025_RS07370"	"g008686"	"DUF4059 family protein"
"EW025_RS07375"	"g000004"	"amino acid ABC transporter ATP-binding protein"
"EW025_RS07380"	"g012506"	"amino acid ABC transporter permease"
"EW025_RS07385"	"g010905"	"DEAD/DEAH box helicase"
"EW025_RS07390"	"g011446"	"phospho-N-acetylmuramoyl-pentapeptide- transferase"
"EW025_RS07395"	"g010034"	"penicillin-binding protein"
"EW025_RS07400"	"g007993"	"cell division protein FtsL"
"EW025_RS07405"	"g005270"	"16S rRNA (cytosine(1402)-N(4))-methyltransferase RsmH"
"EW025_RS07410"	"g014611"	"None"
"EW025_RS07420"	"g009426"	"glutamate-5-semialdehyde dehydrogenase"
"EW025_RS07425"	"g012411"	"glutamate 5-kinase"
"EW025_RS07430"	"g004706"	"ABC transporter permease"
"EW025_RS07435"	"g012874"	"ABC transporter ATP-binding protein"
"EW025_RS07440"	"g003766"	"bacteriocin immunity protein"
"EW025_RS07445"	"g000088"	"transketolase"
"EW025_RS07450"	"g006301"	"fructose-6-phosphate aldolase"
"EW025_RS07455"	"g004798"	"helix-turn-helix domain-containing protein"
"EW025_RS07460"	"g010900"	"NAD(P)/FAD-dependent oxidoreductase"
"EW025_RS07465"	"g002492"	"aquaporin family protein"
"EW025_RS07470"	"g010205"	"type 1 glycerol-3-phosphate oxidase"
"EW025_RS07475"	"g000997"	"glycerol kinase GlpK"
"EW025_RS07480"	"g007234"	"PepSY domain-containing protein"
"EW025_RS07485"	"g003798"	"DUF896 family protein"
"EW025_RS07490"	"g004530"	"glycine--tRNA ligase subunit beta"
"EW025_RS07495"	"g005526"	"glycine--tRNA ligase subunit alpha"
"EW025_RS07500"	"g008851"	"hypothetical protein"
"EW025_RS07505"	"g006733"	"isoprenylcysteine carboxyl methyltransferase family protein"
"EW025_RS07510"	"g012327"	"aldo/keto reductase"
"EW025_RS07515"	"g009779"	"N-acetylglucosamine-6-phosphate deacetylase"
"EW025_RS07520"	"g010401"	"Na/Pi cotransporter family protein"
"EW025_RS07525"	"g012930"	"hypothetical protein"
"EW025_RS07530"	"g012304"	"DegV family protein"
"EW025_RS07535"	"g006707"	"TetR/AcrR family transcriptional regulator"
"EW025_RS07540"	"g005773_1"	"Cof-type HAD-IIB family hydrolase"
"EW025_RS07545"	"g006478"	"trimeric intracellular cation channel family protein"
"EW025_RS07550"	"g002337"	"tagatose-bisphosphate aldolase"
"EW025_RS07560"	"g000657_1"	"galactose-6-phosphate isomerase subunit LacB"
"EW025_RS07565"	"g000713_2"	"galactose-6-phosphate isomerase subunit LacA"
"EW025_RS07570"	"g010662"	"PTS glucose transporter subunit IIC"
"EW025_RS07575"	"g001662"	"PTS sugar transporter subunit IIB"
"EW025_RS07580"	"g007115"	"PTS sugar transporter subunit IIA"
"EW025_RS07585"	"g005890_1"	"DeoR/GlpR transcriptional regulator"
"EW025_RS07590"	"g001831"	"hypothetical protein"
"EW025_RS07595"	"g000838"	"heavy-metal-associated domain-containing protein"
"EW025_RS07600"	"g004493"	"copper-translocating P-type ATPase"
"EW025_RS07605"	"g000706"	"CopY/TcrY family copper transport repressor"
"EW025_RS07610"	"g005304"	"alpha/beta hydrolase"
"EW025_RS07615"	"g003507"	"30S ribosome-binding factor RbfA"
"EW025_RS07620"	"g000950"	"translation initiation factor IF-2"
"EW025_RS07625"	"g008146"	"YlxQ-related RNA-binding protein"
"EW025_RS07630"	"g008180"	"YlxR family protein"
"EW025_RS07635"	"g009752"	"transcription termination/antitermination protein NusA"
"EW025_RS07640"	"g014612"	"None"
"EW025_RS07645"	"g000126_1"	"hypothetical protein"
"EW025_RS07650"	"g009706"	"streptodornase Sda1"
"EW025_RS07655"	"g000429_2"	"streptodornase Sda1"
"EW025_RS07660"	"g001814"	"hypothetical protein"
"EW025_RS07665"	"g001665"	"hypothetical protein"
"EW025_RS07670"	"g000165_1"	"DUF1366 domain-containing protein"
"EW025_RS07675"	"g009216"	"hypothetical protein"
"EW025_RS07680"	"g000460_1"	"hypothetical protein"
"EW025_RS07685"	"g000575_2"	"hypothetical protein"
"EW025_RS07690"	"g001774_2"	"hypothetical protein"
"EW025_RS07695"	"g000947"	"peptidase"
"EW025_RS07700"	"g012307"	"hypothetical protein"
"EW025_RS07705"	"g011055"	"tape measure protein"
"EW025_RS07710"	"g008611"	"hypothetical protein"
"EW025_RS07715"	"g007215"	"hypothetical protein"
"EW025_RS07720"	"g006515"	"phage major tail protein%2C TP901-1 family"
"EW025_RS07725"	"g007759"	"hypothetical protein"
"EW025_RS07730"	"g007857"	"hypothetical protein"
"EW025_RS07735"	"g008294"	"hypothetical protein"
"EW025_RS07740"	"g007774"	"phage head-tail connector protein"
"EW025_RS07745"	"g012073"	"hypothetical protein"
"EW025_RS07750"	"g006645"	"DUF4355 domain-containing protein"
"EW025_RS07755"	"g000203"	"hypothetical protein"
"EW025_RS07760"	"g009042"	"hypothetical protein"
"EW025_RS07765"	"g010670"	"hypothetical protein"
"EW025_RS07770"	"g010506"	"phage portal protein"
"EW025_RS07775"	"g004156"	"PBSX family phage terminase large subunit"
"EW025_RS07780"	"g007238"	"terminase small subunit"
"EW025_RS07785"	"g007429"	"DUF722 domain-containing protein"
"EW025_RS07790"	"g009007"	"hypothetical protein"
"EW025_RS07795"	"g012265"	"site-specific DNA-methyltransferase"
"EW025_RS07800"	"g000116_3"	"hypothetical protein"
"EW025_RS07805"	"g004937"	"DEAD/DEAH box helicase"
"EW025_RS07810"	"g008310"	"VRR-NUC domain-containing protein"
"EW025_RS07815"	"g011223"	"DNA primase"
"EW025_RS07820"	"g004550"	"DNA polymerase"
"EW025_RS07825"	"g006711"	"DUF2815 family protein"
"EW025_RS07830"	"g007507"	"hypothetical protein"
"EW025_RS07835"	"g009761"	"DUF2800 domain-containing protein"
"EW025_RS07840"	"g008163"	"hypothetical protein"
"EW025_RS07845"	"g008876"	"hypothetical protein"
"EW025_RS07850"	"g007597"	"hypothetical protein"
"EW025_RS07855"	"g008877"	"hypothetical protein"
"EW025_RS07860"	"g001813"	"hypothetical protein"
"EW025_RS07865"	"g008311"	"hypothetical protein"
"EW025_RS07870"	"g008765"	"hypothetical protein"
"EW025_RS07875"	"g003353_1"	"hypothetical protein"
"EW025_RS07880"	"g001548_1"	"helix-turn-helix transcriptional regulator"
"EW025_RS07885"	"g003429"	"hypothetical protein"
"EW025_RS07890"	"g006747"	"hypothetical protein"
"EW025_RS07895"	"g009978"	"site-specific integrase"
"EW025_RS07905"	"g002751"	"tRNA (guanosine(46)-N7)-methyltransferase TrmB"
"EW025_RS07910"	"g012561"	"phosphotransferase family protein"
"EW025_RS07915"	"g011350"	"ABC transporter permease"
"EW025_RS07920"	"g005986"	"ABC transporter ATP-binding protein"
"EW025_RS07925"	"g001519"	"HIT family protein"
"EW025_RS07930"	"g007772"	"hypothetical protein"
"EW025_RS07935"	"g009325"	"LCP family protein"
"EW025_RS07940"	"g006873"	"GNAT family N-acetyltransferase"
"EW025_RS07945"	"g007174"	"tRNA (adenosine(37)-N6)-threonylcarbamoyltransferase complex ATPase subunit type 1 TsaE"
"EW025_RS07950"	"g010645"	"NCS2 family permease"
"EW025_RS07955"	"g012457"	"Cof-type HAD-IIB family hydrolase"
"EW025_RS07960"	"g011541"	"PTS mannose transporter subunit IIAB"
"EW025_RS07965"	"g000273"	"PTS mannose/fructose/sorbose transporter subunit IIC"
"EW025_RS07970"	"g011954"	"PTS mannose/fructose/sorbose transporter family subunit IID"
"EW025_RS07975"	"g007758"	"DUF956 family protein"
"EW025_RS07980"	"g000864"	"serine--tRNA ligase"
"EW025_RS07985"	"g001104"	"acetyl-CoA carboxylase carboxyl transferase subunit alpha"
"EW025_RS07990"	"g012188"	"acetyl-CoA carboxylase carboxyltransferase subunit beta"
"EW025_RS07995"	"g000255"	"acetyl-CoA carboxylase biotin carboxylase subunit"
"EW025_RS08000"	"g003280"	"3-hydroxyacyl-ACP dehydratase FabZ"
"EW025_RS08005"	"g006974"	"acetyl-CoA carboxylase biotin carboxyl carrier protein"
"EW025_RS08010"	"g009497"	"beta-ketoacyl-ACP synthase II"
"EW025_RS08015"	"g012875"	"3-oxoacyl-[acyl-carrier-protein] reductase"
"EW025_RS08020"	"g011800"	"ACP S-malonyltransferase"
"EW025_RS08025"	"g011638"	"enoyl-[acyl-carrier-protein] reductase FabK"
"EW025_RS08030"	"g008687"	"acyl carrier protein"
"EW025_RS08035"	"g011628"	"ketoacyl-ACP synthase III"
"EW025_RS08040"	"g007331"	"MarR family transcriptional regulator"
"EW025_RS08045"	"g012562"	"enoyl-CoA hydratase"
"EW025_RS08050"	"g004354"	"molecular chaperone DnaJ"
"EW025_RS08055"	"g000961"	"molecular chaperone DnaK"
"EW025_RS08060"	"g006621"	"nucleotide exchange factor GrpE"
"EW025_RS08065"	"g011351"	"heat-inducible transcriptional repressor HrcA"
"EW025_RS08070"	"g006643"	"glycoside hydrolase family 73 protein"
"EW025_RS08075"	"g005975"	"D-alanyl-D-alanine carboxypeptidase family protein"
"EW025_RS08080"	"g006064"	"histidine phosphatase family protein"
"EW025_RS08085"	"g003820_2"	"GlsB/YeaQ/YmgE family stress response membrane protein"
"EW025_RS08090"	"g003929"	"hypothetical protein"
"EW025_RS08095"	"g004848"	"Asp-tRNA(Asn)/Glu-tRNA(Gln) amidotransferase subunit GatB"
"EW025_RS08100"	"g004828"	"Asp-tRNA(Asn)/Glu-tRNA(Gln) amidotransferase subunit GatA"
"EW025_RS08105"	"g008147"	"Asp-tRNA(Asn)/Glu-tRNA(Gln) amidotransferase subunit GatC"
"EW025_RS08115"	"g004018"	"hypothetical protein"
"EW025_RS08120"	"g006734"	"cysteine hydrolase"
"EW025_RS08125"	"g012618"	"GTP-sensing pleiotropic transcriptional regulator CodY"
"EW025_RS08130"	"g001918"	"pyridoxal phosphate-dependent aminotransferase"
"EW025_RS08135"	"g001430_1"	"universal stress protein"
"EW025_RS08140"	"g010787"	"Cof-type HAD-IIB family hydrolase"
"EW025_RS08145"	"g005381"	"asparaginase"
"EW025_RS08150"	"g013008"	"ABC transporter permease"
"EW025_RS08155"	"g012004"	"ABC transporter ATP-binding protein"
"EW025_RS08160"	"g004523"	"ATP-dependent DNA helicase RecG"
"EW025_RS08165"	"g000036_2"	"hypothetical protein"
"EW025_RS08170"	"g010773"	"ABC transporter ATP-binding protein"
"EW025_RS08175"	"g006148"	"energy-coupling factor transporter transmembrane protein EcfT"
"EW025_RS08180"	"g006534"	"MptD family putative ECF transporter S component"
"EW025_RS08185"	"g010352"	"ABC transporter ATP-binding protein"
"EW025_RS08190"	"g010256"	"ABC transporter ATP-binding protein/permease"
"EW025_RS08195"	"g000537"	"ABC transporter ATP-binding protein"
"EW025_RS08200"	"g011399"	"iron ABC transporter permease"
"EW025_RS08205"	"g012092"	"heme ABC transporter substrate-binding protein IsdE"
"EW025_RS08210"	"g012138"	"heme-binding protein"
"EW025_RS08215"	"g011066"	"DUF1533 domain-containing protein"
"EW025_RS08220"	"g000462"	"CHAP domain-containing protein"
"EW025_RS08225"	"g004412"	"alanine racemase"
"EW025_RS08230"	"g007773"	"holo-ACP synthase"
"EW025_RS08235"	"g000026"	"preprotein translocase subunit SecA"
"EW025_RS08240"	"g014613"	"None"
"EW025_RS08250"	"g005414"	"mannose-6-phosphate isomerase%2C class I"
"EW025_RS08255"	"g012093"	"ROK family protein"
"EW025_RS08260"	"g002237"	"endo-beta-N-acetylglucosaminidase"
"EW025_RS08265"	"g010183"	"PTS beta-glucoside transporter subunit IIBCA"
"EW025_RS08270"	"g010677"	"glycoside hydrolase family 32 protein"
"EW025_RS08275"	"g011659"	"LacI family transcriptional regulator"
"EW025_RS08280"	"g007235"	"transcription antitermination factor NusB"
"EW025_RS08285"	"g007572"	"Asp23/Gls24 family envelope stress response protein"
"EW025_RS08290"	"g006708"	"elongation factor P"
"EW025_RS08295"	"g001468"	"ComE operon protein 2"
"EW025_RS08300"	"g010000"	"aminopeptidase P family protein"
"EW025_RS08305"	"g001041"	"excinuclease ABC subunit UvrA"
"EW025_RS08310"	"g000126_1"	"hypothetical protein"
"EW025_RS08315"	"g005819_2"	"DNase Mf2"
"EW025_RS08320"	"g000566_2"	"streptococcal pyrogenic exotoxin SpeC"
"EW025_RS08325"	"g000575_2"	"hypothetical protein"
"EW025_RS08330"	"g005871"	"exotoxin"
"EW025_RS08335"	"g009852"	"Fic family protein"
"EW025_RS08340"	"g000429_1"	"CHAP domain-containing protein"
"EW025_RS08345"	"g007216"	"phage holin family protein"
"EW025_RS08350"	"g000165_2"	"hypothetical protein"
"EW025_RS08355"	"g000360_2"	"DUF1617 family protein"
"EW025_RS08360"	"g000460_1"	"hypothetical protein"
"EW025_RS08365"	"g000575_2"	"hypothetical protein"
"EW025_RS08370"	"g001774_2"	"hypothetical protein"
"EW025_RS08375"	"g000947"	"peptidase"
"EW025_RS08380"	"g005876"	"hypothetical protein"
"EW025_RS08385"	"g005058"	"tape measure protein"
"EW025_RS08390"	"g007944"	"hypothetical protein"
"EW025_RS08395"	"g003491"	"hypothetical protein"
"EW025_RS08400"	"g002793"	"phage major tail protein%2C TP901-1 family"
"EW025_RS08405"	"g003411"	"hypothetical protein"
"EW025_RS08410"	"g003469"	"HK97 gp10 family phage protein"
"EW025_RS08415"	"g003637"	"hypothetical protein"
"EW025_RS08420"	"g003517"	"hypothetical protein"
"EW025_RS08425"	"g003837"	"hypothetical protein"
"EW025_RS08430"	"g009970"	"hypothetical protein"
"EW025_RS08435"	"g003437"	"head decoration protein"
"EW025_RS08440"	"g006837"	"DUF4355 domain-containing protein"
"EW025_RS08445"	"g000203"	"hypothetical protein"
"EW025_RS08455"	"g009069"	"hypothetical protein"
"EW025_RS08460"	"g010460"	"phage head morphogenesis protein"
"EW025_RS08465"	"g004793"	"phage portal protein"
"EW025_RS08470"	"g004132"	"PBSX family phage terminase large subunit"
"EW025_RS08475"	"g007062"	"terminase small subunit"
"EW025_RS08480"	"g007319"	"DUF1492 domain-containing protein"
"EW025_RS08485"	"g008853"	"hypothetical protein"
"EW025_RS08490"	"g012969"	"DUF1642 domain-containing protein"
"EW025_RS08495"	"g001293"	"SAM-dependent DNA methyltransferase"
"EW025_RS08500"	"g000116_2"	"hypothetical protein"
"EW025_RS08505"	"g006927"	"hypothetical protein"
"EW025_RS08510"	"g007443"	"hypothetical protein"
"EW025_RS08515"	"g005837"	"hypothetical protein"
"EW025_RS08520"	"g008916"	"hypothetical protein"
"EW025_RS08525"	"g005478"	"DNA recombination protein RecT"
"EW025_RS08530"	"g003570"	"hypothetical protein"
"EW025_RS08535"	"g008850"	"hypothetical protein"
"EW025_RS08540"	"g004089"	"hypothetical protein"
"EW025_RS08545"	"g003870"	"hypothetical protein"
"EW025_RS08550"	"g003409"	"DnaD domain protein"
"EW025_RS08555"	"g003799"	"hypothetical protein"
"EW025_RS08560"	"g001813"	"hypothetical protein"
"EW025_RS08565"	"g008446"	"hypothetical protein"
"EW025_RS08570"	"g008804"	"hypothetical protein"
"EW025_RS08580"	"g003965"	"KTSC domain-containing protein"
"EW025_RS08585"	"g000279"	"oxidoreductase"
"EW025_RS08590"	"g009043"	"helix-turn-helix transcriptional regulator"
"EW025_RS08595"	"g003353_2"	"hypothetical protein"
"EW025_RS08600"	"g000279"	"oxidoreductase"
"EW025_RS08605"	"g008335"	"hypothetical protein"
"EW025_RS08610"	"g008917"	"hypothetical protein"
"EW025_RS08615"	"g008767"	"helix-turn-helix transcriptional regulator"
"EW025_RS08620"	"g008667"	"hypothetical protein"
"EW025_RS08625"	"g012638"	"hypothetical protein"
"EW025_RS08630"	"g001839_2"	"hypothetical protein"
"EW025_RS08635"	"g001143_2"	"helix-turn-helix transcriptional regulator"
"EW025_RS08640"	"g007394"	"hypothetical protein"
"EW025_RS08645"	"g004325"	"site-specific integrase"
"EW025_RS08650"	"g011763"	"magnesium transporter CorA family protein"
"EW025_RS08655"	"g006258"	"DUF1129 domain-containing protein"
"EW025_RS08660"	"g001749"	"30S ribosomal protein S18"
"EW025_RS08665"	"g000102_1"	"single-stranded DNA-binding protein"
"EW025_RS08670"	"g003672"	"30S ribosomal protein S6"
"EW025_RS08675"	"g008204"	"hypothetical protein"
"EW025_RS08680"	"g009853"	"A/G-specific adenine glycosylase"
"EW025_RS08685"	"g001348"	"helix-turn-helix transcriptional regulator"
"EW025_RS08690"	"g000775"	"thioredoxin TrxA"
"EW025_RS08695"	"g006960"	"phosphatase PAP2 family protein"
"EW025_RS08700"	"g011233"	"endonuclease MutS2"
"EW025_RS08705"	"g002980"	"CvpA family protein"
"EW025_RS08710"	"g008103"	"hypothetical protein"
"EW025_RS08715"	"g012005"	"ribonuclease HIII"
"EW025_RS08720"	"g006535"	"signal peptidase I"
"EW025_RS08725"	"g005128"	"ATP-dependent RecD-like DNA helicase"
"EW025_RS08730"	"g003131"	"hypothetical protein"
"EW025_RS08735"	"g009930"	"DNA polymerase IV"
"EW025_RS08740"	"g011237"	"formate C-acetyltransferase"
"EW025_RS08745"	"g011733"	"serine hydrolase"
"EW025_RS08750"	"g012779"	"peptidase"
"EW025_RS08755"	"g012072"	"TSUP family transporter"
"EW025_RS08760"	"g011747"	"aquaporin family protein"
"EW025_RS08765"	"g001430_2"	"universal stress protein"
"EW025_RS08770"	"g011024"	"MFS transporter"
"EW025_RS08775"	"g012940"	"Crp/Fnr family transcriptional regulator"
"EW025_RS08780"	"g010026"	"Xaa-Pro dipeptidyl-peptidase"
"EW025_RS08785"	"g008712"	"helix-turn-helix transcriptional regulator"
"EW025_RS08790"	"g007667"	"helix-turn-helix transcriptional regulator"
"EW025_RS08795"	"g008162"	"YbaB/EbfC family nucleoid-associated protein"
"EW025_RS08800"	"g000199"	"MerR family transcriptional regulator"
"EW025_RS08805"	"g002788"	"3'-5' exonuclease"
"EW025_RS08810"	"g006578"	"DUF536 domain-containing protein"
"EW025_RS08815"	"g004306"	"NAD(P)/FAD-dependent oxidoreductase"
"EW025_RS08820"	"g006198"	"deoxyribose-phosphate aldolase"
"EW025_RS08825"	"g009598"	"NupC/NupG family nucleoside CNT transporter"
"EW025_RS08830"	"g012637"	"uridine phosphorylase"
"EW025_RS08835"	"g012743"	"GntR family transcriptional regulator"
"EW025_RS08840"	"g000383"	"30S ribosomal protein S14"
"EW025_RS08845"	"g005238"	"tRNA (adenosine(37)-N6)-threonylcarbamoyltransferase complex transferase subunit TsaD"
"EW025_RS08850"	"g003318"	"ribosomal-protein-alanine N-acetyltransferase"
"EW025_RS08855"	"g013030"	"tRNA (adenosine(37)-N6)-threonylcarbamoyltransferase complex dimerization subunit type 1 TsaB"
"EW025_RS08860"	"g008636"	"DNA-dependent RNA polymerase auxiliary subunit epsilon family protein"
"EW025_RS08865"	"g004654"	"ribonuclease J"
"EW025_RS08870"	"g004973"	"type I glutamate--ammonia ligase"
"EW025_RS08875"	"g003459"	"MerR family transcriptional regulator"
"EW025_RS08880"	"g006746"	"aromatic acid exporter family protein"
"EW025_RS08885"	"g004268"	"phosphoglycerate kinase"
"EW025_RS08890"	"g005609"	"5'-nucleotidase%2C lipoprotein e(P4) family"
"EW025_RS08895"	"g012058"	"SPFH domain-containing protein"
"EW025_RS08900"	"g004674"	"DAK2 domain-containing protein"
"EW025_RS08905"	"g007711"	"Asp23/Gls24 family envelope stress response protein"
"EW025_RS08910"	"g001846"	"hypothetical protein"
"EW025_RS08915"	"g009828"	"ISAs1-like element IS1548 family transposase"
"EW025_RS08920"	"g004005"	"50S ribosomal protein L28"
"EW025_RS08925"	"g012107"	"fructose-bisphosphate aldolase"
"EW025_RS08935"	"g011871"	"alpha/beta hydrolase"
"EW025_RS08940"	"g000986"	"CTP synthase (glutamine hydrolyzing)"
"EW025_RS08945"	"g006608"	"DNA-directed RNA polymerase subunit delta"
"EW025_RS08950"	"g009326"	"trigger factor"
"EW025_RS08955"	"g012290"	"mechanosensitive ion channel family protein"
"EW025_RS08960"	"g006709"	"TIGR01440 family protein"
"EW025_RS08965"	"g007132"	"membrane protein"
"EW025_RS08970"	"g012712"	"bifunctional hydroxymethylpyrimidine kinase/phosphomethylpyrimidine kinase"
"EW025_RS08975"	"g012795"	"tRNA pseudouridine(38-40) synthase TruA"
"EW025_RS08980"	"g006744"	"sigma-70 family RNA polymerase sigma factor"
"EW025_RS09015"	"g014614"	"None"
"EW025_RS09020"	"g000145"	"murein tripeptide/oligopeptide ABC transporter ATP binding protein OppF"
"EW025_RS09025"	"g000021"	"ABC transporter ATP-binding protein"
"EW025_RS09030"	"g011865"	"ABC transporter permease"
"EW025_RS09035"	"g010545"	"ABC transporter permease"
"EW025_RS09040"	"g010139"	"peptide ABC transporter substrate-binding protein"
"EW025_RS09045"	"g009495"	"D-alanyl-D-alanine carboxypeptidase"
"EW025_RS09050"	"g009674"	"D-alanyl-D-alanine carboxypeptidase"
"EW025_RS09055"	"g004874"	"Fe-S cluster assembly protein SufB"
"EW025_RS09060"	"g007080"	"SUF system NifU family Fe-S cluster assembly protein"
"EW025_RS09065"	"g004208"	"cysteine desulfurase"
"EW025_RS09070"	"g009389"	"Fe-S cluster assembly protein SufD"
"EW025_RS09075"	"g000541"	"Fe-S cluster assembly ATPase SufC"
"EW025_RS09080"	"g009721"	"undecaprenyl/decaprenyl-phosphate alpha-N-acetylglucosaminyl 1-phosphate transferase"
"EW025_RS09085"	"g012725"	"adaptor protein MecA"
"EW025_RS09090"	"g012323"	"undecaprenyl-diphosphate phosphatase"
"EW025_RS09095"	"g010164"	"DUF2207 domain-containing protein"
"EW025_RS09100"	"g010453"	"ABC transporter substrate-binding protein/permease"
"EW025_RS09105"	"g000004"	"amino acid ABC transporter ATP-binding protein"
"EW025_RS09110"	"g014615"	"None"
"EW025_RS09115"	"g000262"	"type I glyceraldehyde-3-phosphate dehydrogenase"
"EW025_RS09120"	"g000457"	"elongation factor G"
"EW025_RS09125"	"g000689"	"30S ribosomal protein S7"
"EW025_RS09130"	"g001530"	"30S ribosomal protein S12"
"EW025_RS09135"	"g011169"	"SEC10/PgrA surface exclusion domain-containing protein"
"EW025_RS09140"	"g012322"	"pur operon repressor"
"EW025_RS09145"	"g011798"	"HD domain-containing protein"
"EW025_RS09150"	"g009353"	"DNA recombination protein RmuC"
"EW025_RS09155"	"g006355"	"thiamine diphosphokinase"
"EW025_RS09160"	"g002709"	"ribulose-phosphate 3-epimerase"
"EW025_RS09165"	"g012150"	"ribosome small subunit-dependent GTPase A"
"EW025_RS09170"	"g005600"	"16S rRNA (adenine(1518)-N(6)/adenine(1519)-N(6))- dimethyltransferase RsmA"
"EW025_RS09175"	"g006639"	"ribonuclease M5"
"EW025_RS09180"	"g005772"	"TatD family hydrolase"
"EW025_RS09185"	"g012369"	"MurR/RpiR family transcriptional regulator"
"EW025_RS09190"	"g011797"	"ROK family protein"
"EW025_RS09195"	"g011934"	"N-acetylneuraminate lyase"
"EW025_RS09200"	"g000569"	"DUF624 domain-containing protein"
"EW025_RS09205"	"g012368"	"carbohydrate ABC transporter permease"
"EW025_RS09210"	"g012070"	"sugar ABC transporter permease"
"EW025_RS09215"	"g010974"	"carbohydrate ABC transporter substrate-binding protein"
"EW025_RS09220"	"g013005"	"N-acetylmannosamine-6-phosphate 2-epimerase"
"EW025_RS09225"	"g001854"	"50S ribosomal protein L34"
"EW025_RS09230"	"g005535"	"protein jag"
"EW025_RS09235"	"g012386"	"membrane protein insertase YidC"
"EW025_RS09240"	"g007756"	"ribonuclease P protein component"
"EW025_RS09245"	"g012844"	"response regulator transcription factor"
"EW025_RS09250"	"g009322"	"sensor histidine kinase"
"EW025_RS09255"	"g010898"	"sensor histidine kinase"
"EW025_RS09260"	"g004838"	"glutamate--tRNA ligase"
"EW025_RS09265"	"g013044"	"TIGR00266 family protein"
"EW025_RS09270"	"g001441"	"carbonic anhydrase"
"EW025_RS09275"	"g004942"	"DNA repair protein RadA"
"EW025_RS09280"	"g003257"	"dUTP diphosphatase"
"EW025_RS09285"	"g005908"	"epoxyqueuosine reductase QueH"
"EW025_RS09290"	"g010238"	"ABC transporter ATP-binding protein"
"EW025_RS09295"	"g010310"	"ABC transporter ATP-binding protein"
"EW025_RS09300"	"g007252"	"MarR family transcriptional regulator"
"EW025_RS09305"	"g011419"	"NAD(P)H-dependent glycerol-3-phosphate dehydrogenase"
"EW025_RS09310"	"g002400"	"UTP--glucose-1-phosphate uridylyltransferase GalU"
"EW025_RS09315"	"g006196"	"rhomboid family intramembrane serine protease"
"EW025_RS09320"	"g014616"	"None"
"EW025_RS09325"	"g009828"	"ISAs1-like element IS1548 family transposase"
"EW025_RS09330"	"g000873"	"YSIRK signal domain/LPXTG anchor domain surface protein"
"EW025_RS09335"	"g002226"	"C5a peptidase ScpA/B"
"EW025_RS09345"	"g005359"	"lysis inhibitor protein"
"EW025_RS09350"	"g000009_3"	"LPXTG cell wall anchor domain-containing protein"
"EW025_RS09355"	"g004729"	"M protein trans-acting positive regulator"
"EW025_RS09360"	"g001805"	"hypothetical protein"
"EW025_RS09365"	"g003813"	"hypothetical protein"
"EW025_RS09370"	"g000462"	"CHAP domain-containing protein"
"EW025_RS09375"	"g010788"	"HAMP domain-containing histidine kinase"
"EW025_RS09380"	"g006265"	"response regulator transcription factor"
"EW025_RS09385"	"g009542"	"FtsX-like permease family protein"
"EW025_RS09390"	"g000554"	"macrolide ABC transporter ATP-binding protein/permease MacB"
"EW025_RS09395"	"g009368"	"efflux RND transporter periplasmic adaptor subunit"
"EW025_RS09400"	"g007476"	"hypothetical protein"
"EW025_RS09405"	"g003671"	"DUF4298 domain-containing protein"
"EW025_RS09410"	"g001755"	"hypothetical protein"
"EW025_RS09415"	"g005188_2"	"peptidylprolyl isomerase PrsA"
"EW025_RS09420"	"g003605"	"hypothetical protein"
"EW025_RS09425"	"g008121"	"streptopain"
"EW025_RS09430"	"g009622"	"cysteine proteinase exotoxin SpeB"
"EW025_RS09440"	"g009279"	"hypothetical protein"
"EW025_RS09450"	"g012442"	"streptodornase B"
"EW025_RS09455"	"g003054"	"phosphatidylglycerophosphatase A"
"EW025_RS09460"	"g009950"	"glycerol dehydrogenase"
"EW025_RS09465"	"g006210"	"fructose-6-phosphate aldolase"
"EW025_RS09470"	"g001573"	"glycyl radical protein"
"EW025_RS09475"	"g011007"	"PTS sugar transporter subunit IIC"
"EW025_RS09480"	"g003636"	"PTS sugar transporter subunit IIB"
"EW025_RS09485"	"g008008"	"PTS lactose/cellobiose transporter subunit IIA"
"EW025_RS09490"	"g011603"	"sugar-binding transcriptional regulator"
"EW025_RS09495"	"g012807"	"DeoR/GlpR transcriptional regulator"
"EW025_RS09500"	"g012667"	"glycyl-radical enzyme activating protein"
"EW025_RS09505"	"g008911"	"hypothetical protein"
"EW025_RS09510"	"g009172"	"preprotein translocase subunit SecE"
"EW025_RS09515"	"g009236"	"50S ribosomal protein L33"
"EW025_RS09520"	"g011234"	"penicillin-binding protein"
"EW025_RS09525"	"g007634"	"RidA family protein"
"EW025_RS09530"	"g009005"	"hypothetical protein"
"EW025_RS09535"	"g012427"	"RluA family pseudouridine synthase"
"EW025_RS09540"	"g010293"	"hypothetical protein"
"EW025_RS09545"	"g010555"	"C69 family dipeptidase"
"EW025_RS09550"	"g004060"	"hypothetical protein"
"EW025_RS09560"	"g000983"	"chaperonin GroEL"
"EW025_RS09565"	"g008218"	"co-chaperone GroES"
"EW025_RS09570"	"g011207"	"ATP-dependent Clp protease ATP-binding subunit"
"EW025_RS09575"	"g007175"	"CtsR family transcriptional regulator"
"EW025_RS09580"	"g000014_1"	"transcription antiterminator/RNA stability regulator CspE"
"EW025_RS09590"	"g001363"	"alkyl hydroperoxide reductase subunit C"
"EW025_RS09595"	"g000993"	"alkyl hydroperoxide reductase subunit F"
"EW025_RS09600"	"g009314"	"imidazolonepropionase"
"EW025_RS09605"	"g010115"	"urocanate hydratase"
"EW025_RS09610"	"g012018"	"glutamate formimidoyltransferase"
"EW025_RS09615"	"g006391"	"sugar ABC transporter substrate-binding protein"
"EW025_RS09620"	"g000979_2"	"formate--tetrahydrofolate ligase"
"EW025_RS09625"	"g001333"	"HutD family protein"
"EW025_RS09630"	"g010906"	"APC family permease"
"EW025_RS09635"	"g010491"	"histidine ammonia-lyase"
"EW025_RS09640"	"g011570"	"formimidoylglutamase"
"EW025_RS09645"	"g011120"	"AAA family ATPase"
"EW025_RS09650"	"g001163"	"30S ribosomal protein S2"
"EW025_RS09655"	"g011330"	"elongation factor Ts"
"EW025_RS09660"	"g010176"	"endopeptidase"
"EW025_RS09665"	"g000246"	"alpha%2Calpha-phosphotrehalase"
"EW025_RS09670"	"g010118"	"PTS system trehalose-specific EIIBC component"
"EW025_RS09675"	"g012967"	"trehalose operon repressor"
"EW025_RS09680"	"g001858"	"hypothetical protein"
"EW025_RS09685"	"g014617"	"None"
"EW025_RS09690"	"g002459"	"VOC family protein"
"EW025_RS09695"	"g002599"	"peroxide stress protein YaaA"
"EW025_RS09700"	"g006444"	"anaerobic ribonucleoside-triphosphate reductase activating protein"
"EW025_RS09705"	"g006938"	"GNAT family N-acetyltransferase"
"EW025_RS09710"	"g011813"	"Gfo/Idh/MocA family oxidoreductase"
"EW025_RS09715"	"g000942"	"anaerobic ribonucleoside-triphosphate reductase"
"EW025_RS09720"	"g010468"	"membrane protein"
"EW025_RS09725"	"g008122"	"DUF1292 domain-containing protein"
"EW025_RS09730"	"g003310"	"Holliday junction resolvase RuvX"
"EW025_RS09735"	"g003755"	"IreB family regulatory phosphoprotein"
"EW025_RS09740"	"g007506"	"transcriptional regulator Spx"
"EW025_RS09745"	"g000913"	"recombinase RecA"
"EW025_RS09750"	"g009355"	"competence/damage-inducible protein A"
"EW025_RS09755"	"g006689"	"DNA-3-methyladenine glycosylase I"
"EW025_RS09760"	"g002854"	"Holliday junction branch migration protein RuvA"
"EW025_RS09765"	"g009527"	"MFS transporter"
"EW025_RS09770"	"g010136"	"DNA mismatch repair endonuclease MutL"
"EW025_RS09775"	"g011180"	"DNA mismatch repair protein MutS"
"EW025_RS09780"	"g008852"	"hypothetical protein"
"EW025_RS09785"	"g007318"	"arginine repressor"
"EW025_RS09790"	"g010326"	"arginine--tRNA ligase"
"EW025_RS09795"	"g008104"	"bacteriocin immunity protein"
"EW025_RS09800"	"g012153"	"YitT family protein"
"EW025_RS09805"	"g012122"	"YitT family protein"
"EW025_RS09810"	"g011778"	"YitT family protein"
"EW025_RS09815"	"g000971"	"aspartate--tRNA ligase"
"EW025_RS09820"	"g009330"	"histidine--tRNA ligase"
"EW025_RS09825"	"g009109"	"50S ribosomal protein L32"
"EW025_RS09830"	"g000416"	"50S ribosomal protein L33"
"EW025_RS09840"	"g006392"	"CadD family cadmium resistance transporter"
"EW025_RS09845"	"g007897"	"Cd(II)/Zn(II)-sensing metalloregulatory transcriptional regulator CadX"
"EW025_RS09850"	"g002151"	"helix-turn-helix transcriptional regulator"
"EW025_RS09855"	"g004413"	"DNA translocase FtsK"
"EW025_RS09860"	"g002837"	"hypothetical protein"
"EW025_RS09865"	"g014618"	"None"
"EW025_RS09870"	"g005736"	"DUF368 domain-containing protein"
"EW025_RS09875"	"g002757"	"CoA pyrophosphatase"
"EW025_RS09880"	"g007972"	"PadR family transcriptional regulator"
"EW025_RS09885"	"g006554"	"DUF1700 domain-containing protein"
"EW025_RS09890"	"g001999"	"DUF4097 domain-containing protein"
"EW025_RS09895"	"g004482"	"YhgE/Pip domain-containing protein"
"EW025_RS09900"	"g006836"	"TetR/AcrR family transcriptional regulator"
"EW025_RS09905"	"g002822"	"30S ribosomal protein S4"
"EW025_RS09910"	"g014619"	"None"
"EW025_RS09915"	"g009828"	"ISAs1-like element IS1548 family transposase"
"EW025_RS09920"	"g008334"	"hypothetical protein"
"EW025_RS09925"	"g004892"	"replicative DNA helicase"
"EW025_RS09930"	"g007236"	"50S ribosomal protein L9"
"EW025_RS09935"	"g010141"	"DHH family phosphoesterase"
"EW025_RS09940"	"g000964"	"tRNA uridine-5-carboxymethylaminomethyl(34) synthesis enzyme MnmG"
"EW025_RS09945"	"g003606"	"phosphohydrolase"
"EW025_RS09950"	"g000923"	"tRNA 2-thiouridine(34) synthase MnmA"
"EW025_RS09955"	"g002667"	"L-serine ammonia-lyase%2C iron-sulfur-dependent%2C subunit beta"
"EW025_RS09960"	"g005583"	"L-serine ammonia-lyase%2C iron-sulfur-dependent%2C subunit alpha"
"EW025_RS09965"	"g001313"	"lytic transglycosylase IsaA"
"EW025_RS09970"	"g012522"	"energy-coupling factor transporter transmembrane protein EcfT"
"EW025_RS09975"	"g012306"	"energy-coupling factor transporter ATPase"
"EW025_RS09980"	"g012059"	"energy-coupling factor transporter ATPase"
"EW025_RS09985"	"g006782"	"CDP-diacylglycerol--glycerol-3-phosphate 3-phosphatidyltransferase"
"EW025_RS09990"	"g011386"	"helix-turn-helix domain-containing protein"
"EW025_RS09995"	"g009306"	"insulinase family protein"
"EW025_RS10000"	"g009452"	"insulinase family protein"
"EW025_RS10005"	"g009403"	"hyaluronan synthase HasA"
"EW025_RS10010"	"g000428"	"UDP-glucose 6-dehydrogenase"
"EW025_RS10015"	"g002400"	"UTP--glucose-1-phosphate uridylyltransferase GalU"
"EW025_RS10020"	"g000719"	"S4 domain-containing protein YaaA"
"EW025_RS10025"	"g009901"	"DNA replication/repair protein RecF"
"EW025_RS10030"	"g012205"	"EamA family transporter"
"EW025_RS10035"	"g001003"	"IMP dehydrogenase"
"EW025_RS10040"	"g002297"	"tryptophan--tRNA ligase"
"EW025_RS10045"	"g012154"	"YitT family protein"
"EW025_RS10050"	"g004716"	"ATP-binding cassette domain-containing protein"
"EW025_RS10055"	"g011177"	"YfhO family protein"
"EW025_RS10085"	"g007082"	"23S rRNA (pseudouridine(1915)-N(3))-methyltransferase RlmH"
"EW025_RS10090"	"g009517"	"PDZ domain-containing protein"
"EW025_RS10095"	"g012489"	"ParB/RepB/Spo0J family partition protein"
"EW023_RS00005"	"g010876"	"chromosomal replication initiator protein DnaA"
"EW023_RS00010"	"g009819"	"DNA polymerase III subunit beta"
"EW023_RS00015"	"g008944"	"DUF951 family protein"
"EW023_RS00020"	"g000450"	"redox-regulated ATPase YchF"
"EW023_RS00025"	"g006638"	"aminoacyl-tRNA hydrolase"
"EW023_RS00030"	"g011081"	"transcription-repair coupling factor"
"EW023_RS00035"	"g003744"	"RNA-binding S4 domain-containing protein"
"EW023_RS00040"	"g007687"	"septum formation initiator family protein"
"EW023_RS00045"	"g009310"	"serine hydrolase"
"EW023_RS00050"	"g009311"	"tRNA lysidine(34) synthetase TilS"
"EW023_RS00055"	"g002984"	"hypoxanthine phosphoribosyltransferase"
"EW023_RS00060"	"g000951"	"ATP-dependent zinc metalloprotease FtsH"
"EW023_RS00065"	"g010780"	"amino acid permease"
"EW023_RS00240"	"g014620"	"None"
"EW023_RS00245"	"g014621"	"None"
"EW023_RS00250"	"g009619"	"CHAP domain-containing protein"
"EW023_RS00255"	"g000509"	"ribose-phosphate diphosphokinase"
"EW023_RS00260"	"g012758"	"DNA repair protein RecO"
"EW023_RS00265"	"g005285"	"phosphate acyltransferase PlsX"
"EW023_RS00270"	"g001748"	"acyl carrier protein"
"EW023_RS00275"	"g002595"	"phosphoribosylaminoimidazolesuccinocarboxamide synthase"
"EW023_RS00280"	"g005055"	"phosphoribosylformylglycinamidine synthase"
"EW023_RS00285"	"g004815"	"amidophosphoribosyltransferase"
"EW023_RS00290"	"g000505"	"phosphoribosylformylglycinamidine cyclo-ligase"
"EW023_RS00295"	"g006730"	"phosphoribosylglycinamide formyltransferase"
"EW023_RS00300"	"g002105"	"bifunctional phosphoribosylaminoimidazolecarboxamide formyltransferase/IMP cyclohydrolase"
"EW023_RS00305"	"g009854"	"CHAP domain-containing protein"
"EW023_RS00310"	"g001887"	"phosphoribosylamine--glycine ligase"
"EW023_RS00315"	"g000662"	"5-(carboxyamino)imidazole ribonucleotide mutase"
"EW023_RS00320"	"g000916"	"5-(carboxyamino)imidazole ribonucleotide synthase"
"EW023_RS00325"	"g010720"	"hypothetical protein"
"EW023_RS00330"	"g004124"	"adenylosuccinate lyase"
"EW023_RS00335"	"g011950"	"helix-turn-helix transcriptional regulator"
"EW023_RS00340"	"g001085"	"Holliday junction branch migration DNA helicase RuvB"
"EW023_RS00345"	"g007316"	"low molecular weight phosphotyrosine protein phosphatase"
"EW023_RS00350"	"g007494"	"membrane protein"
"EW023_RS00355"	"g010246"	"acetyltransferase"
"EW023_RS00360"	"g005099"	"bifunctional acetaldehyde-CoA/alcohol dehydrogenase"
"EW023_RS00365"	"g001078"	"alcohol dehydrogenase AdhP"
"EW023_RS00370"	"g009299"	"MATE family efflux transporter"
"EW023_RS00375"	"g001655"	"30S ribosomal protein S10"
"EW023_RS00380"	"g001250"	"50S ribosomal protein L3"
"EW023_RS00385"	"g002792"	"50S ribosomal protein L4"
"EW023_RS00390"	"g003670"	"50S ribosomal protein L23"
"EW023_RS00395"	"g002480"	"50S ribosomal protein L2"
"EW023_RS00400"	"g001697"	"30S ribosomal protein S19"
"EW023_RS00405"	"g000755"	"50S ribosomal protein L22"
"EW023_RS00410"	"g001268"	"30S ribosomal protein S3"
"EW023_RS00415"	"g000710"	"50S ribosomal protein L16"
"EW023_RS00420"	"g000833"	"50S ribosomal protein L29"
"EW023_RS00425"	"g000817"	"30S ribosomal protein S17"
"EW023_RS00430"	"g001586"	"50S ribosomal protein L14"
"EW023_RS00435"	"g000784"	"50S ribosomal protein L24"
"EW023_RS00440"	"g001397"	"50S ribosomal protein L5"
"EW023_RS00445"	"g000383"	"30S ribosomal protein S14"
"EW023_RS00450"	"g001557"	"30S ribosomal protein S8"
"EW023_RS00455"	"g002997"	"50S ribosomal protein L6"
"EW023_RS00460"	"g001600"	"50S ribosomal protein L18"
"EW023_RS00465"	"g000665"	"30S ribosomal protein S5"
"EW023_RS00470"	"g000852"	"50S ribosomal protein L30"
"EW023_RS00475"	"g000703"	"50S ribosomal protein L15"
"EW023_RS00480"	"g011005"	"preprotein translocase subunit SecY"
"EW023_RS00485"	"g002744"	"adenylate kinase"
"EW023_RS00490"	"g001776"	"translation initiation factor IF-1"
"EW023_RS00495"	"g014622"	"None"
"EW023_RS00500"	"g000745"	"30S ribosomal protein S13"
"EW023_RS00505"	"g000732"	"30S ribosomal protein S11"
"EW023_RS00510"	"g005441"	"DNA-directed RNA polymerase subunit alpha"
"EW023_RS00515"	"g003419"	"50S ribosomal protein L17"
"EW023_RS00600"	"g009065"	"hypothetical protein"
"EW023_RS00605"	"g014623"	"None"
"EW023_RS00610"	"g008100"	"4-diphosphocytidyl-2C-methyl-D-erythritol kinase"
"EW023_RS00615"	"g003942"	"4-diphosphocytidyl-2C-methyl-D-erythritol kinase"
"EW023_RS00620"	"g007284"	"MarR family transcriptional regulator"
"EW023_RS00625"	"g012939"	"metal ABC transporter ATP-binding protein"
"EW023_RS00630"	"g012439"	"iron chelate uptake ABC transporter family permease subunit"
"EW023_RS00640"	"g000226"	"tyrosine--tRNA ligase"
"EW023_RS00645"	"g011240"	"penicillin-binding protein"
"EW023_RS00650"	"g002223"	"DNA-directed RNA polymerase subunit beta"
"EW023_RS00655"	"g001032"	"DNA-directed RNA polymerase subunit beta'"
"EW023_RS00660"	"g007708"	"DUF1033 family protein"
"EW023_RS00665"	"g011796"	"competence protein CglA"
"EW023_RS00670"	"g011567"	"type II secretion system F family protein"
"EW023_RS00675"	"g007967"	"prepilin-type N-terminal cleavage/methylation domain-containing protein"
"EW023_RS00680"	"g007363"	"competence protein"
"EW023_RS00685"	"g003862"	"competence protein ComG"
"EW023_RS00690"	"g003292"	"competence protein ComG"
"EW023_RS00695"	"g007968"	"hypothetical protein"
"EW023_RS00700"	"g011710"	"class I SAM-dependent methyltransferase"
"EW023_RS00705"	"g001921"	"acetate kinase"
"EW023_RS00710"	"g003635"	"hypothetical protein"
"EW023_RS00715"	"g012683"	"pyrroline-5-carboxylate reductase"
"EW023_RS00720"	"g011243"	"glutamyl aminopeptidase"
"EW023_RS00725"	"g009208"	"hypothetical protein"
"EW023_RS00730"	"g008253"	"DUF4651 domain-containing protein"
"EW023_RS00735"	"g008032"	"thioredoxin family protein"
"EW023_RS00740"	"g006388"	"DUF4479 and tRNA-binding domain-containing protein"
"EW023_RS00745"	"g000102_2"	"single-stranded DNA-binding protein"
"EW023_RS00750"	"g006314"	"deoxynucleoside kinase"
"EW023_RS00755"	"g011616"	"tRNA dihydrouridine synthase DusB"
"EW023_RS00760"	"g012149"	"Hsp33 family molecular chaperone HslO"
"EW023_RS00765"	"g010574"	"hypothetical protein"
"EW023_RS00770"	"g004062"	"hypothetical protein"
"EW023_RS00775"	"g000236"	"fibronectin-binding protein SfbI"
"EW023_RS00780"	"g005722"	"class C sortase"
"EW023_RS00785"	"g000236"	"fibronectin-binding protein SfbI"
"EW023_RS00790"	"g006889"	"signal peptidase I"
"EW023_RS00795"	"g005220"	"QVPTGV class sortase B protein-sorting domain-containing protein"
"EW023_RS00800"	"g012914"	"class B sortase"
"EW023_RS00805"	"g006646"	"fimbrial protein"
"EW023_RS00810"	"g009589"	"YSIRK-targeted surface antigen transcriptional regulator"
"EW023_RS00815"	"g005062"	"Cna B-type domain-containing protein"
"EW023_RS00820"	"g001246"	"hypothetical protein"
"EW023_RS00825"	"g010817"	"short-chain fatty acid transporter"
"EW023_RS00830"	"g011951"	"LysR family transcriptional regulator"
"EW023_RS00835"	"g000057"	"acetyl-CoA C-acetyltransferase"
"EW023_RS00840"	"g001255"	"CoA transferase subunit A"
"EW023_RS00845"	"g000162"	"CoA transferase subunit B"
"EW023_RS00850"	"g006145"	"transcriptional regulator"
"EW023_RS00855"	"g007709"	"RidA family protein"
"EW023_RS00860"	"g005259"	"PTS fructose transporter subunit IIC"
"EW023_RS00865"	"g008006"	"hypothetical protein"
"EW023_RS00870"	"g010119"	"V-type ATP synthase subunit I"
"EW023_RS00875"	"g007079"	"V-type ATP synthase subunit K"
"EW023_RS00880"	"g006565"	"V-type ATP synthase subunit E"
"EW023_RS00885"	"g011508"	"V-type ATP synthase subunit C"
"EW023_RS00890"	"g008007"	"V-type ATP synthase subunit F"
"EW023_RS00895"	"g010247"	"V-type ATP synthase alpha chain"
"EW023_RS00900"	"g010729"	"V-type ATP synthase subunit B"
"EW023_RS00905"	"g006389"	"V-type ATP synthase subunit D"
"EW023_RS00910"	"g009388"	"toxic anion resistance protein"
"EW023_RS00915"	"g012121"	"hypothetical protein"
"EW023_RS00920"	"g004125"	"adenylosuccinate synthase"
"EW023_RS00925"	"g005195_2"	"BMP family ABC transporter substrate-binding protein"
"EW023_RS00930"	"g002975"	"transcription termination/antitermination protein NusG"
"EW023_RS00935"	"g010877"	"nicotine adenine dinucleotide glycohydrolase"
"EW023_RS00940"	"g001451"	"NAD glycohydrolase inhibitor"
"EW023_RS00945"	"g010303"	"cholesterol-dependent cytolysin streptolysin O"
"EW023_RS00950"	"g001506"	"hypothetical protein"
"EW023_RS00955"	"g000824_1"	"hypothetical protein"
"EW023_RS00960"	"g000824_2"	"hypothetical protein"
"EW023_RS00965"	"g001667"	"hypothetical protein"
"EW023_RS00970"	"g009812"	"PLP-dependent transferase"
"EW023_RS00975"	"g005121"	"leucine--tRNA ligase"
"EW023_RS00980"	"g010697"	"PTS sugar transporter subunit IIC"
"EW023_RS00985"	"g008290"	"PTS sugar transporter subunit IIB"
"EW023_RS00990"	"g003121"	"PTS ascorbate transporter subunit IIA"
"EW023_RS00995"	"g006236"	"3-keto-L-gulonate-6-phosphate decarboxylase UlaD"
"EW023_RS01000"	"g000061"	"L-ribulose-5-phosphate 3-epimerase"
"EW023_RS01005"	"g000015"	"L-ribulose-5-phosphate 4-epimerase"
"EW023_RS01010"	"g001847"	"hypothetical protein"
"EW023_RS01015"	"g010385"	"transcription antiterminator"
"EW023_RS01020"	"g001996"	"L-ascorbate 6-phosphate lactonase"
"EW023_RS01025"	"g009620"	"glycine betaine/L-proline ABC transporter ATP-binding protein"
"EW023_RS01030"	"g010288"	"ABC transporter permease subunit"
"EW023_RS01035"	"g011164"	"DNA polymerase I"
"EW023_RS01040"	"g003229"	"CoA-binding protein"
"EW023_RS01045"	"g007144"	"peroxide-responsive transcriptional repressor PerR"
"EW023_RS01050"	"g003665"	"hypothetical protein"
"EW023_RS01055"	"g010940"	"phosphoadenosine phosphosulfate reductase"
"EW023_RS01060"	"g006846"	"ParB-like nuclease domain-containing protein"
"EW023_RS01065"	"g008829"	"hypothetical protein"
"EW023_RS01080"	"g010991"	"C4-dicarboxylate ABC transporter"
"EW023_RS01085"	"g012151"	"carboxylating nicotinate-nucleotide diphosphorylase"
"EW023_RS01090"	"g014624"	"None"
"EW023_RS01090"	"g014625"	"None"
"EW023_RS01095"	"g012203"	"DUF975 family protein"
"EW023_RS01100"	"g009066"	"hypothetical protein"
"EW023_RS01105"	"g000912"	"tRNA guanosine(34) transglycosylase Tgt"
"EW023_RS01110"	"g003628"	"hypothetical protein"
"EW023_RS01115"	"g002992"	"biotin transporter BioY"
"EW023_RS01120"	"g012633"	"MBL fold metallo-hydrolase"
"EW023_RS01125"	"g006916"	"nucleoside deaminase"
"EW023_RS01130"	"g009494"	"hypothetical protein"
"EW023_RS01140"	"g007652"	"hypothetical protein"
"EW023_RS01145"	"g007927"	"LytTR family transcriptional regulator"
"EW023_RS01150"	"g012863"	"response regulator transcription factor"
"EW023_RS01155"	"g010907"	"GHKL domain-containing protein"
"EW023_RS01165"	"g000354"	"peptide cleavage/export ABC transporter"
"EW023_RS01170"	"g010854"	"bacteriocin secretion accessory protein"
"EW023_RS01175"	"g009179"	"ComC/BlpC family leader-containing pheromone/bacteriocin"
"EW023_RS01180"	"g009200"	"class IIb bacteriocin%2C lactobin A/cerein 7B family"
"EW023_RS01185"	"g009217"	"hypothetical protein"
"EW023_RS01190"	"g004968"	"glucose-6-phosphate isomerase"
"EW023_RS01195"	"g010534"	"hypothetical protein"
"EW023_RS01200"	"g006196"	"rhomboid family intramembrane serine protease"
"EW023_RS01205"	"g002400"	"UTP--glucose-1-phosphate uridylyltransferase GalU"
"EW023_RS01210"	"g011419"	"NAD(P)H-dependent glycerol-3-phosphate dehydrogenase"
"EW023_RS01215"	"g007252"	"MarR family transcriptional regulator"
"EW023_RS01220"	"g010310"	"ABC transporter ATP-binding protein"
"EW023_RS01225"	"g010238"	"ABC transporter ATP-binding protein"
"EW023_RS01230"	"g005908"	"epoxyqueuosine reductase QueH"
"EW023_RS01235"	"g003257"	"dUTP diphosphatase"
"EW023_RS01240"	"g004942"	"DNA repair protein RadA"
"EW023_RS01245"	"g001441"	"carbonic anhydrase"
"EW023_RS01250"	"g013044"	"TIGR00266 family protein"
"EW023_RS01255"	"g004838"	"glutamate--tRNA ligase"
"EW023_RS01260"	"g010898"	"sensor histidine kinase"
"EW023_RS01265"	"g009322"	"sensor histidine kinase"
"EW023_RS01270"	"g012844"	"response regulator transcription factor"
"EW023_RS01275"	"g007756"	"ribonuclease P protein component"
"EW023_RS01280"	"g012386"	"membrane protein insertase YidC"
"EW023_RS01285"	"g005535"	"protein jag"
"EW023_RS01290"	"g001854"	"50S ribosomal protein L34"
"EW023_RS01295"	"g013005"	"N-acetylmannosamine-6-phosphate 2-epimerase"
"EW023_RS01300"	"g010974"	"carbohydrate ABC transporter substrate-binding protein"
"EW023_RS01305"	"g012070"	"sugar ABC transporter permease"
"EW023_RS01310"	"g012368"	"carbohydrate ABC transporter permease"
"EW023_RS01315"	"g000569"	"DUF624 domain-containing protein"
"EW023_RS01320"	"g011934"	"N-acetylneuraminate lyase"
"EW023_RS01325"	"g011797"	"ROK family protein"
"EW023_RS01330"	"g012369"	"MurR/RpiR family transcriptional regulator"
"EW023_RS01335"	"g005772"	"TatD family hydrolase"
"EW023_RS01340"	"g006639"	"ribonuclease M5"
"EW023_RS01345"	"g005600"	"16S rRNA (adenine(1518)-N(6)/adenine(1519)-N(6))- dimethyltransferase RsmA"
"EW023_RS01350"	"g012150"	"ribosome small subunit-dependent GTPase A"
"EW023_RS01355"	"g002709"	"ribulose-phosphate 3-epimerase"
"EW023_RS01360"	"g006355"	"thiamine diphosphokinase"
"EW023_RS01365"	"g009353"	"DNA recombination protein RmuC"
"EW023_RS01370"	"g011798"	"HD domain-containing protein"
"EW023_RS01375"	"g012322"	"pur operon repressor"
"EW023_RS01380"	"g011169"	"SEC10/PgrA surface exclusion domain-containing protein"
"EW023_RS01385"	"g001530"	"30S ribosomal protein S12"
"EW023_RS01390"	"g000689"	"30S ribosomal protein S7"
"EW023_RS01395"	"g000457"	"elongation factor G"
"EW023_RS01400"	"g000262"	"type I glyceraldehyde-3-phosphate dehydrogenase"
"EW023_RS01405"	"g014626"	"None"
"EW023_RS01410"	"g000004"	"amino acid ABC transporter ATP-binding protein"
"EW023_RS01415"	"g010453"	"ABC transporter substrate-binding protein/permease"
"EW023_RS01420"	"g010164"	"DUF2207 domain-containing protein"
"EW023_RS01425"	"g012323"	"undecaprenyl-diphosphate phosphatase"
"EW023_RS01430"	"g012725"	"adaptor protein MecA"
"EW023_RS01435"	"g009721"	"undecaprenyl/decaprenyl-phosphate alpha-N-acetylglucosaminyl 1-phosphate transferase"
"EW023_RS01440"	"g000541"	"Fe-S cluster assembly ATPase SufC"
"EW023_RS01445"	"g009389"	"Fe-S cluster assembly protein SufD"
"EW023_RS01450"	"g004208"	"cysteine desulfurase"
"EW023_RS01455"	"g007080"	"SUF system NifU family Fe-S cluster assembly protein"
"EW023_RS01460"	"g004874"	"Fe-S cluster assembly protein SufB"
"EW023_RS01465"	"g009674"	"D-alanyl-D-alanine carboxypeptidase"
"EW023_RS01470"	"g009495"	"D-alanyl-D-alanine carboxypeptidase"
"EW023_RS01475"	"g010139"	"peptide ABC transporter substrate-binding protein"
"EW023_RS01480"	"g010545"	"ABC transporter permease"
"EW023_RS01485"	"g011865"	"ABC transporter permease"
"EW023_RS01490"	"g000021"	"ABC transporter ATP-binding protein"
"EW023_RS01495"	"g000145"	"murein tripeptide/oligopeptide ABC transporter ATP binding protein OppF"
"EW023_RS01500"	"g014627"	"None"
"EW023_RS01505"	"g008566"	"hypothetical protein"
"EW023_RS01540"	"g006744"	"sigma-70 family RNA polymerase sigma factor"
"EW023_RS01545"	"g006566"	"YqeG family HAD IIIA-type phosphatase"
"EW023_RS01550"	"g004388"	"ribosome biogenesis GTPase YqeH"
"EW023_RS01555"	"g008101"	"ribosome assembly RNA-binding protein YhbY"
"EW023_RS01560"	"g006356"	"nicotinate-nucleotide adenylyltransferase"
"EW023_RS01565"	"g002860"	"HD domain-containing protein"
"EW023_RS01570"	"g001582"	"ribosome silencing factor"
"EW023_RS01575"	"g005852"	"class I SAM-dependent methyltransferase"
"EW023_RS01580"	"g009900"	"nucleotidyltransferase"
"EW023_RS01585"	"g009260"	"hypothetical protein"
"EW023_RS01590"	"g002614"	"YebC/PmpR family DNA-binding transcriptional regulator"
"EW023_RS01595"	"g012302"	"amino acid ABC transporter substrate-binding protein"
"EW023_RS01600"	"g012289"	"MetQ/NlpA family ABC transporter substrate-binding protein"
"EW023_RS01605"	"g000038"	"methionine ABC transporter ATP-binding protein"
"EW023_RS01610"	"g013067"	"ABC transporter permease"
"EW023_RS01615"	"g010835"	"branched-chain amino acid transport system II carrier protein"
"EW023_RS01620"	"g001897"	"serine/threonine transporter SstT"
"EW023_RS01625"	"g006175"	"TrkA family potassium uptake protein"
"EW023_RS01630"	"g010781"	"TrkH family potassium uptake protein"
"EW023_RS01635"	"g006034"	"16S rRNA (guanine(527)-N(7))-methyltransferase RsmG"
"EW023_RS01640"	"g006704"	"LemA family protein"
"EW023_RS01645"	"g012033"	"zinc metalloprotease HtpX"
"EW023_RS01650"	"g006816"	"DUF177 domain-containing protein"
"EW023_RS01655"	"g002657"	"response regulator transcription factor ArlR"
"EW023_RS01660"	"g010546"	"HAMP domain-containing histidine kinase"
"EW023_RS01665"	"g003099"	"transcriptional repressor NrdR"
"EW023_RS01670"	"g009688"	"replication initiation and membrane attachment protein"
"EW023_RS01675"	"g012001"	"primosomal protein DnaI"
"EW023_RS01680"	"g005022"	"ribosome biogenesis GTPase Der"
"EW023_RS01685"	"g011115"	"DEAD/DEAH box helicase"
"EW023_RS01690"	"g006490"	"hypothetical protein"
"EW023_RS01695"	"g004999"	"UDP-N-acetylmuramate--L-alanine ligase"
"EW023_RS01700"	"g007058"	"GNAT family N-acetyltransferase"
"EW023_RS01705"	"g004742"	"endolytic transglycosylase MltG"
"EW023_RS01710"	"g003130"	"transcription elongation factor GreA"
"EW023_RS01715"	"g011890"	"membrane protein insertase YidC"
"EW023_RS01720"	"g008291"	"acylphosphatase"
"EW023_RS01725"	"g012862"	"RNA methyltransferase"
"EW023_RS01730"	"g006971"	"HD domain-containing protein"
"EW023_RS01735"	"g013080"	"Bax inhibitor-1/YccA family protein"
"EW023_RS01740"	"g008545"	"YneF family protein"
"EW023_RS01745"	"g012550"	"glutamate racemase"
"EW023_RS01750"	"g011568"	"nucleoside-triphosphate diphosphatase"
"EW023_RS01755"	"g006886"	"metallophosphoesterase"
"EW023_RS01760"	"g007172"	"CBS domain-containing protein"
"EW023_RS01765"	"g012805"	"site-specific tyrosine recombinase XerD"
"EW023_RS01770"	"g013006"	"segregation/condensation protein A"
"EW023_RS01775"	"g006745"	"segregation/condensation protein B"
"EW023_RS01780"	"g012928"	"rRNA pseudouridine synthase"
"EW023_RS01785"	"g000818"	"membrane protein insertion efficiency factor YidD"
"EW023_RS01790"	"g002974"	"tRNA (uridine(34)/cytosine(34)/5- carboxymethylaminomethyluridine(34)-2'-O)- methyltransferase TrmL"
"EW023_RS01795"	"g006674"	"ECF transporter S component"
"EW023_RS01800"	"g006263"	"phosphatase PAP2 family protein"
"EW023_RS01805"	"g005416"	"TIGR01212 family radical SAM protein"
"EW023_RS01810"	"g006731"	"methyltransferase domain-containing protein"
"EW023_RS01815"	"g010937"	"HlyC/CorC family transporter"
"EW023_RS01820"	"g001152"	"pyruvate formate lyase 1-activating protein"
"EW023_RS01825"	"g011810"	"manganese-dependent inorganic pyrophosphatase"
"EW023_RS01830"	"g002731"	"DUF1803 domain-containing protein"
"EW023_RS01835"	"g005228"	"iron ABC transporter permease"
"EW023_RS01840"	"g011357"	"iron ABC transporter permease"
"EW023_RS01845"	"g011829"	"iron-hydroxamate ABC transporter substrate-binding protein"
"EW023_RS01850"	"g000537"	"ABC transporter ATP-binding protein"
"EW023_RS01855"	"g010668"	"UDP-N-acetylmuramoyl-L-alanyl-D-glutamate--L- lysine ligase"
"EW023_RS01860"	"g004702"	"polysaccharide biosynthesis protein"
"EW023_RS01865"	"g000592"	"uracil phosphoribosyltransferase"
"EW023_RS01875"	"g001306"	"ATP-dependent Clp endopeptidase proteolytic subunit ClpP"
"EW023_RS01885"	"g008202"	"YlbG family protein"
"EW023_RS01890"	"g006340"	"dTMP kinase"
"EW023_RS01895"	"g012135"	"DNA polymerase III subunit delta'"
"EW023_RS01905"	"g007991"	"DNA replication initiation control protein YabA"
"EW023_RS01910"	"g012204"	"16S rRNA (cytidine(1402)-2'-O)-methyltransferase"
"EW023_RS01915"	"g007548"	"hypothetical protein"
"EW023_RS01920"	"g006375"	"copper homeostasis protein CutC"
"EW023_RS01925"	"g007770"	"arsenate reductase family protein"
"EW023_RS01930"	"g012387"	"exodeoxyribonuclease III"
"EW023_RS01935"	"g009199"	"hypothetical protein"
"EW023_RS01940"	"g009654"	"L-lactate oxidase"
"EW023_RS01945"	"g011044"	"CXC chemokine-degrading serine protease SpyCEP"
"EW023_RS01950"	"g004040"	"hypothetical protein"
"EW023_RS01955"	"g006063"	"DUF1275 domain-containing protein"
"EW023_RS01960"	"g004541"	"methionine--tRNA ligase"
"EW023_RS01965"	"g001080"	"class 1b ribonucleoside-diphosphate reductase subunit beta"
"EW023_RS01970"	"g000345"	"class Ib ribonucleoside-diphosphate reductase assembly flavoprotein NrdI"
"EW023_RS01975"	"g000944"	"class 1b ribonucleoside-diphosphate reductase subunit alpha"
"EW023_RS01980"	"g002565"	"ADP-ribosyltransferase"
"EW023_RS01985"	"g002956"	"hypothetical protein"
"EW023_RS01990"	"g007477"	"hypothetical protein"
"EW023_RS01995"	"g014628"	"None"
"EW023_RS02005"	"g002890"	"hypothetical protein"
"EW023_RS02010"	"g000821"	"hypothetical protein"
"EW023_RS02015"	"g002706"	"hypothetical protein"
"EW023_RS02025"	"g011645"	"DUF3644 domain-containing protein"
"EW023_RS02035"	"g003863"	"DUF2829 domain-containing protein"
"EW023_RS02040"	"g002640"	"3-oxoacyl-ACP reductase"
"EW023_RS02045"	"g001102"	"Gfo/Idh/MocA family oxidoreductase"
"EW023_RS02050"	"g010922"	"MFS transporter"
"EW023_RS02055"	"g010798"	"bifunctional UDP-N-acetylglucosamine diphosphorylase/glucosamine-1-phosphate N-acetyltransferase GlmU"
"EW023_RS02060"	"g006732"	"NUDIX hydrolase"
"EW023_RS02065"	"g001732"	"hypothetical protein"
"EW023_RS02070"	"g013045"	"5'-methylthioadenosine/adenosylhomocysteine nucleosidase"
"EW023_RS02075"	"g000763"	"hypothetical protein"
"EW023_RS02080"	"g002742"	"metal-dependent transcriptional regulator"
"EW023_RS02085"	"g005468"	"metal ABC transporter substrate-binding protein"
"EW023_RS02090"	"g012913"	"metal ABC transporter ATP-binding protein"
"EW023_RS02095"	"g012249"	"metal ABC transporter permease"
"EW023_RS02100"	"g000616_2"	"peptidylprolyl isomerase"
"EW023_RS02105"	"g011215"	"DNA translocase FtsK"
"EW023_RS02110"	"g007798"	"DUF3397 domain-containing protein"
"EW023_RS02115"	"g001513"	"50S ribosomal protein L11"
"EW023_RS02120"	"g001202"	"50S ribosomal protein L1"
"EW023_RS02125"	"g006017"	"UMP kinase"
"EW023_RS02130"	"g002947"	"ribosome recycling factor"
"EW023_RS02135"	"g005693"	"S1 RNA-binding domain-containing protein"
"EW023_RS02140"	"g000651"	"peptide-methionine (S)-S-oxide reductase MsrA"
"EW023_RS02145"	"g008763"	"YozE family protein"
"EW023_RS02150"	"g004290"	"LysM peptidoglycan-binding domain-containing protein"
"EW023_RS02155"	"g002059"	"oleate hydratase"
"EW023_RS02160"	"g005193"	"PhoH family protein"
"EW023_RS02165"	"g006606"	"uracil-DNA glycosylase family protein"
"EW023_RS02170"	"g006984"	"rRNA maturation RNase YbeY"
"EW023_RS02175"	"g007467"	"diacylglycerol kinase"
"EW023_RS02180"	"g005582"	"GTPase Era"
"EW023_RS02185"	"g007100"	"NUDIX domain-containing protein"
"EW023_RS02190"	"g003806"	"hypothetical protein"
"EW023_RS02200"	"g009108"	"class IIb bacteriocin%2C lactobin A/cerein 7B family"
"EW023_RS02210"	"g008663"	"bacteriocin"
"EW023_RS02215"	"g001797"	"class IIb bacteriocin%2C lactobin A/cerein 7B family"
"EW023_RS02225"	"g003989"	"hypothetical protein"
"EW023_RS02230"	"g000940"	"hypothetical protein"
"EW023_RS02235"	"g001489"	"hypothetical protein"
"EW023_RS02240"	"g000811"	"quorum-sensing system protein StcA"
"EW023_RS02245"	"g003836"	"hypothetical protein"
"EW023_RS09665"	"g014629"	"None"
"EW023_RS02250"	"g005673_1"	"Rgg/GadR/MutR family transcriptional regulator"
"EW023_RS02255"	"g005767"	"DNA-formamidopyrimidine glycosylase"
"EW023_RS02260"	"g002861"	"dephospho-CoA kinase"
"EW023_RS02265"	"g001001"	"DUF853 domain-containing protein"
"EW023_RS02270"	"g009633"	"multidrug efflux MFS transporter"
"EW023_RS02275"	"g000416"	"50S ribosomal protein L33"
"EW023_RS02280"	"g008587"	"preprotein translocase subunit SecG"
"EW023_RS02285"	"g011235"	"ribonuclease R"
"EW023_RS02290"	"g003196"	"SsrA-binding protein SmpB"
"EW023_RS02300"	"g001273"	"pyroglutamyl-peptidase I"
"EW023_RS02305"	"g011866"	"DUF979 domain-containing protein"
"EW023_RS02310"	"g006129"	"DUF969 domain-containing protein"
"EW023_RS02315"	"g011867"	"glycosyltransferase family 2 protein"
"EW023_RS02320"	"g007650"	"lactoylglutathione lyase"
"EW023_RS02325"	"g006179"	"NAD(P)H-dependent oxidoreductase"
"EW023_RS02330"	"g009957"	"aminopeptidase P family protein"
"EW023_RS02335"	"g011500"	"catabolite control protein A"
"EW023_RS02340"	"g011509"	"glycosyltransferase family 4 protein"
"EW023_RS02345"	"g010939"	"glycosyltransferase family 4 protein"
"EW023_RS02350"	"g004552"	"threonine--tRNA ligase"
"EW023_RS02355"	"g002325"	"ATP-binding cassette domain-containing protein"
"EW023_RS02360"	"g005792"	"antibiotic ABC transporter permease"
"EW023_RS02365"	"g012594"	"multidrug ABC transporter permease"
"EW023_RS02370"	"g004072"	"hypothetical protein"
"EW023_RS02375"	"g001961"	"acetyl-CoA C-acyltransferase"
"EW023_RS02380"	"g009438"	"AMP-binding protein"
"EW023_RS02385"	"g011525"	"DUF3114 domain-containing protein"
"EW023_RS02390"	"g002623_1"	"response regulator transcription factor"
"EW023_RS02395"	"g010884"	"cell wall metabolism sensor histidine kinase VicK"
"EW023_RS02400"	"g005809"	"MBL fold metallo-hydrolase"
"EW023_RS02405"	"g013068"	"ribonuclease III"
"EW023_RS02410"	"g011077"	"chromosome segregation protein SMC"
"EW023_RS02415"	"g005673_2"	"Rgg/GadR/MutR family transcriptional regulator"
"EW023_RS09670"	"g014630"	"None"
"EW023_RS02420"	"g011868"	"shikimate dehydrogenase"
"EW023_RS02425"	"g012343"	"sugar phosphate isomerase/epimerase"
"EW023_RS02430"	"g012872"	"coenzyme F420-0:L-glutamate ligase"
"EW023_RS02435"	"g011569"	"dehydrogenase"
"EW023_RS02440"	"g009611"	"methionine adenosyltransferase"
"EW023_RS02445"	"g011643"	"serine kinase"
"EW023_RS02450"	"g011553"	"glycosyltransferase"
"EW023_RS02455"	"g003765"	"hypothetical protein"
"EW023_RS02460"	"g009751"	"UDP-glucose/GDP-mannose dehydrogenase family protein"
"EW023_RS02470"	"g008827"	"helix-turn-helix domain-containing protein"
"EW023_RS02485"	"g008639"	"hypothetical protein"
"EW023_RS02495"	"g003569"	"type II toxin-antitoxin system RelB/DinJ family antitoxin"
"EW023_RS02500"	"g008119"	"type II toxin-antitoxin system RelE/ParE family toxin"
"EW023_RS02505"	"g003746"	"hypothetical protein"
"EW023_RS02510"	"g000680_2"	"phage portal protein"
"EW023_RS02515"	"g003548"	"hypothetical protein"
"EW023_RS02520"	"g000764"	"Fic family protein"
"EW023_RS02525"	"g012396"	"asparagine ligase A"
"EW023_RS02535"	"g011410"	"LD-carboxypeptidase"
"EW023_RS02540"	"g008914"	"hypothetical protein"
"EW023_RS02545"	"g000680_1"	"hypothetical protein"
"EW023_RS02550"	"g000680_1"	"hypothetical protein"
"EW023_RS02565"	"g012537"	"Cof-type HAD-IIB family hydrolase"
"EW023_RS02570"	"g005773_2"	"Cof-type HAD-IIB family hydrolase"
"EW023_RS02575"	"g000228"	"signal recognition particle-docking protein FtsY"
"EW023_RS02580"	"g010844"	"MFS transporter"
"EW023_RS02585"	"g012303"	"PRD domain-containing protein"
"EW023_RS02590"	"g010193"	"PTS beta-glucoside transporter subunit IIBCA"
"EW023_RS02595"	"g000022"	"6-phospho-beta-glucosidase"
"EW023_RS02600"	"g012440"	"TIGR03943 family protein"
"EW023_RS02605"	"g012002"	"permease"
"EW023_RS02610"	"g009226"	"hypothetical protein"
"EW023_RS02615"	"g010076"	"RNA-binding transcriptional accessory protein"
"EW023_RS02620"	"g007317"	"SprT family protein"
"EW023_RS02625"	"g008333"	"PspC domain-containing protein"
"EW023_RS02630"	"g011830"	"HPr kinase/phosphorylase"
"EW023_RS02635"	"g012634"	"prolipoprotein diacylglyceryl transferase"
"EW023_RS02640"	"g007468"	"DUF948 domain-containing protein"
"EW023_RS02645"	"g007364"	"YtxH domain-containing protein"
"EW023_RS02650"	"g008254"	"DUF3270 domain-containing protein"
"EW023_RS02655"	"g011869"	"U32 family peptidase"
"EW023_RS02660"	"g009312"	"U32 family peptidase"
"EW023_RS02665"	"g008803"	"hypothetical protein"
"EW023_RS02670"	"g000249"	"lysine--tRNA ligase"
"EW023_RS02675"	"g012003"	"HAD family hydrolase"
"EW023_RS02680"	"g006405"	"histidine phosphatase family protein"
"EW023_RS02685"	"g007081"	"aminoacyl-tRNA deacylase"
"EW023_RS02690"	"g006675"	"energy-coupled thiamine transporter ThiT"
"EW023_RS02695"	"g012275"	"glycosyl hydrolase 25 family protein"
"EW023_RS02700"	"g003071"	"membrane protein"
"EW023_RS02705"	"g003420"	"DUF4430 domain-containing protein"
"EW023_RS02710"	"g003148"	"glutathione peroxidase"
"EW023_RS02715"	"g010226"	"oligoendopeptidase F"
"EW023_RS02720"	"g011148"	"phosphoenolpyruvate carboxylase"
"EW023_RS02725"	"g011006"	"FtsW/RodA/SpoVE family cell cycle protein"
"EW023_RS02730"	"g000899"	"elongation factor Tu"
"EW023_RS02735"	"g005930"	"triose-phosphate isomerase"
"EW023_RS02740"	"g009484"	"aminoacyltransferase"
"EW023_RS02745"	"g009508"	"lipid II:glycine glycyltransferase FemX"
"EW023_RS02750"	"g012467"	"sugar-phosphatase"
"EW023_RS02755"	"g000036_3"	"hypothetical protein"
"EW023_RS02760"	"g005028"	"HD domain-containing protein"
"EW023_RS02765"	"g007594"	"DUF1934 domain-containing protein"
"EW023_RS02770"	"g011158"	"cation-translocating P-type ATPase"
"EW023_RS02775"	"g000144"	"LacI family transcriptional regulator"
"EW023_RS02780"	"g002045"	"alginate lyase family protein"
"EW023_RS02785"	"g005786"	"PTS mannose/fructose/sorbose transporter family subunit IID"
"EW023_RS02790"	"g012617"	"PTS mannose/fructose/sorbose/N-acetylgalactosamine transporter subunit IIC"
"EW023_RS02795"	"g007030"	"PTS system mannose/fructose/N-acetylgalactosamine-transporter subunit IIB"
"EW023_RS02800"	"g004264"	"glycoside hydrolase family 88 protein"
"EW023_RS02805"	"g003285"	"PTS sugar transporter subunit IIA"
"EW023_RS02810"	"g012551"	"gluconate 5-dehydrogenase"
"EW023_RS02815"	"g001283"	"RpiB/LacA/LacB family sugar-phosphate isomerase"
"EW023_RS02820"	"g001087"	"sugar kinase"
"EW023_RS02825"	"g006341"	"bifunctional 4-hydroxy-2-oxoglutarate aldolase/2-dehydro-3-deoxy-phosphogluconate aldolase"
"EW023_RS02830"	"g006256"	"HAD family phosphatase"
"EW023_RS02840"	"g014631"	"None"
"EW023_RS02840"	"g014632"	"None"
"EW023_RS02845"	"g013069"	"cell division ATP-binding protein FtsE"
"EW023_RS02850"	"g011799"	"ABC transporter permease"
"EW023_RS02855"	"g013031"	"MBL fold metallo-hydrolase"
"EW023_RS02860"	"g000128"	"(S)-acetoin forming diacetyl reductase"
"EW023_RS02865"	"g011191"	"bifunctional DnaQ family exonuclease/ATP-dependent helicase"
"EW023_RS02870"	"g009634"	"pyridoxal phosphate-dependent aminotransferase"
"EW023_RS02875"	"g004126"	"asparagine--tRNA ligase"
"EW023_RS02880"	"g012056"	"RNase adapter RapZ"
"EW023_RS02885"	"g011617"	"YvcK family protein"
"EW023_RS02890"	"g011952"	"DNA-binding protein WhiA"
"EW023_RS02895"	"g010719"	"C69 family dipeptidase"
"EW023_RS02900"	"g010481"	"zinc ABC transporter substrate-binding protein AdcA"
"EW023_RS02905"	"g001066_1"	"GntR family transcriptional regulator"
"EW023_RS02910"	"g004265"	"SIS domain-containing protein"
"EW023_RS02915"	"g003785"	"type B 50S ribosomal protein L31"
"EW023_RS02920"	"g011776"	"bifunctional oligoribonuclease/PAP phosphatase NrnA"
"EW023_RS02925"	"g007253"	"flavodoxin"
"EW023_RS02930"	"g000803"	"chorismate mutase"
"EW023_RS02935"	"g001890"	"voltage-gated chloride channel family protein"
"EW023_RS02940"	"g001613"	"50S ribosomal protein L19"
"EW023_RS02950"	"g006688"	"HAD-IA family hydrolase"
"EW023_RS02955"	"g000241"	"DNA topoisomerase (ATP-hydrolyzing) subunit B"
"EW023_RS02960"	"g010291"	"septation ring formation regulator EzrA"
"EW023_RS02965"	"g007198"	"YueI family protein"
"EW023_RS02970"	"g001027"	"phosphopyruvate hydratase"
"EW023_RS02980"	"g010492"	"transcriptional regulator"
"EW023_RS02985"	"g002219"	"DUF1542 domain-containing protein"
"EW023_RS02995"	"g009215"	"TOMM family cytolysin streptolysin S"
"EW023_RS03000"	"g011730"	"streptolysin S biosynthesis dehydrogenase SagB"
"EW023_RS03005"	"g011264"	"streptolysin associated protein SagC"
"EW023_RS03010"	"g010865"	"YcaO-like family protein"
"EW023_RS03015"	"g006197"	"CPBP family intramembrane metalloprotease"
"EW023_RS03020"	"g006130"	"hypothetical protein"
"EW023_RS03025"	"g011891"	"ABC transporter ATP-binding protein"
"EW023_RS03030"	"g009843"	"ABC transporter permease"
"EW023_RS03035"	"g009870"	"ABC transporter permease"
"EW023_RS03045"	"g011152"	"LPXTG cell wall anchor domain-containing protein"
"EW023_RS03050"	"g006972"	"queuosine transporter QueT"
"EW023_RS03055"	"g004539"	"NAD-dependent DNA ligase LigA"
"EW023_RS03060"	"g011398"	"diacylglycerol kinase family lipid kinase"
"EW023_RS03065"	"g008945"	"F0F1 ATP synthase subunit C"
"EW023_RS03070"	"g012952"	"F0F1 ATP synthase subunit A"
"EW023_RS03075"	"g006997"	"F0F1 ATP synthase subunit B"
"EW023_RS03080"	"g002998"	"F0F1 ATP synthase subunit delta"
"EW023_RS03085"	"g002121"	"F0F1 ATP synthase subunit alpha"
"EW023_RS03090"	"g012136"	"F0F1 ATP synthase subunit gamma"
"EW023_RS03095"	"g002166"	"F0F1 ATP synthase subunit beta"
"EW023_RS03100"	"g007428"	"F0F1 ATP synthase subunit epsilon"
"EW023_RS03105"	"g008445"	"DUF1146 domain-containing protein"
"EW023_RS03110"	"g004168"	"UDP-N-acetylglucosamine 1-carboxyvinyltransferase"
"EW023_RS03115"	"g004004"	"DNA-directed RNA polymerase subunit beta"
"EW023_RS03120"	"g014633"	"None"
"EW023_RS03125"	"g001059"	"phenylalanine--tRNA ligase subunit alpha"
"EW023_RS03130"	"g005143"	"phenylalanine--tRNA ligase subunit beta"
"EW023_RS03135"	"g007651"	"OsmC family protein"
"EW023_RS03140"	"g007595"	"YbgA family protein"
"EW023_RS03145"	"g009986"	"ABC transporter permease"
"EW023_RS03150"	"g002671"	"ABC transporter ATP-binding protein"
"EW023_RS03155"	"g002396"	"neutral zinc metallopeptidase"
"EW023_RS03160"	"g011105"	"ATP-dependent nuclease subunit B"
"EW023_RS03165"	"g011071"	"helicase-exonuclease AddAB subunit AddA"
"EW023_RS03170"	"g012455"	"transporter substrate-binding domain-containing protein"
"EW023_RS03175"	"g001781"	"30S ribosomal protein S21"
"EW023_RS03180"	"g007737"	"large conductance mechanosensitive channel protein MscL"
"EW023_RS03185"	"g010218"	"DNA primase"
"EW023_RS03190"	"g000926"	"RNA polymerase sigma factor RpoD"
"EW023_RS03195"	"g003547"	"metal-sulfur cluster assembly factor"
"EW023_RS03200"	"g012250"	"dTDP-4-dehydrorhamnose reductase"
"EW023_RS03205"	"g009759"	"DUF1972 domain-containing protein"
"EW023_RS03210"	"g011831"	"glycosyltransferase family 2 protein"
"EW023_RS03215"	"g012726"	"ABC transporter permease"
"EW023_RS03220"	"g009588"	"ABC transporter ATP-binding protein"
"EW023_RS03225"	"g011465"	"glycosyltransferase"
"EW023_RS03230"	"g010270"	"alpha-L-Rha alpha-1%2C3-L-rhamnosyltransferase"
"EW023_RS03235"	"g011204"	"sulfatase-like hydrolase/transferase"
"EW023_RS03240"	"g013046"	"glycosyltransferase family 2 protein"
"EW023_RS03245"	"g007873"	"DUF2304 domain-containing protein"
"EW023_RS03250"	"g009313"	"lipopolysaccharide biosynthesis protein"
"EW023_RS03255"	"g010566"	"DUF2142 domain-containing protein"
"EW023_RS03260"	"g000881"	"peptidase T"
"EW023_RS03265"	"g007031"	"EbsA family protein"
"EW023_RS03270"	"g008946"	"ferredoxin"
"EW023_RS03275"	"g007101"	"LysM peptidoglycan-binding domain-containing protein"
"EW023_RS03280"	"g002666"	"(d)CMP kinase"
"EW023_RS03285"	"g003014"	"translation initiation factor IF-3"
"EW023_RS03290"	"g003967"	"50S ribosomal protein L35"
"EW023_RS03295"	"g001599"	"50S ribosomal protein L20"
"EW023_RS03300"	"g010045"	"LTA synthase family protein"
"EW023_RS03305"	"g009740"	"class I SAM-dependent rRNA methyltransferase"
"EW023_RS03310"	"g006112"	"type I 3-dehydroquinate dehydratase"
"EW023_RS03315"	"g001954"	"chorismate synthase"
"EW023_RS03320"	"g007874"	"YlbF/YmcA family competence regulator"
"EW023_RS03325"	"g002193"	"glutathione-disulfide reductase"
"EW023_RS03330"	"g009364"	"bifunctional folylpolyglutamate synthase/dihydrofolate synthase"
"EW023_RS03335"	"g000704"	"membrane protein"
"EW023_RS03340"	"g009797"	"cysteine desulfurase"
"EW023_RS03345"	"g009555"	"tRNA 4-thiouridine(8) synthase ThiI"
"EW023_RS03350"	"g009298"	"CapA family protein"
"EW023_RS03355"	"g003614"	"50S ribosomal protein L21"
"EW023_RS03360"	"g007969"	"ribosomal-processing cysteine protease Prp"
"EW023_RS03365"	"g000795"	"50S ribosomal protein L27"
"EW023_RS03375"	"g000007"	"LysR family transcriptional regulator"
"EW023_RS03380"	"g007199"	"signal peptidase II"
"EW023_RS03385"	"g005527"	"RluA family pseudouridine synthase"
"EW023_RS03390"	"g003022"	"bifunctional pyr operon transcriptional regulator/uracil phosphoribosyltransferase PyrR"
"EW023_RS03395"	"g009400"	"uracil permease"
"EW023_RS03400"	"g005460"	"aspartate carbamoyltransferase"
"EW023_RS03405"	"g004414"	"carbamoyl-phosphate synthase small subunit"
"EW023_RS03410"	"g008947"	"hypothetical protein"
"EW023_RS03415"	"g005070"	"carbamoyl-phosphate synthase large subunit"
"EW023_RS03420"	"g009354"	"efflux RND transporter periplasmic adaptor subunit"
"EW023_RS03425"	"g000554"	"macrolide ABC transporter ATP-binding protein/permease MacB"
"EW023_RS03430"	"g009524"	"FtsX-like permease family protein"
"EW023_RS03435"	"g010282"	"glycerophosphodiester phosphodiesterase"
"EW023_RS03440"	"g003737"	"30S ribosomal protein S16"
"EW023_RS03445"	"g008563"	"KH domain-containing protein"
"EW023_RS03450"	"g011121"	"leucine-rich repeat protein"
"EW023_RS03455"	"g007495"	"hypothetical protein"
"EW023_RS03460"	"g012137"	"cation transporter"
"EW023_RS03465"	"g006887"	"TetR/AcrR family transcriptional regulator"
"EW023_RS03470"	"g003038"	"ribosome maturation factor RimM"
"EW023_RS03475"	"g002589"	"tRNA (guanosine(37)-N1)-methyltransferase TrmD"
"EW023_RS03480"	"g011540"	"NAD(P)/FAD-dependent oxidoreductase"
"EW023_RS03485"	"g011265"	"PTS transporter subunit IIC"
"EW023_RS03490"	"g011892"	"2-dehydropantoate 2-reductase"
"EW023_RS03495"	"g012966"	"DeoR/GlpR transcriptional regulator"
"EW023_RS03500"	"g005550"	"1-phosphofructokinase"
"EW023_RS03505"	"g010155"	"PTS fructose transporter subunit IIC"
"EW023_RS03510"	"g014634"	"None"
"EW023_RS03515"	"g002849_1"	"glycoside hydrolase family 73 protein"
"EW023_RS03525"	"g000566_1"	"streptococcal pyrogenic exotoxin SpeJ"
"EW023_RS03530"	"g012808"	"toxin%2C beta-grasp domain protein"
"EW023_RS03535"	"g005244"	"hypothetical protein"
"EW023_RS03540"	"g001823_1"	"nucleoside-diphosphate kinase"
"EW023_RS03545"	"g007633"	"DUF1149 family protein"
"EW023_RS03550"	"g012276"	"DegV family protein"
"EW023_RS03555"	"g004273"	"CCA tRNA nucleotidyltransferase"
"EW023_RS03560"	"g004575"	"ABC-F family ATP-binding cassette domain-containing protein"
"EW023_RS03565"	"g003915"	"hypothetical protein"
"EW023_RS03570"	"g007454"	"peptide deformylase"
"EW023_RS03575"	"g010123"	"multifunctional 2'%2C3'-cyclic-nucleotide 2'-phosphodiesterase/5'-nucleotidase/3'-nucleotidase"
"EW023_RS03580"	"g006277"	"GTP pyrophosphokinase family protein"
"EW023_RS03585"	"g006209"	"response regulator transcription factor"
"EW023_RS03590"	"g009496"	"HAMP domain-containing histidine kinase"
"EW023_RS03595"	"g012042"	"mevalonate kinase"
"EW023_RS03600"	"g011762"	"diphosphomevalonate decarboxylase"
"EW023_RS03605"	"g011433"	"phosphomevalonate kinase"
"EW023_RS03610"	"g011554"	"type 2 isopentenyl-diphosphate Delta-isomerase"
"EW023_RS03615"	"g009337"	"hydroxymethylglutaryl-CoA reductase%2C degradative"
"EW023_RS03620"	"g009689"	"hydroxymethylglutaryl-CoA synthase"
"EW023_RS03625"	"g012324"	"thymidylate synthase"
"EW023_RS03630"	"g006985"	"dihydrofolate reductase"
"EW023_RS03635"	"g009188"	"hypothetical protein"
"EW023_RS03640"	"g001879"	"ATP-dependent protease ATP-binding subunit ClpX"
"EW023_RS03645"	"g002848"	"YihA family ribosome biogenesis GTP-binding protein"
"EW023_RS03650"	"g005962"	"hypothetical protein"
"EW023_RS03655"	"g002022"	"ATP-dependent Clp protease ATP-binding subunit"
"EW023_RS03660"	"g006131"	"ribose-5-phosphate isomerase RpiA"
"EW023_RS03665"	"g004245"	"phosphopentomutase"
"EW023_RS03670"	"g000106"	"arsenate reductase (glutaredoxin)"
"EW023_RS03675"	"g012468"	"purine-nucleoside phosphorylase"
"EW023_RS03680"	"g000550"	"purine-nucleoside phosphorylase"
"EW023_RS03685"	"g005859"	"hypothetical protein"
"EW023_RS03690"	"g000007"	"LysR family transcriptional regulator"
"EW023_RS03695"	"g006818"	"hypothetical protein"
"EW023_RS03700"	"g006095"	"orotidine-5'-phosphate decarboxylase"
"EW023_RS03705"	"g002782"	"orotate phosphoribosyltransferase"
"EW023_RS03710"	"g004837"	"amidase"
"EW023_RS03715"	"g012017"	"transporter substrate-binding domain-containing protein"
"EW023_RS03720"	"g002736"	"amino acid ABC transporter permease"
"EW023_RS03725"	"g000286"	"uracil-DNA glycosylase"
"EW023_RS03730"	"g009365"	"dihydroorotase"
"EW023_RS03735"	"g006315"	"glycerol-3-phosphate 1-O-acyltransferase PlsY"
"EW023_RS03740"	"g000241"	"DNA topoisomerase (ATP-hydrolyzing) subunit B"
"EW023_RS03745"	"g012428"	"hypothetical protein"
"EW023_RS03750"	"g005127"	"DNA topoisomerase IV subunit A"
"EW023_RS03755"	"g011244"	"branched-chain amino acid aminotransferase"
"EW023_RS03760"	"g003881"	"DUF2969 domain-containing protein"
"EW023_RS03775"	"g000110"	"polyribonucleotide nucleotidyltransferase"
"EW023_RS03785"	"g008144"	"hypothetical protein"
"EW023_RS03790"	"g005338"	"rhodanese-related sulfurtransferase"
"EW023_RS03795"	"g003994"	"hypothetical protein"
"EW023_RS03800"	"g001526"	"glutathione S-transferase"
"EW023_RS03805"	"g011968"	"TDT family transporter"
"EW023_RS03810"	"g009171"	"DUF3042 family protein"
"EW023_RS03815"	"g005581"	"tRNA (adenosine(37)-N6)-dimethylallyltransferase MiaA"
"EW023_RS03820"	"g009469"	"GTPase HflX"
"EW023_RS03825"	"g006342"	"cystathionine beta-lyase"
"EW023_RS03830"	"g011853"	"ribonuclease Z"
"EW023_RS03835"	"g012709"	"SDR family oxidoreductase"
"EW023_RS03840"	"g010046"	"single-stranded-DNA-specific exonuclease RecJ"
"EW023_RS03845"	"g000644"	"adenine phosphoribosyltransferase"
"EW023_RS03850"	"g006132"	"DnaD domain-containing protein"
"EW023_RS03855"	"g002718"	"endonuclease III"
"EW023_RS03860"	"g006113"	"tRNA (adenine-N(1))-methyltransferase"
"EW023_RS03865"	"g012579"	"Nif3-like dinuclear metal center hexameric protein"
"EW023_RS03870"	"g000927"	"FAD-binding oxidoreductase"
"EW023_RS03875"	"g000268"	"glucose-1-phosphate thymidylyltransferase RfbA"
"EW023_RS03880"	"g006532"	"dTDP-4-dehydrorhamnose 3%2C5-epimerase"
"EW023_RS03885"	"g011329"	"dTDP-glucose 4%2C6-dehydratase"
"EW023_RS03890"	"g004350"	"site-specific integrase"
"EW023_RS03895"	"g006117"	"hypothetical protein"
"EW023_RS03900"	"g007653"	"ImmA/IrrE family metallo-endopeptidase"
"EW023_RS03905"	"g007760"	"helix-turn-helix transcriptional regulator"
"EW023_RS03910"	"g008740"	"helix-turn-helix transcriptional regulator"
"EW023_RS03915"	"g008490"	"hypothetical protein"
"EW023_RS03920"	"g008054"	"helix-turn-helix transcriptional regulator"
"EW023_RS03925"	"g003132"	"siphovirus Gp157 family protein"
"EW023_RS03930"	"g006149"	"AAA family ATPase"
"EW023_RS03935"	"g009487"	"DEAD/DEAH box helicase"
"EW023_RS03940"	"g003013"	"DUF669 domain-containing protein"
"EW023_RS03945"	"g012458"	"hypothetical protein"
"EW023_RS03950"	"g010618"	"DNA primase"
"EW023_RS03955"	"g007444"	"hypothetical protein"
"EW023_RS03960"	"g001614"	"VRR-NUC domain-containing protein"
"EW023_RS03965"	"g001605"	"hypothetical protein"
"EW023_RS03970"	"g003812"	"hypothetical protein"
"EW023_RS03975"	"g008256"	"DUF3310 domain-containing protein"
"EW023_RS03980"	"g008360"	"hypothetical protein"
"EW023_RS03985"	"g000116_1"	"hypothetical protein"
"EW023_RS03990"	"g008918"	"hypothetical protein"
"EW023_RS03995"	"g007497"	"hypothetical protein"
"EW023_RS04000"	"g001293"	"SAM-dependent DNA methyltransferase"
"EW023_RS04005"	"g001497"	"ArpU family transcriptional regulator"
"EW023_RS04010"	"g008010"	"hypothetical protein"
"EW023_RS04015"	"g007635"	"hypothetical protein"
"EW023_RS04020"	"g009349"	"PBSX family phage terminase large subunit"
"EW023_RS04025"	"g005003"	"phage portal protein"
"EW023_RS04030"	"g000099"	"hypothetical protein"
"EW023_RS04040"	"g006644"	"DUF4355 domain-containing protein"
"EW023_RS04045"	"g012057"	"hypothetical protein"
"EW023_RS04050"	"g008203"	"hypothetical protein"
"EW023_RS04055"	"g007856"	"hypothetical protein"
"EW023_RS04060"	"g003629"	"hypothetical protein"
"EW023_RS04065"	"g003392"	"hypothetical protein"
"EW023_RS04070"	"g007455"	"DUF5072 domain-containing protein"
"EW023_RS04075"	"g014635"	"None"
"EW023_RS04080"	"g003607"	"hypothetical protein"
"EW023_RS04085"	"g003220"	"hypothetical protein"
"EW023_RS04090"	"g004610"	"tail protein"
"EW023_RS04095"	"g010597"	"hypothetical protein"
"EW023_RS04100"	"g011086"	"CHAP domain-containing protein"
"EW023_RS04105"	"g010194"	"hypothetical protein"
"EW023_RS04110"	"g007836"	"DUF1366 domain-containing protein"
"EW023_RS04115"	"g007992"	"hypothetical protein"
"EW023_RS04120"	"g007926"	"phage holin"
"EW023_RS04125"	"g012710"	"CHAP domain-containing protein"
"EW023_RS04130"	"g006491"	"hypothetical protein"
"EW023_RS04135"	"g005889"	"hypothetical protein"
"EW023_RS04140"	"g001774_1"	"hypothetical protein"
"EW023_RS04145"	"g000575_1"	"hypothetical protein"
"EW023_RS04150"	"g007049"	"hypothetical protein"
"EW023_RS04155"	"g005819_1"	"streptodornase Sda3"
"EW023_RS04160"	"g000126_1"	"hypothetical protein"
"EW023_RS04165"	"g007102"	"8-oxo-dGTP diphosphatase"
"EW023_RS04170"	"g009675"	"AI-2E family transporter"
"EW023_RS04175"	"g009439"	"hypothetical protein"
"EW023_RS04180"	"g010376"	"PavA family fibronectin-binding protein Fbp54"
"EW023_RS04185"	"g011510"	"peptide ABC transporter substrate-binding protein"
"EW023_RS04190"	"g001836"	"hypothetical protein"
"EW023_RS04195"	"g012175"	"ABC transporter permease"
"EW023_RS04200"	"g012741"	"ABC transporter ATP-binding protein"
"EW023_RS04205"	"g010359"	"ribonuclease J"
"EW023_RS04210"	"g012595"	"esterase family protein"
"EW023_RS04215"	"g007970"	"hypothetical protein"
"EW023_RS04220"	"g001233"	"ABC transporter ATP-binding protein"
"EW023_RS04225"	"g011644"	"thiamine pyrophosphate-dependent dehydrogenase E1 component subunit alpha"
"EW023_RS04230"	"g011511"	"alpha-ketoacid dehydrogenase subunit beta"
"EW023_RS04235"	"g004621_1"	"dihydrolipoamide acetyltransferase"
"EW023_RS04240"	"g001683"	"hypothetical protein"
"EW023_RS04245"	"g004621_2"	"dihydrolipoyl dehydrogenase"
"EW023_RS04250"	"g001761"	"hypothetical protein"
"EW023_RS04255"	"g011173"	"polysaccharide lyase 8 family protein"
"EW023_RS04260"	"g011555"	"lipoate--protein ligase"
"EW023_RS04265"	"g012559"	"type 1 glutamine amidotransferase"
"EW023_RS04270"	"g002196"	"Mur ligase family protein"
"EW023_RS04275"	"g012263"	"TIGR00159 family protein"
"EW023_RS04280"	"g011696"	"YbbR-like domain-containing protein"
"EW023_RS04285"	"g004957"	"phosphoglucosamine mutase"
"EW023_RS04290"	"g002756"	"hypothetical protein"
"EW023_RS04295"	"g009835"	"oxygen-independent coproporphyrinogen III oxidase"
"EW023_RS04300"	"g012778"	"acyl-[acyl-carrier-protein] thioesterase"
"EW023_RS04305"	"g012711"	"TIGR01457 family HAD-type hydrolase"
"EW023_RS04310"	"g006357"	"TIGR01906 family membrane protein"
"EW023_RS04315"	"g001823_2"	"hypothetical protein"
"EW023_RS04320"	"g001796"	"nucleoside-diphosphate kinase"
"EW023_RS04325"	"g000966"	"elongation factor 4"
"EW023_RS04335"	"g000705"	"peptide-methionine (R)-S-oxide reductase MsrB"
"EW023_RS04340"	"g001077"	"YeiH family putative sulfate export transporter"
"EW023_RS04345"	"g003317"	"PTS sugar transporter subunit IIA"
"EW023_RS04350"	"g007015"	"PTS system mannose/fructose/N-acetylgalactosamine-transporter subunit IIB"
"EW023_RS04355"	"g012469"	"PTS mannose/fructose/sorbose/N-acetylgalactosamine transporter subunit IIC"
"EW023_RS04360"	"g012388"	"PTS mannose/fructose/sorbose transporter family subunit IID"
"EW023_RS04365"	"g010380"	"sensor histidine kinase"
"EW023_RS04370"	"g012580"	"response regulator transcription factor"
"EW023_RS04375"	"g005208"	"extracellular solute-binding protein"
"EW023_RS04380"	"g010768"	"NAD-dependent succinate-semialdehyde dehydrogenase"
"EW023_RS04385"	"g004612"	"excinuclease ABC subunit UvrC"
"EW023_RS04390"	"g006492"	"NAD(P)H nitroreductase"
"EW023_RS04395"	"g004886"	"dipeptidase PepV"
"EW023_RS04400"	"g004915"	"tRNA uridine-5-carboxymethylaminomethyl(34) synthesis GTPase MnmE"
"EW023_RS04405"	"g003081"	"50S ribosomal protein L10"
"EW023_RS04410"	"g000741"	"50S ribosomal protein L7/L12"
"EW023_RS04415"	"g009485"	"D-alanyl-D-alanine carboxypeptidase"
"EW023_RS04420"	"g011667"	"polysaccharide deacetylase family protein"
"EW023_RS04425"	"g009338"	"bifunctional folylpolyglutamate synthase/dihydrofolate synthase"
"EW023_RS04430"	"g006467"	"GTP cyclohydrolase I FolE"
"EW023_RS04435"	"g012523"	"dihydropteroate synthase"
"EW023_RS04440"	"g007757"	"dihydroneopterin aldolase"
"EW023_RS04445"	"g006973"	"2-amino-4-hydroxy-6- hydroxymethyldihydropteridine diphosphokinase"
"EW023_RS04450"	"g005505"	"UDP-N-acetylmuramate dehydrogenase"
"EW023_RS04455"	"g000083"	"ABC transporter ATP-binding protein"
"EW023_RS04460"	"g005838"	"ABC transporter permease"
"EW023_RS04465"	"g005810"	"ABC transporter permease"
"EW023_RS04470"	"g009998"	"ABC transporter substrate-binding protein"
"EW023_RS04475"	"g006222"	"response regulator"
"EW023_RS04480"	"g010490"	"sensor histidine kinase"
"EW023_RS04485"	"g010950"	"L-malate permease"
"EW023_RS04490"	"g000883"	"NADP-dependent oxaloacetate-decarboxylating malate dehydrogenase"
"EW023_RS04495"	"g005201"	"zinc-dependent alcohol dehydrogenase family protein"
"EW023_RS04500"	"g012884"	"acid phosphatase AphA"
"EW023_RS04505"	"g010504"	"ClC family H(+)/Cl(-) exchange transporter"
"EW023_RS04510"	"g006442"	"hypothetical protein"
"EW023_RS04515"	"g009778"	"AI-2E family transporter"
"EW023_RS04520"	"g006146"	"JAB domain-containing protein"
"EW023_RS04525"	"g013047"	"gamma-glutamyl-gamma-aminobutyrate hydrolase family protein"
"EW023_RS04530"	"g006300"	"redox-sensing transcriptional repressor Rex"
"EW023_RS04535"	"g007837"	"DUF1831 domain-containing protein"
"EW023_RS04540"	"g009844"	"cysteine desulfurase"
"EW023_RS04545"	"g000509"	"ribose-phosphate diphosphokinase"
"EW023_RS04550"	"g002900"	"CYTH domain-containing protein"
"EW023_RS04555"	"g002684"	"GTP pyrophosphokinase family protein"
"EW023_RS04560"	"g012344"	"NAD kinase"
"EW023_RS04565"	"g011984"	"RluA family pseudouridine synthase"
"EW023_RS04570"	"g005314"	"phosphate acetyltransferase"
"EW023_RS04575"	"g001169"	"bifunctional NADP-dependent 3-hydroxy acid dehydrogenase/3-hydroxypropionate dehydrogenase YdfG"
"EW023_RS04580"	"g001209"	"hypothetical protein"
"EW023_RS04585"	"g000885"	"ABC transporter ATP-binding protein"
"EW023_RS04590"	"g001296"	"ABC transporter permease/substrate-binding protein"
"EW023_RS04595"	"g005348"	"GMP reductase"
"EW023_RS04605"	"g002887"	"xanthine phosphoribosyltransferase"
"EW023_RS04610"	"g009323"	"purine permease"
"EW023_RS04615"	"g005451"	"FAD:protein FMN transferase"
"EW023_RS04620"	"g009067"	"4-oxalocrotonate tautomerase"
"EW023_RS04625"	"g006641"	"thymidine kinase"
"EW023_RS04630"	"g000936"	"peptide chain release factor 1"
"EW023_RS04635"	"g012325"	"peptide chain release factor N(5)-glutamine methyltransferase"
"EW023_RS04640"	"g006546"	"threonylcarbamoyl-AMP synthase"
"EW023_RS04645"	"g007237"	"GNAT family N-acetyltransferase"
"EW023_RS04650"	"g000872"	"serine hydroxymethyltransferase"
"EW023_RS04655"	"g011618"	"nucleoid-associated protein"
"EW023_RS04660"	"g006457"	"lysozyme family protein"
"EW023_RS04665"	"g010292"	"ABC transporter ATP-binding protein"
"EW023_RS04670"	"g000976"	"high-affinity branched-chain amino acid ABC transporter ATP-binding protein LivG"
"EW023_RS04675"	"g010836"	"NADH oxidase"
"EW023_RS04680"	"g002336"	"L-lactate dehydrogenase"
"EW023_RS04685"	"g001046"	"DNA topoisomerase (ATP-hydrolyzing) subunit A"
"EW023_RS04690"	"g012794"	"sortase"
"EW023_RS04695"	"g003352"	"VOC family protein"
"EW023_RS04700"	"g014636"	"None"
"EW023_RS04705"	"g003293"	"hypothetical protein"
"EW023_RS04710"	"g005551"	"diacylglycerol kinase family lipid kinase"
"EW023_RS04715"	"g001226"	"hemolysin III family protein"
"EW023_RS04720"	"g007299"	"DUF1836 domain-containing protein"
"EW023_RS04725"	"g002469"	"ribosome biogenesis GTPase YlqF"
"EW023_RS04730"	"g002516"	"ribonuclease HII"
"EW023_RS04735"	"g012345"	"DNA-protecting protein DprA"
"EW023_RS04740"	"g004508"	"type I DNA topoisomerase"
"EW023_RS04745"	"g001454"	"LysR family transcriptional regulator substrate-binding protein"
"EW023_RS04750"	"g000007"	"LysR family transcriptional regulator"
"EW023_RS04760"	"g005324"	"D-lactate dehydrogenase"
"EW023_RS04765"	"g006223"	"DNA-binding protein"
"EW023_RS04770"	"g012953"	"DUF3307 domain-containing protein"
"EW023_RS04775"	"g004972"	"methylenetetrahydrofolate--tRNA-(uracil(54)- C(5))-methyltransferase (FADH(2)-oxidizing) TrmFO"
"EW023_RS04780"	"g000051"	"oxaloacetate decarboxylase subunit alpha"
"EW023_RS04785"	"g003615"	"membrane protein"
"EW023_RS04790"	"g000757"	"biotin/lipoyl-binding protein"
"EW023_RS04795"	"g009836"	"sodium ion-translocating decarboxylase subunit beta"
"EW023_RS04800"	"g012090"	"triphosphoribosyl-dephospho-CoA synthase CitG"
"EW023_RS04805"	"g013048"	"GntR family transcriptional regulator"
"EW023_RS04810"	"g010752"	"CitMHS family transporter"
"EW023_RS04815"	"g003589"	"hypothetical protein"
"EW023_RS04820"	"g000051"	"oxaloacetate decarboxylase subunit alpha"
"EW023_RS04825"	"g009864"	"sodium ion-translocating decarboxylase subunit beta"
"EW023_RS04830"	"g008102"	"citrate lyase acyl carrier protein"
"EW023_RS04835"	"g001123"	"citrate (pro-3S)-lyase subunit beta"
"EW023_RS04840"	"g000471"	"citrate lyase subunit alpha"
"EW023_RS04845"	"g006595"	"citrate lyase holo-[acyl-carrier protein] synthase"
"EW023_RS04850"	"g000051"	"oxaloacetate decarboxylase subunit alpha"
"EW023_RS04855"	"g005194"	"[citrate (pro-3S)-lyase] ligase"
"EW023_RS04860"	"g007059"	"hypothetical protein"
"EW023_RS04865"	"g010009"	"tyrosine recombinase XerS"
"EW023_RS04870"	"g013029"	"helix-turn-helix transcriptional regulator"
"EW023_RS04875"	"g000994"	"signal recognition particle protein"
"EW023_RS04880"	"g003541"	"putative DNA-binding protein"
"EW023_RS04885"	"g002539"	"transcriptional regulator LldR"
"EW023_RS04890"	"g010689"	"hypothetical protein"
"EW023_RS04895"	"g000992"	"glutamine-hydrolyzing GMP synthase"
"EW023_RS04900"	"g009516"	"aminoacyltransferase"
"EW023_RS04905"	"g010457"	"ABC-F family ATP-binding cassette domain-containing protein"
"EW023_RS04910"	"g006705"	"membrane protein"
"EW023_RS04915"	"g012186"	"pyridoxamine kinase"
"EW023_RS04920"	"g009366"	"PLP-dependent aminotransferase family protein"
"EW023_RS04930"	"g007894"	"hypothetical protein"
"EW023_RS04935"	"g010444"	"cardiolipin synthase"
"EW023_RS04940"	"g000979_1"	"formate--tetrahydrofolate ligase"
"EW023_RS04945"	"g002298"	"lipoate--protein ligase"
"EW023_RS04950"	"g002369"	"NAD-dependent deacetylase"
"EW023_RS04955"	"g012456"	"protein-ADP-ribose hydrolase"
"EW023_RS04960"	"g003562"	"glycine cleavage system protein H"
"EW023_RS04965"	"g011512"	"LLM class flavin-dependent oxidoreductase"
"EW023_RS04970"	"g001920"	"NADH-dependent flavin oxidoreductase"
"EW023_RS04975"	"g012264"	"lipoate--protein ligase family protein"
"EW023_RS04980"	"g006115"	"phosphopantothenate--cysteine ligase"
"EW023_RS04985"	"g006767"	"phosphopantothenoylcysteine decarboxylase"
"EW023_RS04990"	"g006642"	"ECF transporter S component"
"EW023_RS04995"	"g010299"	"phospho-sugar mutase"
"EW023_RS05000"	"g011697"	"ABC transporter permease"
"EW023_RS05005"	"g011248"	"ABC transporter permease"
"EW023_RS05010"	"g010505"	"ABC transporter ATP-binding protein"
"EW023_RS05015"	"g005195_1"	"BMP family ABC transporter substrate-binding protein"
"EW023_RS05020"	"g007570"	"cytidine deaminase"
"EW023_RS05025"	"g006533"	"class I SAM-dependent methyltransferase"
"EW023_RS05030"	"g011904"	"type I pantothenate kinase"
"EW023_RS05035"	"g008609"	"30S ribosomal protein S20"
"EW023_RS05040"	"g010989"	"HAMP domain-containing histidine kinase"
"EW023_RS05045"	"g006176"	"response regulator transcription factor"
"EW023_RS05050"	"g011183"	"M1 family metallopeptidase"
"EW023_RS05055"	"g008828"	"hypothetical protein"
"EW023_RS05060"	"g006264"	"phosphate signaling complex protein PhoU"
"EW023_RS05065"	"g001138"	"phosphate ABC transporter ATP-binding protein"
"EW023_RS05070"	"g001138"	"phosphate ABC transporter ATP-binding protein"
"EW023_RS05075"	"g012071"	"phosphate ABC transporter permease PstA"
"EW023_RS05080"	"g011811"	"phosphate ABC transporter permease subunit PstC"
"EW023_RS05085"	"g012187"	"phosphate ABC transporter substrate-binding protein PstS family protein"
"EW023_RS05090"	"g010990"	"23S rRNA methyltransferase"
"EW023_RS05095"	"g012581"	"inositol monophosphatase family protein"
"EW023_RS05100"	"g008292"	"UPF0223 family protein"
"EW023_RS05105"	"g003376"	"transcriptional regulator Spx"
"EW023_RS05110"	"g011832"	"bifunctional riboflavin kinase/FAD synthetase"
"EW023_RS05115"	"g012091"	"tRNA pseudouridine(55) synthase TruB"
"EW023_RS05120"	"g010915"	"DUF2130 domain-containing protein"
"EW023_RS05125"	"g011698"	"aromatic acid exporter family protein"
"EW023_RS05130"	"g006526"	"restriction endonuclease subunit S"
"EW023_RS05135"	"g011165"	"FtsX-like permease family protein"
"EW023_RS05140"	"g013019"	"ABC transporter ATP-binding protein"
"EW023_RS05145"	"g006778"	"TetR/AcrR family transcriptional regulator"
"EW023_RS05150"	"g006316"	"GntR family transcriptional regulator"
"EW023_RS05155"	"g002993_1"	"Asp23/Gls24 family envelope stress response protein"
"EW023_RS05160"	"g003964_2"	"CsbD family protein"
"EW023_RS05165"	"g002993_2"	"Asp23/Gls24 family envelope stress response protein"
"EW023_RS05170"	"g009041"	"DUF2273 domain-containing protein"
"EW023_RS05175"	"g006458"	"alkaline shock response membrane anchor protein AmaP"
"EW023_RS05180"	"g003820_1"	"GlsB/YeaQ/YmgE family stress response membrane protein"
"EW023_RS05185"	"g004494"	"DNA helicase PcrA"
"EW023_RS05190"	"g010970"	"sodium:alanine symporter family protein"
"EW023_RS05195"	"g009486"	"cation diffusion facilitator family transporter"
"EW023_RS05200"	"g012666"	"CAMP factor pore-forming toxin Cfa"
"EW023_RS05205"	"g012346"	"amino acid ABC transporter substrate-binding protein"
"EW023_RS05210"	"g006376"	"amino acid ABC transporter ATP-binding protein"
"EW023_RS05215"	"g006317"	"amino acid ABC transporter permease"
"EW023_RS05220"	"g000769"	"phnA family protein"
"EW023_RS05225"	"g004601"	"glutamine--fructose-6-phosphate transaminase (isomerizing)"
"EW023_RS05230"	"g006706"	"signal peptidase I"
"EW023_RS05235"	"g010547"	"pyruvate kinase"
"EW023_RS05240"	"g001081"	"ATP-dependent 6-phosphofructokinase"
"EW023_RS05245"	"g011112"	"DNA polymerase III subunit alpha"
"EW023_RS05250"	"g003457"	"GntR family transcriptional regulator"
"EW023_RS05255"	"g000239"	"peptidase domain-containing ABC transporter"
"EW023_RS05260"	"g012596"	"hypothetical protein"
"EW023_RS05265"	"g006443"	"TVP38/TMEM64 family protein"
"EW023_RS05275"	"g006425"	"DUF3862 domain-containing protein"
"EW023_RS05280"	"g010031"	"glycogen/starch/alpha-glucan family phosphorylase"
"EW023_RS05285"	"g010575"	"4-alpha-glucanotransferase"
"EW023_RS05290"	"g011409"	"LacI family transcriptional regulator"
"EW023_RS05295"	"g009440"	"extracellular solute-binding protein"
"EW023_RS05300"	"g010853"	"sugar ABC transporter permease"
"EW023_RS05305"	"g012347"	"sugar ABC transporter permease"
"EW023_RS05310"	"g000144"	"LacI family transcriptional regulator"
"EW023_RS05315"	"g012441"	"maltodextrose utilization protein MalA"
"EW023_RS05320"	"g012220"	"sugar ABC transporter permease"
"EW023_RS05325"	"g010998"	"sugar ABC transporter permease"
"EW023_RS05330"	"g010074"	"cyclomaltodextrin glucanotransferase"
"EW023_RS05335"	"g010312"	"alpha-glycosidase"
"EW023_RS05340"	"g009401"	"extracellular solute-binding protein"
"EW023_RS05345"	"g001768"	"hypothetical protein"
"EW023_RS05350"	"g005349"	"alpha/beta hydrolase"
"EW023_RS05355"	"g009425"	"D-alanyl-lipoteichoic acid biosynthesis protein DltD"
"EW023_RS05360"	"g008564"	"D-alanine--poly(phosphoribitol) ligase subunit DltC"
"EW023_RS05365"	"g009413"	"D-alanyl-lipoteichoic acid biosynthesis protein DltB"
"EW023_RS05370"	"g010496"	"D-alanine--poly(phosphoribitol) ligase subunit DltA"
"EW023_RS05375"	"g009250"	"teichoic acid D-Ala incorporation-associated protein DltX"
"EW023_RS05380"	"g000953"	"excinuclease ABC subunit B"
"EW023_RS05385"	"g010057"	"ABC transporter permease subunit"
"EW023_RS05390"	"g000004"	"amino acid ABC transporter ATP-binding protein"
"EW023_RS05395"	"g010806"	"PTS sugar transporter subunit IIC"
"EW023_RS05400"	"g007254"	"DUF3284 domain-containing protein"
"EW023_RS05405"	"g007913"	"PTS lactose/cellobiose transporter subunit IIA"
"EW023_RS05410"	"g000117"	"PTS sugar transporter subunit IIB"
"EW023_RS05415"	"g010131"	"BglG family transcription antiterminator"
"EW023_RS05420"	"g009931"	"DUF871 domain-containing protein"
"EW023_RS05425"	"g010755"	"glycoside hydrolase family 1 protein"
"EW023_RS05430"	"g006085"	"nicotinamide riboside transporter PnuC"
"EW023_RS05435"	"g009221"	"hypothetical protein"
"EW023_RS05440"	"g004127"	"GTPase ObgE"
"EW023_RS05445"	"g004110"	"DUF4044 domain-containing protein"
"EW023_RS05450"	"g014637"	"None"
"EW023_RS05450"	"g014638"	"None"
"EW023_RS05455"	"g012873"	"rRNA pseudouridine synthase"
"EW023_RS05460"	"g007710"	"thioesterase family protein"
"EW023_RS05465"	"g009525"	"MFS transporter"
"EW023_RS05470"	"g010596"	"DUF1846 domain-containing protein"
"EW023_RS05475"	"g007496"	"PaaI family thioesterase"
"EW023_RS05480"	"g014639"	"None"
"EW023_RS05485"	"g010227"	"recombinase family protein"
"EW023_RS05490"	"g004078"	"hypothetical protein"
"EW023_RS05500"	"g003344"	"sigma-70 family RNA polymerase sigma factor"
"EW023_RS05505"	"g014640"	"None"
"EW023_RS05510"	"g004953"	"MATE family efflux transporter"
"EW023_RS05515"	"g010619"	"ABC transporter ATP-binding protein"
"EW023_RS05520"	"g012876"	"energy-coupling factor transporter transmembrane protein EcfT"
"EW023_RS05525"	"g006580"	"MptD family putative ECF transporter S component"
"EW023_RS05530"	"g004639"	"ABC transporter ATP-binding protein"
"EW023_RS05535"	"g004629"	"ABC transporter ATP-binding protein"
"EW023_RS05540"	"g006407"	"TetR/AcrR family transcriptional regulator"
"EW023_RS05545"	"g003508"	"plasmid mobilization relaxosome protein MobC"
"EW023_RS05550"	"g004994"	"relaxase/mobilization nuclease domain-containing protein"
"EW023_RS05555"	"g002717"	"hypothetical protein"
"EW023_RS05560"	"g000456_1"	"hypothetical protein"
"EW023_RS05565"	"g010353"	"group II intron reverse transcriptase/maturase"
"EW023_RS05570"	"g010199"	"DUF4368 domain-containing protein"
"EW023_RS05575"	"g008406"	"hypothetical protein"
"EW023_RS05580"	"g008640"	"hypothetical protein"
"EW023_RS05585"	"g012251"	"ParB/RepB/Spo0J family partition protein"
"EW023_RS05590"	"g011660"	"plasmid recombination protein"
"EW023_RS05595"	"g011387"	"AAA family ATPase"
"EW023_RS05605"	"g007379"	"sigma-70 family RNA polymerase sigma factor"
"EW023_RS05610"	"g006928"	"sigma-70 family RNA polymerase sigma factor"
"EW023_RS05615"	"g008919"	"hypothetical protein"
"EW023_RS05625"	"g004046"	"conjugal transfer protein"
"EW023_RS05630"	"g002044"	"tetracycline resistance ribosomal protection protein Tet(M)"
"EW023_RS05635"	"g007669"	"TnpV protein"
"EW023_RS05640"	"g000456_2"	"CHAP domain-containing protein"
"EW023_RS05645"	"g010482"	"divergent AAA domain protein"
"EW023_RS05650"	"g004649"	"DNA topoisomerase III"
"EW023_RS05655"	"g004497"	"DUF4366 domain-containing protein"
"EW023_RS05660"	"g003849"	"hypothetical protein"
"EW023_RS05665"	"g000456_2"	"CHAP domain-containing protein"
"EW023_RS05670"	"g005137"	"DUF87 domain-containing protein"
"EW023_RS05675"	"g003410"	"PrgI family protein"
"EW023_RS05680"	"g003777"	"hypothetical protein"
"EW023_RS05685"	"g005679"	"hypothetical protein"
"EW023_RS05690"	"g008766"	"conjugative transfer protein"
"EW023_RS05695"	"g003630"	"single-stranded DNA-binding protein"
"EW023_RS05700"	"g014641"	"None"
"EW023_RS05705"	"g004615"	"type IV secretory system conjugative DNA transfer family protein"
"EW023_RS05710"	"g003122"	"PcfB family protein"
"EW023_RS05715"	"g005713"	"ATP-binding protein"
"EW023_RS05720"	"g005877"	"replication initiator protein A"
"EW023_RS05725"	"g003726"	"hypothetical protein"
"EW023_RS05730"	"g004065"	"hypothetical protein"
"EW023_RS05735"	"g002093"	"23S rRNA (uracil(1939)-C(5))-methyltransferase RlmD"
"EW023_RS05740"	"g010659"	"LCP family protein"
"EW023_RS05745"	"g007016"	"shikimate kinase"
"EW023_RS05750"	"g009300"	"3-phosphoshikimate 1-carboxyvinyltransferase"
"EW023_RS05755"	"g011658"	"YihY/virulence factor BrkB family protein"
"EW023_RS05760"	"g012221"	"methionyl aminopeptidase"
"EW023_RS05765"	"g009324"	"CBS domain-containing protein"
"EW023_RS05770"	"g006779"	"GNAT family N-acetyltransferase"
"EW023_RS05780"	"g014642"	"None"
"EW023_RS05790"	"g010234"	"glycoside hydrolase"
"EW023_RS05795"	"g012508"	"HAD family hydrolase"
"EW023_RS05800"	"g012328"	"SDR family oxidoreductase"
"EW023_RS05805"	"g009932"	"mannonate dehydratase"
"EW023_RS05810"	"g010769"	"glucuronate isomerase"
"EW023_RS05815"	"g006430"	"bifunctional 4-hydroxy-2-oxoglutarate aldolase/2-dehydro-3-deoxy-phosphogluconate aldolase"
"EW023_RS05820"	"g006199"	"FadR family transcriptional regulator"
"EW023_RS05825"	"g010235"	"beta-glucuronidase"
"EW023_RS05830"	"g011373"	"sugar kinase"
"EW023_RS05835"	"g010485"	"glucuronide permease"
"EW023_RS05840"	"g004178"	"UDP-N-acetylglucosamine 1-carboxyvinyltransferase"
"EW023_RS05845"	"g000432"	"methionine adenosyltransferase"
"EW023_RS05850"	"g005149"	"internalin"
"EW023_RS05855"	"g011777"	"bifunctional biotin--[acetyl-CoA-carboxylase] synthetase/biotin operon repressor"
"EW023_RS05860"	"g003745"	"DUF3272 domain-containing protein"
"EW023_RS05865"	"g000960"	"DNA polymerase III subunit gamma/tau"
"EW023_RS05870"	"g003089"	"GAF domain-containing protein"
"EW023_RS05875"	"g012470"	"PrsW family intramembrane metalloprotease"
"EW023_RS05880"	"g003776"	"DUF1294 domain-containing protein"
"EW023_RS05885"	"g000581"	"uridine kinase"
"EW023_RS05890"	"g009958"	"DEAD/DEAH box helicase"
"EW023_RS05895"	"g009348"	"polysaccharide deacetylase family protein"
"EW023_RS05900"	"g010698"	"NADP-dependent glyceraldehyde-3-phosphate dehydrogenase"
"EW023_RS05905"	"g000975"	"phosphoenolpyruvate-protein phosphotransferase PtsI"
"EW023_RS05910"	"g003769"	"phosphocarrier protein HPr"
"EW023_RS05915"	"g008738"	"redoxin NrdH"
"EW023_RS05920"	"g010066"	"class 1b ribonucleoside-diphosphate reductase subunit alpha"
"EW023_RS05925"	"g011678"	"class 1b ribonucleoside-diphosphate reductase subunit beta"
"EW023_RS05930"	"g010982"	"chloride channel protein"
"EW023_RS05945"	"g013049"	"CPBP family intramembrane metalloprotease"
"EW023_RS05950"	"g005927"	"DUF3169 family protein"
"EW023_RS05955"	"g001779"	"helix-turn-helix transcriptional regulator"
"EW023_RS05960"	"g005101"	"alanine--tRNA ligase"
"EW023_RS05965"	"g005188_1"	"peptidylprolyl isomerase PrsA"
"EW023_RS05970"	"g012990"	"O-methyltransferase"
"EW023_RS05975"	"g009621"	"OFA family MFS transporter"
"EW023_RS05980"	"g004609"	"oligoendopeptidase F"
"EW023_RS05985"	"g011668"	"competence protein CoiA"
"EW023_RS05990"	"g012954"	"rRNA pseudouridine synthase"
"EW023_RS05995"	"g013007"	"glucosamine-6-phosphate deaminase"
"EW023_RS06000"	"g005237"	"tRNA preQ1(34) S-adenosylmethionine ribosyltransferase-isomerase QueA"
"EW023_RS06005"	"g009526"	"DUF3114 domain-containing protein"
"EW023_RS06015"	"g001737"	"hypothetical protein"
"EW023_RS06020"	"g008666"	"hypothetical protein"
"EW023_RS06025"	"g000304"	"superoxide dismutase [Mn]"
"EW023_RS06030"	"g002282"	"DNA polymerase III subunit delta"
"EW023_RS06035"	"g010035"	"DNA internalization-related competence protein ComEC/Rec2"
"EW023_RS06040"	"g006237"	"ComEA family DNA-binding protein"
"EW023_RS06045"	"g012425"	"1-acyl-sn-glycerol-3-phosphate acyltransferase"
"EW023_RS06050"	"g012651"	"tRNA1(Val) (adenine(37)-N6)-methyltransferase"
"EW023_RS06055"	"g008293"	"GIY-YIG nuclease family protein"
"EW023_RS06060"	"g010128"	"potassium transporter Kup"
"EW023_RS06065"	"g004715"	"DEAD/DEAH box helicase"
"EW023_RS06070"	"g000991"	"peptide chain release factor 3"
"EW023_RS06080"	"g013050"	"TIGR02206 family membrane protein"
"EW023_RS06085"	"g010782"	"UDP-N-acetylmuramoyl-tripeptide--D-alanyl-D- alanine ligase"
"EW023_RS06090"	"g011306"	"D-alanine--D-alanine ligase"
"EW023_RS06095"	"g002853"	"recombination protein RecR"
"EW023_RS06100"	"g003995"	"hypothetical protein"
"EW023_RS06105"	"g012635"	"formate dehydrogenase"
"EW023_RS06110"	"g006780"	"hypothetical protein"
"EW023_RS06115"	"g006888"	"transcription repressor NadR"
"EW023_RS06120"	"g000556"	"2%2C3-diphosphoglycerate-dependent phosphoglycerate mutase"
"EW023_RS06125"	"g011812"	"dihydroorotate oxidase"
"EW023_RS06130"	"g010195"	"cadmium-translocating P-type ATPase"
"EW023_RS06135"	"g000202"	"DNA-binding protein HU-alpha"
"EW023_RS06140"	"g006553"	"YpmS family protein"
"EW023_RS06145"	"g012222"	"SGNH/GDSL hydrolase family protein"
"EW023_RS06150"	"g012326"	"DegV family protein"
"EW023_RS06155"	"g002354"	"LPXTG cell wall anchor domain-containing protein"
"EW023_RS06160"	"g010360"	"DNA repair protein RecN"
"EW023_RS06165"	"g007131"	"arginine repressor"
"EW023_RS06170"	"g012389"	"TlyA family RNA methyltransferase"
"EW023_RS06175"	"g012152"	"polyprenyl synthetase family protein"
"EW023_RS06180"	"g001750"	"exodeoxyribonuclease VII small subunit"
"EW023_RS06185"	"g010916"	"exodeoxyribonuclease VII large subunit"
"EW023_RS06190"	"g001136"	"bifunctional methylenetetrahydrofolate dehydrogenase/methenyltetrahydrofolate cyclohydrolase FolD"
"EW023_RS06195"	"g010322"	"phospho-sugar mutase"
"EW023_RS06200"	"g010739"	"deoxyribodipyrimidine photo-lyase"
"EW023_RS06205"	"g000004"	"amino acid ABC transporter ATP-binding protein"
"EW023_RS06210"	"g006116"	"amino acid ABC transporter permease"
"EW023_RS06215"	"g008635"	"YkuJ family protein"
"EW023_RS06220"	"g000452"	"ATP-dependent chaperone ClpB"
"EW023_RS06225"	"g003230"	"NUDIX hydrolase"
"EW023_RS06230"	"g008145"	"DUF1827 family protein"
"EW023_RS06235"	"g005083"	"isoleucine--tRNA ligase"
"EW023_RS06240"	"g012742"	"DivIVA domain-containing protein"
"EW023_RS06245"	"g012560"	"RNA-binding protein"
"EW023_RS06250"	"g008468"	"YggT family protein"
"EW023_RS06255"	"g006257"	"cell division protein SepF"
"EW023_RS06260"	"g002685"	"YggS family pyridoxal phosphate-dependent enzyme"
"EW023_RS06265"	"g001950"	"cell division protein FtsZ"
"EW023_RS06270"	"g010850"	"cell division protein FtsA"
"EW023_RS06275"	"g009747"	"cell division protein FtsQ/DivIB"
"EW023_RS06280"	"g009969"	"UDP-N-acetylglucosamine--N-acetylmuramyl- (pentapeptide) pyrophosphoryl-undecaprenol N-acetylglucosamine transferase"
"EW023_RS06285"	"g010866"	"UDP-N-acetylmuramoyl-L-alanine--D-glutamate ligase"
"EW023_RS06290"	"g008488"	"DUF3165 family protein"
"EW023_RS06295"	"g000965"	"ribosome-dependent GTPase TypA"
"EW023_RS06300"	"g007571"	"rhodanese-like domain-containing protein"
"EW023_RS06305"	"g011637"	"ROK family glucokinase"
"EW023_RS06310"	"g008874"	"YqgQ family protein"
"EW023_RS06315"	"g006862"	"DNA starvation/stationary phase protection protein"
"EW023_RS06320"	"g006393"	"prepilin peptidase"
"EW023_RS06325"	"g004428"	"23S rRNA (adenine(2503)-C(2))-methyltransferase RlmN"
"EW023_RS06330"	"g002750"	"YutD family protein"
"EW023_RS06335"	"g011619"	"LacI family transcriptional regulator"
"EW023_RS06340"	"g011338"	"PDZ domain-containing protein"
"EW023_RS06345"	"g007017"	"pantetheine-phosphate adenylyltransferase"
"EW023_RS06350"	"g006800"	"16S rRNA (guanine(966)-N(2))-methyltransferase RsmD"
"EW023_RS06355"	"g002326"	"aspartate--ammonia ligase"
"EW023_RS06360"	"g011731"	"carbamate kinase"
"EW023_RS06365"	"g010951"	"Sapep family Mn(2+)-dependent dipeptidase"
"EW023_RS06370"	"g010577"	"YfcC family protein"
"EW023_RS06375"	"g000507"	"ornithine carbamoyltransferase"
"EW023_RS06380"	"g003309"	"GNAT family N-acetyltransferase"
"EW023_RS06385"	"g004218"	"arginine deiminase"
"EW023_RS06390"	"g006147"	"Crp/Fnr family transcriptional regulator"
"EW023_RS06395"	"g007114"	"arginine regulator"
"EW023_RS06405"	"g004452"	"MmcQ/YjbR family DNA-binding protein"
"EW023_RS06410"	"g004638"	"sensor histidine kinase"
"EW023_RS06415"	"g005985"	"response regulator"
"EW023_RS06420"	"g000705"	"peptide-methionine (R)-S-oxide reductase MsrB"
"EW023_RS06425"	"g006406"	"TlpA family protein disulfide reductase"
"EW023_RS06430"	"g012977"	"thiol-disulfide oxidoreductase-associated membrane protein CcdA2"
"EW023_RS06435"	"g011833"	"magnesium transporter CorA family protein"
"EW023_RS06440"	"g011679"	"Gfo/Idh/MocA family oxidoreductase"
"EW023_RS06445"	"g003680"	"CRISPR-associated endonuclease Cas2"
"EW023_RS06450"	"g004202"	"CRISPR-associated helicase/endonuclease Cas3"
"EW023_RS06455"	"g005098"	"valine--tRNA ligase"
"EW023_RS06460"	"g002936"	"AAA family ATPase"
"EW023_RS06465"	"g014643"	"None"
"EW023_RS06475"	"g007523"	"hypothetical protein"
"EW023_RS06480"	"g008469"	"DUF1912 family protein"
"EW023_RS06490"	"g009820"	"site-specific integrase"
"EW023_RS06495"	"g007973"	"DUF771 domain-containing protein"
"EW023_RS06505"	"g012727"	"LPXTG cell wall anchor domain-containing protein"
"EW023_RS06510"	"g006712"	"hypothetical protein"
"EW023_RS06515"	"g010886"	"CHAP domain-containing protein"
"EW023_RS06520"	"g009252"	"putative holin-like toxin"
"EW023_RS06525"	"g006647"	"hypothetical protein"
"EW023_RS06535"	"g010029"	"DUF87 domain-containing protein"
"EW023_RS06540"	"g007456"	"conjugal transfer protein"
"EW023_RS06545"	"g008361"	"hypothetical protein"
"EW023_RS06550"	"g011734"	"conjugal transfer protein"
"EW023_RS06555"	"g007083"	"hypothetical protein"
"EW023_RS06565"	"g008336"	"hypothetical protein"
"EW023_RS06575"	"g007654"	"hypothetical protein"
"EW023_RS06580"	"g009459"	"XRE family transcriptional regulator"
"EW023_RS06585"	"g010372"	"cell division protein FtsK"
"EW023_RS06590"	"g007217"	"hypothetical protein"
"EW023_RS06595"	"g008123"	"hypothetical protein"
"EW023_RS06600"	"g011061"	"LPXTG cell wall anchor domain-containing protein"
"EW023_RS06605"	"g010037"	"LPXTG cell wall anchor domain-containing protein"
"EW023_RS06610"	"g007549"	"hypothetical protein"
"EW023_RS06615"	"g007301"	"thioredoxin family protein"
"EW023_RS06620"	"g007332"	"helix-turn-helix transcriptional regulator"
"EW023_RS06625"	"g007899"	"helix-turn-helix transcriptional regulator"
"EW023_RS06630"	"g007395"	"ImmA/IrrE family metallo-endopeptidase"
"EW023_RS06635"	"g007775"	"hypothetical protein"
"EW023_RS06640"	"g007900"	"hypothetical protein"
"EW023_RS06645"	"g008205"	"type II toxin-antitoxin system RelB/DinJ family antitoxin"
"EW023_RS06655"	"g005046"	"alpha-like surface protein"
"EW023_RS06660"	"g009635"	"YSIRK-targeted surface antigen transcriptional regulator"
"EW023_RS06665"	"g004436"	"3-deoxy-7-phosphoheptulonate synthase"
"EW023_RS06670"	"g009999"	"3-dehydroquinate synthase"
"EW023_RS06675"	"g008120"	"cupin domain-containing protein"
"EW023_RS06680"	"g007895"	"cupin domain-containing protein"
"EW023_RS06685"	"g005928"	"class I SAM-dependent methyltransferase"
"EW023_RS06690"	"g002444"	"shikimate dehydrogenase"
"EW023_RS06695"	"g005061"	"glycoside hydrolase family 2 protein"
"EW023_RS06700"	"g004814"	"response regulator transcription factor"
"EW023_RS06705"	"g010287"	"sensor histidine kinase"
"EW023_RS06710"	"g006477"	"YesL family protein"
"EW023_RS06715"	"g010669"	"extracellular solute-binding protein"
"EW023_RS06720"	"g011870"	"carbohydrate ABC transporter permease"
"EW023_RS06725"	"g011732"	"sugar ABC transporter permease"
"EW023_RS06730"	"g005504"	"ROK family protein"
"EW023_RS06735"	"g002148"	"glycoside hydrolase family 1 protein"
"EW023_RS06740"	"g004656"	"hyaluronidase"
"EW023_RS06745"	"g001066_2"	"GntR family transcriptional regulator"
"EW023_RS06750"	"g010981"	"glycoside hydrolase family 125 protein"
"EW023_RS06755"	"g002244"	"alpha-mannosidase"
"EW023_RS06760"	"g010878"	"sensor histidine kinase"
"EW023_RS06765"	"g010879"	"23S rRNA (uracil(1939)-C(5))-methyltransferase RlmD"
"EW023_RS06770"	"g012652"	"recombination regulator RecX"
"EW023_RS06775"	"g002985"	"DUF402 domain-containing protein"
"EW023_RS06780"	"g000036_4"	"hypothetical protein"
"EW023_RS06850"	"g008685"	"hypothetical protein"
"EW023_RS06855"	"g006757"	"ribosome-associated translation inhibitor RaiA"
"EW023_RS06870"	"g006358"	"YigZ family protein"
"EW023_RS06875"	"g001096"	"cysteine synthase A"
"EW023_RS06880"	"g003443"	"S1 RNA-binding domain-containing protein"
"EW023_RS06885"	"g000616_1"	"peptidyl-prolyl cis-trans isomerase"
"EW023_RS06890"	"g000039"	"response regulator transcription factor"
"EW023_RS06895"	"g011478"	"sensor histidine kinase"
"EW023_RS06900"	"g012825"	"cell wall-active antibiotics response protein"
"EW023_RS06905"	"g010173"	"Stk1 family PASTA domain-containing Ser/Thr kinase"
"EW023_RS06910"	"g012845"	"Stp1/IreP family PP2C-type Ser/Thr phosphatase"
"EW023_RS06915"	"g005006"	"16S rRNA (cytosine(967)-C(5))-methyltransferase RsmB"
"EW023_RS06920"	"g005461"	"methionyl-tRNA formyltransferase"
"EW023_RS06925"	"g005148"	"primosomal protein N'"
"EW023_RS06930"	"g008034"	"DNA-directed RNA polymerase subunit omega"
"EW023_RS06935"	"g002770"	"guanylate kinase"
"EW023_RS06940"	"g004728"	"ribonuclease Y"
"EW023_RS06945"	"g000007"	"LysR family transcriptional regulator"
"EW023_RS06950"	"g000057"	"acetyl-CoA C-acetyltransferase"
"EW023_RS06955"	"g001255"	"CoA transferase subunit A"
"EW023_RS06960"	"g000162"	"CoA transferase subunit B"
"EW023_RS06965"	"g012636"	"3-hydroxybutyrate dehydrogenase"
"EW023_RS06970"	"g010952"	"GntP family permease"
"EW023_RS06975"	"g007060"	"S-ribosylhomocysteine lyase"
"EW023_RS06980"	"g010629"	"hypothetical protein"
"EW023_RS06985"	"g009760"	"class I SAM-dependent RNA methyltransferase"
"EW023_RS06995"	"g007971"	"cell division regulator GpsB"
"EW023_RS07000"	"g006917"	"DUF1273 domain-containing protein"
"EW023_RS07005"	"g006466"	"Holliday junction resolvase RecU"
"EW023_RS07010"	"g010061"	"penicillin-binding protein"
"EW023_RS07015"	"g010923"	"aminopeptidase C"
"EW023_RS07020"	"g001141"	"ammonia-dependent NAD(+) synthetase"
"EW023_RS07025"	"g004824"	"nicotinate phosphoribosyltransferase"
"EW023_RS07030"	"g010807"	"amino acid permease"
"EW023_RS07035"	"g005462"	"thioredoxin-disulfide reductase"
"EW023_RS07040"	"g008686"	"DUF4059 family protein"
"EW023_RS07045"	"g000004"	"amino acid ABC transporter ATP-binding protein"
"EW023_RS07050"	"g012506"	"amino acid ABC transporter permease"
"EW023_RS07055"	"g010905"	"DEAD/DEAH box helicase"
"EW023_RS07060"	"g011446"	"phospho-N-acetylmuramoyl-pentapeptide- transferase"
"EW023_RS07065"	"g010034"	"penicillin-binding protein"
"EW023_RS07070"	"g007993"	"cell division protein FtsL"
"EW023_RS07075"	"g005270"	"16S rRNA (cytosine(1402)-N(4))-methyltransferase RsmH"
"EW023_RS07080"	"g003747"	"hypothetical protein"
"EW023_RS07085"	"g009426"	"glutamate-5-semialdehyde dehydrogenase"
"EW023_RS07090"	"g012411"	"glutamate 5-kinase"
"EW023_RS07095"	"g004706"	"ABC transporter permease"
"EW023_RS07100"	"g012874"	"ABC transporter ATP-binding protein"
"EW023_RS07105"	"g003766"	"bacteriocin immunity protein"
"EW023_RS07110"	"g000088"	"transketolase"
"EW023_RS07115"	"g006301"	"fructose-6-phosphate aldolase"
"EW023_RS07120"	"g004798"	"helix-turn-helix domain-containing protein"
"EW023_RS07125"	"g010900"	"NAD(P)/FAD-dependent oxidoreductase"
"EW023_RS07130"	"g002492"	"aquaporin family protein"
"EW023_RS07135"	"g010205"	"type 1 glycerol-3-phosphate oxidase"
"EW023_RS07140"	"g000997"	"glycerol kinase GlpK"
"EW023_RS07145"	"g007234"	"PepSY domain-containing protein"
"EW023_RS07150"	"g003798"	"DUF896 family protein"
"EW023_RS07155"	"g004530"	"glycine--tRNA ligase subunit beta"
"EW023_RS07160"	"g005526"	"glycine--tRNA ligase subunit alpha"
"EW023_RS07165"	"g008851"	"hypothetical protein"
"EW023_RS07170"	"g006733"	"isoprenylcysteine carboxyl methyltransferase family protein"
"EW023_RS07175"	"g012327"	"aldo/keto reductase"
"EW023_RS07180"	"g009779"	"N-acetylglucosamine-6-phosphate deacetylase"
"EW023_RS07185"	"g010401"	"Na/Pi cotransporter family protein"
"EW023_RS07190"	"g012930"	"hypothetical protein"
"EW023_RS07195"	"g012304"	"DegV family protein"
"EW023_RS07200"	"g006707"	"TetR/AcrR family transcriptional regulator"
"EW023_RS07205"	"g005773_1"	"Cof-type HAD-IIB family hydrolase"
"EW023_RS07210"	"g006478"	"trimeric intracellular cation channel family protein"
"EW023_RS07215"	"g002337"	"tagatose-bisphosphate aldolase"
"EW023_RS07225"	"g000657_1"	"galactose-6-phosphate isomerase subunit LacB"
"EW023_RS07230"	"g000713_2"	"galactose-6-phosphate isomerase subunit LacA"
"EW023_RS07240"	"g010662"	"PTS glucose transporter subunit IIC"
"EW023_RS07245"	"g001662"	"PTS sugar transporter subunit IIB"
"EW023_RS07250"	"g007115"	"PTS sugar transporter subunit IIA"
"EW023_RS07255"	"g005890_1"	"DeoR/GlpR transcriptional regulator"
"EW023_RS07260"	"g001831"	"hypothetical protein"
"EW023_RS07265"	"g000838"	"heavy-metal-associated domain-containing protein"
"EW023_RS07270"	"g004493"	"copper-translocating P-type ATPase"
"EW023_RS07275"	"g000706"	"CopY/TcrY family copper transport repressor"
"EW023_RS07280"	"g005304"	"alpha/beta hydrolase"
"EW023_RS07285"	"g003507"	"30S ribosome-binding factor RbfA"
"EW023_RS07290"	"g000950"	"translation initiation factor IF-2"
"EW023_RS07295"	"g008146"	"YlxQ-related RNA-binding protein"
"EW023_RS07300"	"g008180"	"YlxR family protein"
"EW023_RS07305"	"g009752"	"transcription termination/antitermination protein NusA"
"EW023_RS07310"	"g014644"	"None"
"EW023_RS07320"	"g002751"	"tRNA (guanosine(46)-N7)-methyltransferase TrmB"
"EW023_RS07325"	"g012561"	"phosphotransferase family protein"
"EW023_RS07330"	"g011350"	"ABC transporter permease"
"EW023_RS07335"	"g005986"	"ABC transporter ATP-binding protein"
"EW023_RS07340"	"g001519"	"HIT family protein"
"EW023_RS07345"	"g007772"	"hypothetical protein"
"EW023_RS07350"	"g009325"	"LCP family protein"
"EW023_RS07355"	"g006873"	"GNAT family N-acetyltransferase"
"EW023_RS07360"	"g007174"	"tRNA (adenosine(37)-N6)-threonylcarbamoyltransferase complex ATPase subunit type 1 TsaE"
"EW023_RS07365"	"g010645"	"NCS2 family permease"
"EW023_RS07370"	"g012457"	"Cof-type HAD-IIB family hydrolase"
"EW023_RS07375"	"g011541"	"PTS mannose transporter subunit IIAB"
"EW023_RS07380"	"g000273"	"PTS mannose/fructose/sorbose transporter subunit IIC"
"EW023_RS07385"	"g011954"	"PTS mannose/fructose/sorbose transporter family subunit IID"
"EW023_RS07390"	"g007758"	"DUF956 family protein"
"EW023_RS07395"	"g000864"	"serine--tRNA ligase"
"EW023_RS07400"	"g001104"	"acetyl-CoA carboxylase carboxyl transferase subunit alpha"
"EW023_RS07405"	"g012188"	"acetyl-CoA carboxylase carboxyltransferase subunit beta"
"EW023_RS07410"	"g000255"	"acetyl-CoA carboxylase biotin carboxylase subunit"
"EW023_RS07415"	"g003280"	"3-hydroxyacyl-ACP dehydratase FabZ"
"EW023_RS07420"	"g006974"	"acetyl-CoA carboxylase biotin carboxyl carrier protein"
"EW023_RS07425"	"g009497"	"beta-ketoacyl-ACP synthase II"
"EW023_RS07430"	"g012875"	"3-oxoacyl-[acyl-carrier-protein] reductase"
"EW023_RS07435"	"g011800"	"ACP S-malonyltransferase"
"EW023_RS07440"	"g011638"	"enoyl-[acyl-carrier-protein] reductase FabK"
"EW023_RS07445"	"g008687"	"acyl carrier protein"
"EW023_RS07450"	"g011628"	"ketoacyl-ACP synthase III"
"EW023_RS07455"	"g007331"	"MarR family transcriptional regulator"
"EW023_RS07460"	"g012562"	"enoyl-CoA hydratase"
"EW023_RS07465"	"g004354"	"molecular chaperone DnaJ"
"EW023_RS07470"	"g000961"	"molecular chaperone DnaK"
"EW023_RS07475"	"g006621"	"nucleotide exchange factor GrpE"
"EW023_RS07480"	"g011351"	"heat-inducible transcriptional repressor HrcA"
"EW023_RS07485"	"g006643"	"glycoside hydrolase family 73 protein"
"EW023_RS07490"	"g005975"	"D-alanyl-D-alanine carboxypeptidase family protein"
"EW023_RS07495"	"g006064"	"histidine phosphatase family protein"
"EW023_RS07500"	"g003820_2"	"GlsB/YeaQ/YmgE family stress response membrane protein"
"EW023_RS07505"	"g003929"	"hypothetical protein"
"EW023_RS07510"	"g004848"	"Asp-tRNA(Asn)/Glu-tRNA(Gln) amidotransferase subunit GatB"
"EW023_RS07515"	"g004828"	"Asp-tRNA(Asn)/Glu-tRNA(Gln) amidotransferase subunit GatA"
"EW023_RS07520"	"g008147"	"Asp-tRNA(Asn)/Glu-tRNA(Gln) amidotransferase subunit GatC"
"EW023_RS07530"	"g004018"	"hypothetical protein"
"EW023_RS07535"	"g006734"	"cysteine hydrolase"
"EW023_RS07540"	"g012618"	"GTP-sensing pleiotropic transcriptional regulator CodY"
"EW023_RS07545"	"g001918"	"pyridoxal phosphate-dependent aminotransferase"
"EW023_RS07550"	"g001430_1"	"universal stress protein"
"EW023_RS07555"	"g010787"	"Cof-type HAD-IIB family hydrolase"
"EW023_RS07560"	"g005381"	"asparaginase"
"EW023_RS07565"	"g013008"	"ABC transporter permease"
"EW023_RS07570"	"g012004"	"ABC transporter ATP-binding protein"
"EW023_RS07575"	"g004523"	"ATP-dependent DNA helicase RecG"
"EW023_RS07580"	"g000036_2"	"hypothetical protein"
"EW023_RS07585"	"g010773"	"ABC transporter ATP-binding protein"
"EW023_RS07590"	"g006148"	"energy-coupling factor transporter transmembrane protein EcfT"
"EW023_RS07595"	"g006534"	"MptD family putative ECF transporter S component"
"EW023_RS07600"	"g010352"	"ABC transporter ATP-binding protein"
"EW023_RS07605"	"g010256"	"ABC transporter ATP-binding protein/permease"
"EW023_RS07610"	"g000537"	"ABC transporter ATP-binding protein"
"EW023_RS07615"	"g011399"	"iron ABC transporter permease"
"EW023_RS07620"	"g012092"	"heme ABC transporter substrate-binding protein IsdE"
"EW023_RS07625"	"g012138"	"heme-binding protein"
"EW023_RS07630"	"g011066"	"DUF1533 domain-containing protein"
"EW023_RS07635"	"g000462"	"CHAP domain-containing protein"
"EW023_RS07640"	"g004412"	"alanine racemase"
"EW023_RS07645"	"g007773"	"holo-ACP synthase"
"EW023_RS07650"	"g000026"	"preprotein translocase subunit SecA"
"EW023_RS07655"	"g014645"	"None"
"EW023_RS07660"	"g009828"	"ISAs1-like element IS1548 family transposase"
"EW023_RS07665"	"g005414"	"mannose-6-phosphate isomerase%2C class I"
"EW023_RS07670"	"g012093"	"ROK family protein"
"EW023_RS07675"	"g002237"	"endo-beta-N-acetylglucosaminidase"
"EW023_RS07680"	"g010183"	"PTS beta-glucoside transporter subunit IIBCA"
"EW023_RS07685"	"g010677"	"glycoside hydrolase family 32 protein"
"EW023_RS07690"	"g011659"	"LacI family transcriptional regulator"
"EW023_RS07695"	"g007235"	"transcription antitermination factor NusB"
"EW023_RS07700"	"g007572"	"Asp23/Gls24 family envelope stress response protein"
"EW023_RS07705"	"g006708"	"elongation factor P"
"EW023_RS07710"	"g001468"	"ComE operon protein 2"
"EW023_RS07715"	"g010000"	"aminopeptidase P family protein"
"EW023_RS07720"	"g001041"	"excinuclease ABC subunit UvrA"
"EW023_RS07725"	"g000126_1"	"hypothetical protein"
"EW023_RS07730"	"g005819_1"	"streptodornase Sda3"
"EW023_RS07735"	"g007049"	"hypothetical protein"
"EW023_RS07740"	"g012189"	"DUF334 domain-containing protein"
"EW023_RS07745"	"g006875"	"DUF4065 domain-containing protein"
"EW023_RS07750"	"g000429_1"	"CHAP domain-containing protein"
"EW023_RS07755"	"g001814"	"hypothetical protein"
"EW023_RS07760"	"g001665"	"hypothetical protein"
"EW023_RS07765"	"g000165_1"	"DUF1366 domain-containing protein"
"EW023_RS07770"	"g000360_1"	"DUF1617 family protein"
"EW023_RS07775"	"g000460_1"	"hypothetical protein"
"EW023_RS07780"	"g008055"	"hypothetical protein"
"EW023_RS07785"	"g001774_1"	"hypothetical protein"
"EW023_RS07790"	"g000947"	"peptidase"
"EW023_RS07795"	"g012956"	"hypothetical protein"
"EW023_RS07800"	"g011103"	"tape measure protein"
"EW023_RS07805"	"g006581"	"hypothetical protein"
"EW023_RS07810"	"g007333"	"hypothetical protein"
"EW023_RS07815"	"g007176"	"hypothetical protein"
"EW023_RS07820"	"g007508"	"phage capsid protein"
"EW023_RS07825"	"g007776"	"hypothetical protein"
"EW023_RS07830"	"g007928"	"hypothetical protein"
"EW023_RS07835"	"g007430"	"hypothetical protein"
"EW023_RS07840"	"g012429"	"N4-gp56 family major capsid protein"
"EW023_RS07845"	"g006445"	"hypothetical protein"
"EW023_RS07850"	"g000203"	"hypothetical protein"
"EW023_RS07855"	"g008567"	"hypothetical protein"
"EW023_RS07860"	"g010612"	"phage capsid protein"
"EW023_RS07865"	"g010548"	"phage portal protein"
"EW023_RS07870"	"g009562"	"PBSX family phage terminase large subunit"
"EW023_RS07875"	"g007116"	"hypothetical protein"
"EW023_RS07880"	"g007655"	"ASCH domain-containing protein"
"EW023_RS07885"	"g014646"	"None"
"EW023_RS07890"	"g006163"	"hypothetical protein"
"EW023_RS07895"	"g006908"	"chromosome partitioning protein ParB"
"EW023_RS07900"	"g007319"	"DUF1492 domain-containing protein"
"EW023_RS07905"	"g001293"	"SAM-dependent DNA methyltransferase"
"EW023_RS07910"	"g007497"	"hypothetical protein"
"EW023_RS07915"	"g007063"	"class I SAM-dependent methyltransferase"
"EW023_RS07920"	"g000116_2"	"hypothetical protein"
"EW023_RS07925"	"g009070"	"hypothetical protein"
"EW023_RS07930"	"g007509"	"hypothetical protein"
"EW023_RS07935"	"g005837"	"hypothetical protein"
"EW023_RS07940"	"g008916"	"hypothetical protein"
"EW023_RS07945"	"g005478"	"DNA recombination protein RecT"
"EW023_RS07950"	"g003570"	"hypothetical protein"
"EW023_RS07955"	"g008850"	"hypothetical protein"
"EW023_RS07960"	"g004089"	"hypothetical protein"
"EW023_RS07965"	"g003870"	"hypothetical protein"
"EW023_RS07970"	"g003409"	"DnaD domain protein"
"EW023_RS07975"	"g003799"	"hypothetical protein"
"EW023_RS07980"	"g001813"	"hypothetical protein"
"EW023_RS07985"	"g008446"	"hypothetical protein"
"EW023_RS07990"	"g008768"	"hypothetical protein"
"EW023_RS07995"	"g007901"	"hypothetical protein"
"EW023_RS08000"	"g003965"	"KTSC domain-containing protein"
"EW023_RS08005"	"g000279"	"oxidoreductase"
"EW023_RS08010"	"g009006"	"hypothetical protein"
"EW023_RS08015"	"g014647"	"None"
"EW023_RS08020"	"g001548_1"	"helix-turn-helix transcriptional regulator"
"EW023_RS08025"	"g003429"	"hypothetical protein"
"EW023_RS08030"	"g006890"	"hypothetical protein"
"EW023_RS08035"	"g004325"	"site-specific integrase"
"EW023_RS08040"	"g011763"	"magnesium transporter CorA family protein"
"EW023_RS08045"	"g006258"	"DUF1129 domain-containing protein"
"EW023_RS08050"	"g001749"	"30S ribosomal protein S18"
"EW023_RS08055"	"g000102_1"	"single-stranded DNA-binding protein"
"EW023_RS08060"	"g003672"	"30S ribosomal protein S6"
"EW023_RS08065"	"g008204"	"hypothetical protein"
"EW023_RS08070"	"g009853"	"A/G-specific adenine glycosylase"
"EW023_RS08075"	"g001348"	"helix-turn-helix transcriptional regulator"
"EW023_RS08080"	"g000775"	"thioredoxin TrxA"
"EW023_RS08085"	"g006960"	"phosphatase PAP2 family protein"
"EW023_RS08090"	"g011233"	"endonuclease MutS2"
"EW023_RS08095"	"g002980"	"CvpA family protein"
"EW023_RS08100"	"g008103"	"hypothetical protein"
"EW023_RS08105"	"g012005"	"ribonuclease HIII"
"EW023_RS08110"	"g006535"	"signal peptidase I"
"EW023_RS08115"	"g005128"	"ATP-dependent RecD-like DNA helicase"
"EW023_RS08120"	"g003131"	"hypothetical protein"
"EW023_RS08125"	"g009930"	"DNA polymerase IV"
"EW023_RS08130"	"g011237"	"formate C-acetyltransferase"
"EW023_RS08135"	"g011733"	"serine hydrolase"
"EW023_RS08140"	"g012779"	"peptidase"
"EW023_RS08145"	"g012072"	"TSUP family transporter"
"EW023_RS08150"	"g011747"	"aquaporin family protein"
"EW023_RS08155"	"g001430_2"	"universal stress protein"
"EW023_RS08160"	"g011024"	"MFS transporter"
"EW023_RS08165"	"g012940"	"Crp/Fnr family transcriptional regulator"
"EW023_RS08170"	"g010026"	"Xaa-Pro dipeptidyl-peptidase"
"EW023_RS08175"	"g008712"	"helix-turn-helix transcriptional regulator"
"EW023_RS08180"	"g007667"	"helix-turn-helix transcriptional regulator"
"EW023_RS08185"	"g008162"	"YbaB/EbfC family nucleoid-associated protein"
"EW023_RS08190"	"g000199"	"MerR family transcriptional regulator"
"EW023_RS08195"	"g002788"	"3'-5' exonuclease"
"EW023_RS08200"	"g006578"	"DUF536 domain-containing protein"
"EW023_RS08205"	"g007018"	"hypothetical protein"
"EW023_RS08210"	"g006408"	"ATP-binding cassette domain-containing protein"
"EW023_RS08215"	"g010137"	"hypothetical protein"
"EW023_RS08220"	"g008124"	"hypothetical protein"
"EW023_RS08225"	"g004306"	"NAD(P)/FAD-dependent oxidoreductase"
"EW023_RS08230"	"g006198"	"deoxyribose-phosphate aldolase"
"EW023_RS08235"	"g009598"	"NupC/NupG family nucleoside CNT transporter"
"EW023_RS08240"	"g012637"	"uridine phosphorylase"
"EW023_RS08245"	"g012743"	"GntR family transcriptional regulator"
"EW023_RS08250"	"g000383"	"30S ribosomal protein S14"
"EW023_RS08255"	"g005238"	"tRNA (adenosine(37)-N6)-threonylcarbamoyltransferase complex transferase subunit TsaD"
"EW023_RS08260"	"g003318"	"ribosomal-protein-alanine N-acetyltransferase"
"EW023_RS08265"	"g013030"	"tRNA (adenosine(37)-N6)-threonylcarbamoyltransferase complex dimerization subunit type 1 TsaB"
"EW023_RS08270"	"g008636"	"DNA-dependent RNA polymerase auxiliary subunit epsilon family protein"
"EW023_RS08275"	"g004654"	"ribonuclease J"
"EW023_RS08280"	"g004973"	"type I glutamate--ammonia ligase"
"EW023_RS08285"	"g003459"	"MerR family transcriptional regulator"
"EW023_RS08290"	"g006746"	"aromatic acid exporter family protein"
"EW023_RS08295"	"g004268"	"phosphoglycerate kinase"
"EW023_RS08300"	"g005609"	"5'-nucleotidase%2C lipoprotein e(P4) family"
"EW023_RS08305"	"g012058"	"SPFH domain-containing protein"
"EW023_RS08310"	"g004674"	"DAK2 domain-containing protein"
"EW023_RS08315"	"g007711"	"Asp23/Gls24 family envelope stress response protein"
"EW023_RS08320"	"g004005"	"50S ribosomal protein L28"
"EW023_RS08325"	"g012107"	"fructose-bisphosphate aldolase"
"EW023_RS08335"	"g011871"	"alpha/beta hydrolase"
"EW023_RS08340"	"g000986"	"CTP synthase (glutamine hydrolyzing)"
"EW023_RS08345"	"g006608"	"DNA-directed RNA polymerase subunit delta"
"EW023_RS08350"	"g009326"	"trigger factor"
"EW023_RS08355"	"g012290"	"mechanosensitive ion channel family protein"
"EW023_RS08360"	"g006709"	"TIGR01440 family protein"
"EW023_RS08365"	"g007132"	"membrane protein"
"EW023_RS08370"	"g012712"	"bifunctional hydroxymethylpyrimidine kinase/phosphomethylpyrimidine kinase"
"EW023_RS08375"	"g012795"	"tRNA pseudouridine(38-40) synthase TruA"
"EW023_RS08380"	"g006744"	"sigma-70 family RNA polymerase sigma factor"
"EW023_RS08415"	"g010001"	"glycerate kinase"
"EW023_RS08420"	"g011125"	"type I restriction endonuclease subunit R"
"EW023_RS08425"	"g000897"	"restriction endonuclease subunit S"
"EW023_RS08430"	"g010440"	"type I restriction-modification system subunit M"
"EW023_RS08435"	"g008913"	"hypothetical protein"
"EW023_RS08440"	"g006479"	"response regulator transcription factor"
"EW023_RS08445"	"g002114"	"ATP-binding protein"
"EW023_RS08450"	"g002046"	"FtsX-like permease family protein"
"EW023_RS08455"	"g001181"	"ABC transporter ATP-binding protein"
"EW023_RS08460"	"g014648"	"None"
"EW023_RS08465"	"g000988"	"DUF4135 domain-containing protein"
"EW023_RS08470"	"g009227"	"type A2 lantipeptide"
"EW023_RS08475"	"g004879"	"6-phospho-beta-galactosidase"
"EW023_RS08480"	"g004650"	"PTS lactose EIICB component"
"EW023_RS08485"	"g003604"	"PTS lactose/cellobiose transporter subunit IIA"
"EW023_RS08490"	"g002337"	"tagatose-bisphosphate aldolase"
"EW023_RS08495"	"g002382"	"tagatose-6-phosphate kinase"
"EW023_RS08500"	"g000657_2"	"galactose-6-phosphate isomerase subunit LacB"
"EW023_RS08505"	"g000713_1"	"galactose-6-phosphate isomerase subunit LacA"
"EW023_RS08510"	"g005890_2"	"DeoR/GlpR transcriptional regulator"
"EW023_RS08515"	"g008243"	"DNA-damage-inducible protein J"
"EW023_RS08520"	"g003557"	"type II toxin-antitoxin system RelE/ParE family toxin"
"EW023_RS08525"	"g009110"	"integrase"
"EW023_RS08535"	"g014649"	"None"
"EW023_RS08540"	"g001558"	"30S ribosomal protein S9"
"EW023_RS08545"	"g000700"	"50S ribosomal protein L13"
"EW023_RS08550"	"g000302"	"helix-turn-helix transcriptional regulator"
"EW023_RS08555"	"g000648"	"hypothetical protein"
"EW023_RS08560"	"g012223"	"DegV family protein"
"EW023_RS08565"	"g006907"	"NYN domain-containing protein"
"EW023_RS08570"	"g012806"	"23S rRNA (guanosine(2251)-2'-O)-methyltransferase RlmB"
"EW023_RS08575"	"g012538"	"hypothetical protein"
"EW023_RS08580"	"g007441"	"Mini-ribonuclease 3"
"EW023_RS08585"	"g004893"	"cysteine--tRNA ligase"
"EW023_RS08590"	"g008637"	"hypothetical protein"
"EW023_RS08595"	"g000036_1"	"hypothetical protein"
"EW023_RS08600"	"g006579"	"serine O-acetyltransferase"
"EW023_RS08605"	"g012780"	"SseB family protein"
"EW023_RS08610"	"g000110"	"polyribonucleotide nucleotidyltransferase"
"EW023_RS08615"	"g001185"	"transaldolase"
"EW023_RS08620"	"g000871"	"PTS ascorbate transporter subunit IIC"
"EW023_RS08625"	"g008255"	"PTS sugar transporter subunit IIB"
"EW023_RS08630"	"g010103"	"BglG family transcription antiterminator"
"EW023_RS08635"	"g000394"	"30S ribosomal protein S15"
"EW023_RS08640"	"g009228"	"hypothetical protein"
"EW023_RS08645"	"g008359"	"transcriptional regulator"
"EW023_RS08650"	"g002815"	"peptide deformylase"
"EW023_RS08655"	"g006781"	"NAD(P)H-dependent oxidoreductase"
"EW023_RS08660"	"g007365"	"MarR family transcriptional regulator"
"EW023_RS08665"	"g011053"	"PolC-type DNA polymerase III"
"EW023_RS08670"	"g010198"	"proline--tRNA ligase"
"EW023_RS08675"	"g009402"	"RIP metalloprotease RseP"
"EW023_RS08680"	"g012552"	"phosphatidate cytidylyltransferase"
"EW023_RS08685"	"g005901"	"isoprenyl transferase"
"EW023_RS08690"	"g007712"	"preprotein translocase subunit YajC"
"EW023_RS08695"	"g007668"	"thiol reductase thioredoxin"
"EW023_RS08700"	"g002229"	"pullulanase"
"EW023_RS08705"	"g008638"	"hypothetical protein"
"EW023_RS08710"	"g004723"	"alpha-glucosidase"
"EW023_RS08715"	"g000915"	"sn-glycerol-3-phosphate ABC transporter ATP-binding protein UgpC"
"EW023_RS08720"	"g005721"	"PucR family transcriptional regulator"
"EW023_RS08725"	"g001024"	"streptokinase"
"EW023_RS08730"	"g003267"	"D-tyrosyl-tRNA(Tyr) deacylase"
"EW023_RS08735"	"g010043"	"bifunctional (p)ppGpp synthetase/guanosine-3'%2C5'-bis(diphosphate) 3'-pyrophosphohydrolase"
"EW023_RS08740"	"g000009_1"	"LPXTG cell wall anchor domain-containing protein"
"EW023_RS08745"	"g007061"	"class Ib ribonucleoside-diphosphate reductase assembly flavoprotein NrdI"
"EW023_RS08750"	"g012426"	"endonuclease/exonuclease/phosphatase family protein"
"EW023_RS08755"	"g010053"	"PTS glucose transporter subunit IIABC"
"EW023_RS08760"	"g001173"	"16S rRNA (uracil(1498)-N(3))-methyltransferase"
"EW023_RS08765"	"g002362"	"50S ribosomal protein L11 methyltransferase"
"EW023_RS08770"	"g003185"	"DUF3013 family protein"
"EW023_RS08775"	"g000974"	"aminodeoxychorismate synthase component I"
"EW023_RS08780"	"g006657"	"aminodeoxychorismate/anthranilate synthase component II"
"EW023_RS08785"	"g004162"	"replication-associated recombination protein A"
"EW023_RS08800"	"g003278"	"GNAT family N-acetyltransferase"
"EW023_RS08805"	"g003066"	"DNA topology modulation protein"
"EW023_RS08810"	"g014650"	"None"
"EW023_RS08815"	"g010404"	"ABC transporter substrate-binding protein"
"EW023_RS08820"	"g011620"	"ABC transporter permease"
"EW023_RS08825"	"g012412"	"ABC transporter permease"
"EW023_RS08830"	"g012507"	"ABC transporter ATP-binding protein"
"EW023_RS08835"	"g006390"	"ABC transporter ATP-binding protein"
"EW023_RS08840"	"g003964_1"	"CsbD family protein"
"EW023_RS08845"	"g011198"	"pneumococcal-type histidine triad protein"
"EW023_RS08850"	"g011905"	"metal ABC transporter substrate-binding lipoprotein/laminin-binding adhesin Lmb"
"EW023_RS08855"	"g000873"	"YSIRK signal domain/LPXTG anchor domain surface protein"
"EW023_RS08860"	"g002226"	"C5a peptidase ScpA/B"
"EW023_RS08865"	"g000009_3"	"LPXTG cell wall anchor domain-containing protein"
"EW023_RS08870"	"g000009_5"	"YSIRK-type signal peptide-containing protein"
"EW023_RS08875"	"g000009_4"	"M-related protein Mrp"
"EW023_RS08880"	"g004729"	"M protein trans-acting positive regulator"
"EW023_RS08885"	"g001805"	"hypothetical protein"
"EW023_RS08890"	"g003813"	"hypothetical protein"
"EW023_RS08895"	"g000462"	"CHAP domain-containing protein"
"EW023_RS08900"	"g010788"	"HAMP domain-containing histidine kinase"
"EW023_RS08905"	"g006265"	"response regulator transcription factor"
"EW023_RS08910"	"g009542"	"FtsX-like permease family protein"
"EW023_RS08915"	"g000554"	"macrolide ABC transporter ATP-binding protein/permease MacB"
"EW023_RS08920"	"g009368"	"efflux RND transporter periplasmic adaptor subunit"
"EW023_RS08925"	"g007476"	"hypothetical protein"
"EW023_RS08930"	"g003671"	"DUF4298 domain-containing protein"
"EW023_RS08935"	"g000242_1"	"LPXTG cell wall anchor domain-containing protein"
"EW023_RS08940"	"g000242_2"	"VWA domain-containing protein"
"EW023_RS08945"	"g001755"	"hypothetical protein"
"EW023_RS08950"	"g005188_2"	"peptidylprolyl isomerase PrsA"
"EW023_RS08955"	"g003605"	"hypothetical protein"
"EW023_RS08960"	"g008121"	"streptopain"
"EW023_RS08965"	"g009622"	"cysteine proteinase exotoxin SpeB"
"EW023_RS08970"	"g009189"	"hypothetical protein"
"EW023_RS08975"	"g009279"	"hypothetical protein"
"EW023_RS08980"	"g012305"	"transcriptional regulator"
"EW023_RS08985"	"g012442"	"streptodornase B"
"EW023_RS08990"	"g003054"	"phosphatidylglycerophosphatase A"
"EW023_RS08995"	"g009950"	"glycerol dehydrogenase"
"EW023_RS09000"	"g006210"	"fructose-6-phosphate aldolase"
"EW023_RS09005"	"g001573"	"glycyl radical protein"
"EW023_RS09010"	"g011007"	"PTS sugar transporter subunit IIC"
"EW023_RS09015"	"g003636"	"PTS sugar transporter subunit IIB"
"EW023_RS09020"	"g008008"	"PTS lactose/cellobiose transporter subunit IIA"
"EW023_RS09025"	"g011603"	"sugar-binding transcriptional regulator"
"EW023_RS09030"	"g012807"	"DeoR/GlpR transcriptional regulator"
"EW023_RS09035"	"g012667"	"glycyl-radical enzyme activating protein"
"EW023_RS09040"	"g008911"	"hypothetical protein"
"EW023_RS09045"	"g009172"	"preprotein translocase subunit SecE"
"EW023_RS09050"	"g009236"	"50S ribosomal protein L33"
"EW023_RS09055"	"g011234"	"penicillin-binding protein"
"EW023_RS09060"	"g007634"	"RidA family protein"
"EW023_RS09065"	"g009005"	"hypothetical protein"
"EW023_RS09070"	"g012427"	"RluA family pseudouridine synthase"
"EW023_RS09075"	"g010293"	"hypothetical protein"
"EW023_RS09080"	"g010555"	"C69 family dipeptidase"
"EW023_RS09085"	"g004060"	"hypothetical protein"
"EW023_RS09090"	"g003767"	"helix-turn-helix transcriptional regulator"
"EW023_RS09095"	"g000983"	"chaperonin GroEL"
"EW023_RS09100"	"g008218"	"co-chaperone GroES"
"EW023_RS09105"	"g011207"	"ATP-dependent Clp protease ATP-binding subunit"
"EW023_RS09110"	"g007175"	"CtsR family transcriptional regulator"
"EW023_RS09115"	"g000014_1"	"transcription antiterminator/RNA stability regulator CspE"
"EW023_RS09125"	"g001363"	"alkyl hydroperoxide reductase subunit C"
"EW023_RS09130"	"g000993"	"alkyl hydroperoxide reductase subunit F"
"EW023_RS09135"	"g009314"	"imidazolonepropionase"
"EW023_RS09140"	"g010115"	"urocanate hydratase"
"EW023_RS09145"	"g012018"	"glutamate formimidoyltransferase"
"EW023_RS09150"	"g006391"	"sugar ABC transporter substrate-binding protein"
"EW023_RS09155"	"g000979_2"	"formate--tetrahydrofolate ligase"
"EW023_RS09160"	"g001333"	"HutD family protein"
"EW023_RS09165"	"g010906"	"APC family permease"
"EW023_RS09170"	"g010491"	"histidine ammonia-lyase"
"EW023_RS09175"	"g011570"	"formimidoylglutamase"
"EW023_RS09180"	"g011120"	"AAA family ATPase"
"EW023_RS09185"	"g001163"	"30S ribosomal protein S2"
"EW023_RS09190"	"g011330"	"elongation factor Ts"
"EW023_RS09195"	"g010176"	"endopeptidase"
"EW023_RS09200"	"g000246"	"alpha%2Calpha-phosphotrehalase"
"EW023_RS09205"	"g010118"	"PTS system trehalose-specific EIIBC component"
"EW023_RS09210"	"g012967"	"trehalose operon repressor"
"EW023_RS09220"	"g014651"	"None"
"EW023_RS09225"	"g014652"	"None"
"EW023_RS09230"	"g002599"	"peroxide stress protein YaaA"
"EW023_RS09235"	"g006444"	"anaerobic ribonucleoside-triphosphate reductase activating protein"
"EW023_RS09240"	"g006938"	"GNAT family N-acetyltransferase"
"EW023_RS09245"	"g011813"	"Gfo/Idh/MocA family oxidoreductase"
"EW023_RS09250"	"g000942"	"anaerobic ribonucleoside-triphosphate reductase"
"EW023_RS09255"	"g010468"	"membrane protein"
"EW023_RS09260"	"g008122"	"DUF1292 domain-containing protein"
"EW023_RS09265"	"g003310"	"Holliday junction resolvase RuvX"
"EW023_RS09270"	"g003755"	"IreB family regulatory phosphoprotein"
"EW023_RS09275"	"g007506"	"transcriptional regulator Spx"
"EW023_RS09280"	"g000913"	"recombinase RecA"
"EW023_RS09285"	"g009355"	"competence/damage-inducible protein A"
"EW023_RS09290"	"g006689"	"DNA-3-methyladenine glycosylase I"
"EW023_RS09295"	"g002854"	"Holliday junction branch migration protein RuvA"
"EW023_RS09300"	"g009527"	"MFS transporter"
"EW023_RS09305"	"g010136"	"DNA mismatch repair endonuclease MutL"
"EW023_RS09310"	"g011180"	"DNA mismatch repair protein MutS"
"EW023_RS09315"	"g014653"	"None"
"EW023_RS09320"	"g007318"	"arginine repressor"
"EW023_RS09325"	"g010326"	"arginine--tRNA ligase"
"EW023_RS09330"	"g008104"	"bacteriocin immunity protein"
"EW023_RS09335"	"g012153"	"YitT family protein"
"EW023_RS09340"	"g012122"	"YitT family protein"
"EW023_RS09345"	"g011778"	"YitT family protein"
"EW023_RS09350"	"g000971"	"aspartate--tRNA ligase"
"EW023_RS09355"	"g009330"	"histidine--tRNA ligase"
"EW023_RS09360"	"g009109"	"50S ribosomal protein L32"
"EW023_RS09365"	"g000416"	"50S ribosomal protein L33"
"EW023_RS09370"	"g008688"	"FanG protein"
"EW023_RS09375"	"g006392"	"CadD family cadmium resistance transporter"
"EW023_RS09380"	"g009590"	"IS110 family transposase"
"EW023_RS09385"	"g007897"	"Cd(II)/Zn(II)-sensing metalloregulatory transcriptional regulator CadX"
"EW023_RS09390"	"g002151"	"helix-turn-helix transcriptional regulator"
"EW023_RS09395"	"g007103"	"hypothetical protein"
"EW023_RS09400"	"g008011"	"hypothetical protein"
"EW023_RS09405"	"g004413"	"DNA translocase FtsK"
"EW023_RS09410"	"g002837"	"hypothetical protein"
"EW023_RS09415"	"g006480"	"plasmid replication protein"
"EW023_RS09420"	"g008504"	"MerR family transcriptional regulator"
"EW023_RS09425"	"g009377"	"site-specific integrase"
"EW023_RS09430"	"g005736"	"DUF368 domain-containing protein"
"EW023_RS09435"	"g002757"	"CoA pyrophosphatase"
"EW023_RS09440"	"g007972"	"PadR family transcriptional regulator"
"EW023_RS09445"	"g006554"	"DUF1700 domain-containing protein"
"EW023_RS09450"	"g001999"	"DUF4097 domain-containing protein"
"EW023_RS09455"	"g004482"	"YhgE/Pip domain-containing protein"
"EW023_RS09460"	"g006836"	"TetR/AcrR family transcriptional regulator"
"EW023_RS09465"	"g002822"	"30S ribosomal protein S4"
"EW023_RS09470"	"g008334"	"hypothetical protein"
"EW023_RS09475"	"g004892"	"replicative DNA helicase"
"EW023_RS09480"	"g007236"	"50S ribosomal protein L9"
"EW023_RS09485"	"g010141"	"DHH family phosphoesterase"
"EW023_RS09490"	"g000964"	"tRNA uridine-5-carboxymethylaminomethyl(34) synthesis enzyme MnmG"
"EW023_RS09495"	"g003606"	"phosphohydrolase"
"EW023_RS09500"	"g000923"	"tRNA 2-thiouridine(34) synthase MnmA"
"EW023_RS09505"	"g002667"	"L-serine ammonia-lyase%2C iron-sulfur-dependent%2C subunit beta"
"EW023_RS09510"	"g005583"	"L-serine ammonia-lyase%2C iron-sulfur-dependent%2C subunit alpha"
"EW023_RS09515"	"g001313"	"lytic transglycosylase IsaA"
"EW023_RS09520"	"g012522"	"energy-coupling factor transporter transmembrane protein EcfT"
"EW023_RS09525"	"g012306"	"energy-coupling factor transporter ATPase"
"EW023_RS09530"	"g012059"	"energy-coupling factor transporter ATPase"
"EW023_RS09535"	"g006782"	"CDP-diacylglycerol--glycerol-3-phosphate 3-phosphatidyltransferase"
"EW023_RS09540"	"g011386"	"helix-turn-helix domain-containing protein"
"EW023_RS09545"	"g009306"	"insulinase family protein"
"EW023_RS09550"	"g009452"	"insulinase family protein"
"EW023_RS09560"	"g000428"	"UDP-glucose 6-dehydrogenase"
"EW023_RS09570"	"g002400"	"UTP--glucose-1-phosphate uridylyltransferase GalU"
"EW023_RS09575"	"g009828"	"ISAs1-like element IS1548 family transposase"
"EW023_RS09580"	"g014654"	"None"
"EW023_RS09585"	"g000719"	"S4 domain-containing protein YaaA"
"EW023_RS09590"	"g009901"	"DNA replication/repair protein RecF"
"EW023_RS09595"	"g012205"	"EamA family transporter"
"EW023_RS09600"	"g001003"	"IMP dehydrogenase"
"EW023_RS09605"	"g002297"	"tryptophan--tRNA ligase"
"EW023_RS09610"	"g012154"	"YitT family protein"
"EW023_RS09615"	"g004716"	"ATP-binding cassette domain-containing protein"
"EW023_RS09620"	"g011177"	"YfhO family protein"
"EW023_RS09635"	"g009141"	"hypothetical protein"
"EW023_RS09640"	"g005339"	"IS30 family transposase"
"EW023_RS09650"	"g007082"	"23S rRNA (pseudouridine(1915)-N(3))-methyltransferase RlmH"
"EW023_RS09655"	"g009517"	"PDZ domain-containing protein"
"EW023_RS09660"	"g012489"	"ParB/RepB/Spo0J family partition protein"
"EW022_RS00005"	"g010876"	"chromosomal replication initiator protein DnaA"
"EW022_RS00010"	"g009819"	"DNA polymerase III subunit beta"
"EW022_RS00015"	"g008944"	"DUF951 family protein"
"EW022_RS00020"	"g000450"	"redox-regulated ATPase YchF"
"EW022_RS00025"	"g006638"	"aminoacyl-tRNA hydrolase"
"EW022_RS00030"	"g011081"	"transcription-repair coupling factor"
"EW022_RS00035"	"g003744"	"RNA-binding S4 domain-containing protein"
"EW022_RS00040"	"g007687"	"septum formation initiator family protein"
"EW022_RS00045"	"g009310"	"serine hydrolase"
"EW022_RS00050"	"g009311"	"tRNA lysidine(34) synthetase TilS"
"EW022_RS00055"	"g002984"	"hypoxanthine phosphoribosyltransferase"
"EW022_RS00060"	"g000951"	"ATP-dependent zinc metalloprotease FtsH"
"EW022_RS00065"	"g010780"	"amino acid permease"
"EW022_RS00240"	"g014655"	"None"
"EW022_RS00245"	"g009619"	"CHAP domain-containing protein"
"EW022_RS00250"	"g000509"	"ribose-phosphate diphosphokinase"
"EW022_RS00255"	"g012758"	"DNA repair protein RecO"
"EW022_RS00260"	"g005285"	"phosphate acyltransferase PlsX"
"EW022_RS00265"	"g001748"	"acyl carrier protein"
"EW022_RS00270"	"g002595"	"phosphoribosylaminoimidazolesuccinocarboxamide synthase"
"EW022_RS00275"	"g005055"	"phosphoribosylformylglycinamidine synthase"
"EW022_RS00280"	"g004815"	"amidophosphoribosyltransferase"
"EW022_RS00285"	"g000505"	"phosphoribosylformylglycinamidine cyclo-ligase"
"EW022_RS00290"	"g006730"	"phosphoribosylglycinamide formyltransferase"
"EW022_RS00295"	"g002105"	"bifunctional phosphoribosylaminoimidazolecarboxamide formyltransferase/IMP cyclohydrolase"
"EW022_RS00300"	"g009854"	"CHAP domain-containing protein"
"EW022_RS00305"	"g001887"	"phosphoribosylamine--glycine ligase"
"EW022_RS00310"	"g000662"	"5-(carboxyamino)imidazole ribonucleotide mutase"
"EW022_RS00315"	"g000916"	"5-(carboxyamino)imidazole ribonucleotide synthase"
"EW022_RS00320"	"g010720"	"hypothetical protein"
"EW022_RS00325"	"g004124"	"adenylosuccinate lyase"
"EW022_RS00330"	"g011950"	"helix-turn-helix transcriptional regulator"
"EW022_RS00335"	"g001085"	"Holliday junction branch migration DNA helicase RuvB"
"EW022_RS00340"	"g007316"	"low molecular weight phosphotyrosine protein phosphatase"
"EW022_RS00345"	"g007494"	"membrane protein"
"EW022_RS00350"	"g010246"	"acetyltransferase"
"EW022_RS00355"	"g005099"	"bifunctional acetaldehyde-CoA/alcohol dehydrogenase"
"EW022_RS00360"	"g001078"	"alcohol dehydrogenase AdhP"
"EW022_RS00365"	"g009299"	"MATE family efflux transporter"
"EW022_RS00370"	"g001655"	"30S ribosomal protein S10"
"EW022_RS00375"	"g001250"	"50S ribosomal protein L3"
"EW022_RS00380"	"g002792"	"50S ribosomal protein L4"
"EW022_RS00385"	"g003670"	"50S ribosomal protein L23"
"EW022_RS00390"	"g002480"	"50S ribosomal protein L2"
"EW022_RS00395"	"g001697"	"30S ribosomal protein S19"
"EW022_RS00400"	"g000755"	"50S ribosomal protein L22"
"EW022_RS00405"	"g001268"	"30S ribosomal protein S3"
"EW022_RS00410"	"g000710"	"50S ribosomal protein L16"
"EW022_RS00415"	"g000833"	"50S ribosomal protein L29"
"EW022_RS00420"	"g000817"	"30S ribosomal protein S17"
"EW022_RS00425"	"g001586"	"50S ribosomal protein L14"
"EW022_RS00430"	"g000784"	"50S ribosomal protein L24"
"EW022_RS00435"	"g001397"	"50S ribosomal protein L5"
"EW022_RS00440"	"g000383"	"30S ribosomal protein S14"
"EW022_RS00445"	"g001557"	"30S ribosomal protein S8"
"EW022_RS00450"	"g002997"	"50S ribosomal protein L6"
"EW022_RS00455"	"g001600"	"50S ribosomal protein L18"
"EW022_RS00460"	"g000665"	"30S ribosomal protein S5"
"EW022_RS00465"	"g000852"	"50S ribosomal protein L30"
"EW022_RS00470"	"g000703"	"50S ribosomal protein L15"
"EW022_RS00475"	"g011005"	"preprotein translocase subunit SecY"
"EW022_RS00480"	"g002744"	"adenylate kinase"
"EW022_RS00485"	"g001776"	"translation initiation factor IF-1"
"EW022_RS00490"	"g014656"	"None"
"EW022_RS00495"	"g000745"	"30S ribosomal protein S13"
"EW022_RS00500"	"g000732"	"30S ribosomal protein S11"
"EW022_RS00505"	"g005441"	"DNA-directed RNA polymerase subunit alpha"
"EW022_RS00510"	"g003419"	"50S ribosomal protein L17"
"EW022_RS00595"	"g009065"	"hypothetical protein"
"EW022_RS00600"	"g014657"	"None"
"EW022_RS00605"	"g008100"	"4-diphosphocytidyl-2C-methyl-D-erythritol kinase"
"EW022_RS00610"	"g003942"	"4-diphosphocytidyl-2C-methyl-D-erythritol kinase"
"EW022_RS00615"	"g007284"	"MarR family transcriptional regulator"
"EW022_RS00620"	"g012939"	"metal ABC transporter ATP-binding protein"
"EW022_RS00625"	"g012439"	"iron chelate uptake ABC transporter family permease subunit"
"EW022_RS00630"	"g003427"	"HIT family protein"
"EW022_RS00635"	"g000226"	"tyrosine--tRNA ligase"
"EW022_RS00640"	"g011240"	"penicillin-binding protein"
"EW022_RS00645"	"g002223"	"DNA-directed RNA polymerase subunit beta"
"EW022_RS00650"	"g001032"	"DNA-directed RNA polymerase subunit beta'"
"EW022_RS00655"	"g007708"	"DUF1033 family protein"
"EW022_RS00660"	"g011796"	"competence protein CglA"
"EW022_RS00665"	"g011567"	"type II secretion system F family protein"
"EW022_RS00670"	"g007967"	"prepilin-type N-terminal cleavage/methylation domain-containing protein"
"EW022_RS00675"	"g007363"	"competence protein"
"EW022_RS00680"	"g003862"	"competence protein ComG"
"EW022_RS00685"	"g003292"	"competence protein ComG"
"EW022_RS00690"	"g007968"	"hypothetical protein"
"EW022_RS00695"	"g011710"	"class I SAM-dependent methyltransferase"
"EW022_RS00700"	"g001921"	"acetate kinase"
"EW022_RS00705"	"g003635"	"hypothetical protein"
"EW022_RS00710"	"g012683"	"pyrroline-5-carboxylate reductase"
"EW022_RS00715"	"g011243"	"glutamyl aminopeptidase"
"EW022_RS00720"	"g009208"	"hypothetical protein"
"EW022_RS00725"	"g008253"	"DUF4651 domain-containing protein"
"EW022_RS00730"	"g008032"	"thioredoxin family protein"
"EW022_RS00735"	"g006388"	"DUF4479 and tRNA-binding domain-containing protein"
"EW022_RS00740"	"g000102_2"	"single-stranded DNA-binding protein"
"EW022_RS00745"	"g006314"	"deoxynucleoside kinase"
"EW022_RS00750"	"g011616"	"tRNA dihydrouridine synthase DusB"
"EW022_RS00755"	"g012149"	"Hsp33 family molecular chaperone HslO"
"EW022_RS00760"	"g010574"	"hypothetical protein"
"EW022_RS00765"	"g004062"	"hypothetical protein"
"EW022_RS00770"	"g000236"	"fibronectin-binding protein SfbI"
"EW022_RS00775"	"g005722"	"class C sortase"
"EW022_RS00780"	"g000236"	"fibronectin-binding protein SfbI"
"EW022_RS00785"	"g006889"	"signal peptidase I"
"EW022_RS00790"	"g005220"	"QVPTGV class sortase B protein-sorting domain-containing protein"
"EW022_RS00795"	"g012914"	"class B sortase"
"EW022_RS00800"	"g006646"	"fimbrial protein"
"EW022_RS00805"	"g009589"	"YSIRK-targeted surface antigen transcriptional regulator"
"EW022_RS00810"	"g005062"	"Cna B-type domain-containing protein"
"EW022_RS00820"	"g010817"	"short-chain fatty acid transporter"
"EW022_RS00825"	"g011951"	"LysR family transcriptional regulator"
"EW022_RS00830"	"g000057"	"acetyl-CoA C-acetyltransferase"
"EW022_RS00835"	"g001255"	"CoA transferase subunit A"
"EW022_RS00840"	"g000162"	"CoA transferase subunit B"
"EW022_RS00845"	"g006145"	"transcriptional regulator"
"EW022_RS00850"	"g007709"	"RidA family protein"
"EW022_RS00855"	"g005259"	"PTS fructose transporter subunit IIC"
"EW022_RS00860"	"g008006"	"hypothetical protein"
"EW022_RS00865"	"g010119"	"V-type ATP synthase subunit I"
"EW022_RS00870"	"g007079"	"V-type ATP synthase subunit K"
"EW022_RS00875"	"g006565"	"V-type ATP synthase subunit E"
"EW022_RS00880"	"g011508"	"V-type ATP synthase subunit C"
"EW022_RS00885"	"g008007"	"V-type ATP synthase subunit F"
"EW022_RS00890"	"g010247"	"V-type ATP synthase alpha chain"
"EW022_RS00895"	"g010729"	"V-type ATP synthase subunit B"
"EW022_RS00900"	"g006389"	"V-type ATP synthase subunit D"
"EW022_RS00905"	"g009388"	"toxic anion resistance protein"
"EW022_RS00910"	"g012121"	"hypothetical protein"
"EW022_RS00915"	"g004125"	"adenylosuccinate synthase"
"EW022_RS00920"	"g005195_2"	"BMP family ABC transporter substrate-binding protein"
"EW022_RS00925"	"g002975"	"transcription termination/antitermination protein NusG"
"EW022_RS00930"	"g010877"	"nicotine adenine dinucleotide glycohydrolase"
"EW022_RS00935"	"g001451"	"NAD glycohydrolase inhibitor"
"EW022_RS00940"	"g010303"	"cholesterol-dependent cytolysin streptolysin O"
"EW022_RS00945"	"g001506"	"hypothetical protein"
"EW022_RS00950"	"g000824_1"	"hypothetical protein"
"EW022_RS00955"	"g000824_2"	"hypothetical protein"
"EW022_RS00960"	"g001667"	"hypothetical protein"
"EW022_RS00965"	"g009812"	"PLP-dependent transferase"
"EW022_RS00970"	"g005121"	"leucine--tRNA ligase"
"EW022_RS00975"	"g010697"	"PTS sugar transporter subunit IIC"
"EW022_RS00980"	"g008290"	"PTS sugar transporter subunit IIB"
"EW022_RS00985"	"g003121"	"PTS ascorbate transporter subunit IIA"
"EW022_RS00990"	"g006236"	"3-keto-L-gulonate-6-phosphate decarboxylase UlaD"
"EW022_RS00995"	"g000061"	"L-ribulose-5-phosphate 3-epimerase"
"EW022_RS01000"	"g000015"	"L-ribulose-5-phosphate 4-epimerase"
"EW022_RS01005"	"g001847"	"hypothetical protein"
"EW022_RS01010"	"g010385"	"transcription antiterminator"
"EW022_RS01015"	"g001996"	"L-ascorbate 6-phosphate lactonase"
"EW022_RS01020"	"g009620"	"glycine betaine/L-proline ABC transporter ATP-binding protein"
"EW022_RS01025"	"g010288"	"ABC transporter permease subunit"
"EW022_RS01030"	"g011164"	"DNA polymerase I"
"EW022_RS01035"	"g003229"	"CoA-binding protein"
"EW022_RS01040"	"g007144"	"peroxide-responsive transcriptional repressor PerR"
"EW022_RS01045"	"g003665"	"hypothetical protein"
"EW022_RS01050"	"g010940"	"phosphoadenosine phosphosulfate reductase"
"EW022_RS01055"	"g006846"	"ParB-like nuclease domain-containing protein"
"EW022_RS01060"	"g008829"	"hypothetical protein"
"EW022_RS01070"	"g010991"	"C4-dicarboxylate ABC transporter"
"EW022_RS01075"	"g012151"	"carboxylating nicotinate-nucleotide diphosphorylase"
"EW022_RS01080"	"g014658"	"None"
"EW022_RS01080"	"g014659"	"None"
"EW022_RS01085"	"g012203"	"DUF975 family protein"
"EW022_RS01090"	"g009066"	"hypothetical protein"
"EW022_RS01095"	"g000912"	"tRNA guanosine(34) transglycosylase Tgt"
"EW022_RS01100"	"g003628"	"hypothetical protein"
"EW022_RS01105"	"g002992"	"biotin transporter BioY"
"EW022_RS01110"	"g012633"	"MBL fold metallo-hydrolase"
"EW022_RS01115"	"g006916"	"nucleoside deaminase"
"EW022_RS01120"	"g009494"	"hypothetical protein"
"EW022_RS01130"	"g013009"	"streptococcal pyrogenic exotoxin SpeG"
"EW022_RS01135"	"g004968"	"glucose-6-phosphate isomerase"
"EW022_RS01140"	"g010534"	"hypothetical protein"
"EW022_RS01145"	"g006196"	"rhomboid family intramembrane serine protease"
"EW022_RS01150"	"g002400"	"UTP--glucose-1-phosphate uridylyltransferase GalU"
"EW022_RS01155"	"g011419"	"NAD(P)H-dependent glycerol-3-phosphate dehydrogenase"
"EW022_RS01160"	"g007252"	"MarR family transcriptional regulator"
"EW022_RS01165"	"g010310"	"ABC transporter ATP-binding protein"
"EW022_RS01170"	"g010238"	"ABC transporter ATP-binding protein"
"EW022_RS01175"	"g005908"	"epoxyqueuosine reductase QueH"
"EW022_RS01180"	"g003257"	"dUTP diphosphatase"
"EW022_RS01185"	"g004942"	"DNA repair protein RadA"
"EW022_RS01190"	"g001441"	"carbonic anhydrase"
"EW022_RS01195"	"g013044"	"TIGR00266 family protein"
"EW022_RS01200"	"g004838"	"glutamate--tRNA ligase"
"EW022_RS01205"	"g010898"	"sensor histidine kinase"
"EW022_RS01210"	"g009322"	"sensor histidine kinase"
"EW022_RS01215"	"g012844"	"response regulator transcription factor"
"EW022_RS01220"	"g007756"	"ribonuclease P protein component"
"EW022_RS01225"	"g012386"	"membrane protein insertase YidC"
"EW022_RS01230"	"g005535"	"protein jag"
"EW022_RS01235"	"g001854"	"50S ribosomal protein L34"
"EW022_RS01240"	"g013005"	"N-acetylmannosamine-6-phosphate 2-epimerase"
"EW022_RS01245"	"g010974"	"carbohydrate ABC transporter substrate-binding protein"
"EW022_RS01250"	"g012070"	"sugar ABC transporter permease"
"EW022_RS01255"	"g012368"	"carbohydrate ABC transporter permease"
"EW022_RS01260"	"g000569"	"DUF624 domain-containing protein"
"EW022_RS01265"	"g011934"	"N-acetylneuraminate lyase"
"EW022_RS01270"	"g011797"	"ROK family protein"
"EW022_RS01275"	"g012369"	"MurR/RpiR family transcriptional regulator"
"EW022_RS01280"	"g005772"	"TatD family hydrolase"
"EW022_RS01285"	"g006639"	"ribonuclease M5"
"EW022_RS01290"	"g005600"	"16S rRNA (adenine(1518)-N(6)/adenine(1519)-N(6))- dimethyltransferase RsmA"
"EW022_RS01295"	"g012150"	"ribosome small subunit-dependent GTPase A"
"EW022_RS01300"	"g002709"	"ribulose-phosphate 3-epimerase"
"EW022_RS01305"	"g006355"	"thiamine diphosphokinase"
"EW022_RS01310"	"g009353"	"DNA recombination protein RmuC"
"EW022_RS01315"	"g011798"	"HD domain-containing protein"
"EW022_RS01320"	"g012322"	"pur operon repressor"
"EW022_RS01325"	"g011169"	"SEC10/PgrA surface exclusion domain-containing protein"
"EW022_RS01330"	"g001530"	"30S ribosomal protein S12"
"EW022_RS01335"	"g000689"	"30S ribosomal protein S7"
"EW022_RS01340"	"g000457"	"elongation factor G"
"EW022_RS01345"	"g000262"	"type I glyceraldehyde-3-phosphate dehydrogenase"
"EW022_RS01350"	"g014660"	"None"
"EW022_RS01355"	"g000004"	"amino acid ABC transporter ATP-binding protein"
"EW022_RS01360"	"g010453"	"ABC transporter substrate-binding protein/permease"
"EW022_RS01365"	"g010164"	"DUF2207 domain-containing protein"
"EW022_RS01370"	"g012323"	"undecaprenyl-diphosphate phosphatase"
"EW022_RS01375"	"g012725"	"adaptor protein MecA"
"EW022_RS01380"	"g009721"	"undecaprenyl/decaprenyl-phosphate alpha-N-acetylglucosaminyl 1-phosphate transferase"
"EW022_RS01385"	"g000541"	"Fe-S cluster assembly ATPase SufC"
"EW022_RS01390"	"g009389"	"Fe-S cluster assembly protein SufD"
"EW022_RS01395"	"g004208"	"cysteine desulfurase"
"EW022_RS01400"	"g007080"	"SUF system NifU family Fe-S cluster assembly protein"
"EW022_RS01405"	"g004874"	"Fe-S cluster assembly protein SufB"
"EW022_RS01410"	"g009674"	"D-alanyl-D-alanine carboxypeptidase"
"EW022_RS01415"	"g009495"	"D-alanyl-D-alanine carboxypeptidase"
"EW022_RS01420"	"g010139"	"peptide ABC transporter substrate-binding protein"
"EW022_RS01425"	"g010545"	"ABC transporter permease"
"EW022_RS01430"	"g011865"	"ABC transporter permease"
"EW022_RS01435"	"g000021"	"ABC transporter ATP-binding protein"
"EW022_RS01440"	"g000145"	"murein tripeptide/oligopeptide ABC transporter ATP binding protein OppF"
"EW022_RS01445"	"g014661"	"None"
"EW022_RS01480"	"g006744"	"sigma-70 family RNA polymerase sigma factor"
"EW022_RS01485"	"g012795"	"tRNA pseudouridine(38-40) synthase TruA"
"EW022_RS01490"	"g012712"	"bifunctional hydroxymethylpyrimidine kinase/phosphomethylpyrimidine kinase"
"EW022_RS01495"	"g007132"	"membrane protein"
"EW022_RS01500"	"g006709"	"TIGR01440 family protein"
"EW022_RS01505"	"g012290"	"mechanosensitive ion channel family protein"
"EW022_RS01510"	"g009326"	"trigger factor"
"EW022_RS01515"	"g006608"	"DNA-directed RNA polymerase subunit delta"
"EW022_RS01520"	"g000986"	"CTP synthase (glutamine hydrolyzing)"
"EW022_RS01525"	"g011871"	"alpha/beta hydrolase"
"EW022_RS01535"	"g012107"	"fructose-bisphosphate aldolase"
"EW022_RS01540"	"g004005"	"50S ribosomal protein L28"
"EW022_RS01545"	"g007711"	"Asp23/Gls24 family envelope stress response protein"
"EW022_RS01550"	"g004674"	"DAK2 domain-containing protein"
"EW022_RS01555"	"g012058"	"SPFH domain-containing protein"
"EW022_RS01560"	"g005609"	"5'-nucleotidase%2C lipoprotein e(P4) family"
"EW022_RS01565"	"g004268"	"phosphoglycerate kinase"
"EW022_RS01570"	"g006746"	"aromatic acid exporter family protein"
"EW022_RS01575"	"g003459"	"MerR family transcriptional regulator"
"EW022_RS01580"	"g004973"	"type I glutamate--ammonia ligase"
"EW022_RS01585"	"g004654"	"ribonuclease J"
"EW022_RS01590"	"g008636"	"DNA-dependent RNA polymerase auxiliary subunit epsilon family protein"
"EW022_RS01595"	"g013030"	"tRNA (adenosine(37)-N6)-threonylcarbamoyltransferase complex dimerization subunit type 1 TsaB"
"EW022_RS01600"	"g003318"	"ribosomal-protein-alanine N-acetyltransferase"
"EW022_RS01605"	"g005238"	"tRNA (adenosine(37)-N6)-threonylcarbamoyltransferase complex transferase subunit TsaD"
"EW022_RS01610"	"g000383"	"30S ribosomal protein S14"
"EW022_RS01615"	"g012743"	"GntR family transcriptional regulator"
"EW022_RS01620"	"g012637"	"uridine phosphorylase"
"EW022_RS01625"	"g009598"	"NupC/NupG family nucleoside CNT transporter"
"EW022_RS01630"	"g006198"	"deoxyribose-phosphate aldolase"
"EW022_RS01635"	"g004306"	"NAD(P)/FAD-dependent oxidoreductase"
"EW022_RS01645"	"g010137"	"hypothetical protein"
"EW022_RS01655"	"g007018"	"hypothetical protein"
"EW022_RS01660"	"g006578"	"DUF536 domain-containing protein"
"EW022_RS01665"	"g002788"	"3'-5' exonuclease"
"EW022_RS01670"	"g000199"	"MerR family transcriptional regulator"
"EW022_RS01675"	"g008162"	"YbaB/EbfC family nucleoid-associated protein"
"EW022_RS01680"	"g007667"	"helix-turn-helix transcriptional regulator"
"EW022_RS01685"	"g008712"	"helix-turn-helix transcriptional regulator"
"EW022_RS01690"	"g010026"	"Xaa-Pro dipeptidyl-peptidase"
"EW022_RS01695"	"g012940"	"Crp/Fnr family transcriptional regulator"
"EW022_RS01700"	"g011024"	"MFS transporter"
"EW022_RS01705"	"g001430_2"	"universal stress protein"
"EW022_RS01710"	"g011747"	"aquaporin family protein"
"EW022_RS01715"	"g012072"	"TSUP family transporter"
"EW022_RS01720"	"g012779"	"peptidase"
"EW022_RS01725"	"g011733"	"serine hydrolase"
"EW022_RS01730"	"g011237"	"formate C-acetyltransferase"
"EW022_RS01735"	"g009930"	"DNA polymerase IV"
"EW022_RS01740"	"g003131"	"hypothetical protein"
"EW022_RS01745"	"g005128"	"ATP-dependent RecD-like DNA helicase"
"EW022_RS01750"	"g006535"	"signal peptidase I"
"EW022_RS01755"	"g012005"	"ribonuclease HIII"
"EW022_RS01760"	"g008103"	"hypothetical protein"
"EW022_RS01765"	"g002980"	"CvpA family protein"
"EW022_RS01770"	"g011233"	"endonuclease MutS2"
"EW022_RS01775"	"g006960"	"phosphatase PAP2 family protein"
"EW022_RS01780"	"g000775"	"thioredoxin TrxA"
"EW022_RS01790"	"g009853"	"A/G-specific adenine glycosylase"
"EW022_RS01795"	"g008204"	"hypothetical protein"
"EW022_RS01800"	"g003672"	"30S ribosomal protein S6"
"EW022_RS01805"	"g000102_1"	"single-stranded DNA-binding protein"
"EW022_RS01810"	"g001749"	"30S ribosomal protein S18"
"EW022_RS01815"	"g006258"	"DUF1129 domain-containing protein"
"EW022_RS01820"	"g011763"	"magnesium transporter CorA family protein"
"EW022_RS01825"	"g001041"	"excinuclease ABC subunit UvrA"
"EW022_RS01830"	"g010000"	"aminopeptidase P family protein"
"EW022_RS01835"	"g001468"	"ComE operon protein 2"
"EW022_RS01840"	"g006708"	"elongation factor P"
"EW022_RS01845"	"g007572"	"Asp23/Gls24 family envelope stress response protein"
"EW022_RS01850"	"g007235"	"transcription antitermination factor NusB"
"EW022_RS01855"	"g011659"	"LacI family transcriptional regulator"
"EW022_RS01860"	"g010677"	"glycoside hydrolase family 32 protein"
"EW022_RS01865"	"g010183"	"PTS beta-glucoside transporter subunit IIBCA"
"EW022_RS01870"	"g002237"	"endo-beta-N-acetylglucosaminidase"
"EW022_RS01875"	"g012093"	"ROK family protein"
"EW022_RS01880"	"g005414"	"mannose-6-phosphate isomerase%2C class I"
"EW022_RS01885"	"g000026"	"preprotein translocase subunit SecA"
"EW022_RS01890"	"g007773"	"holo-ACP synthase"
"EW022_RS01895"	"g004412"	"alanine racemase"
"EW022_RS01900"	"g000462"	"CHAP domain-containing protein"
"EW022_RS01905"	"g011066"	"DUF1533 domain-containing protein"
"EW022_RS01910"	"g012138"	"heme-binding protein"
"EW022_RS01915"	"g012092"	"heme ABC transporter substrate-binding protein IsdE"
"EW022_RS01920"	"g011399"	"iron ABC transporter permease"
"EW022_RS01925"	"g000537"	"ABC transporter ATP-binding protein"
"EW022_RS01930"	"g010256"	"ABC transporter ATP-binding protein/permease"
"EW022_RS01935"	"g010352"	"ABC transporter ATP-binding protein"
"EW022_RS01940"	"g006534"	"MptD family putative ECF transporter S component"
"EW022_RS01945"	"g006148"	"energy-coupling factor transporter transmembrane protein EcfT"
"EW022_RS01950"	"g010773"	"ABC transporter ATP-binding protein"
"EW022_RS01955"	"g000036_2"	"hypothetical protein"
"EW022_RS01960"	"g004523"	"ATP-dependent DNA helicase RecG"
"EW022_RS01965"	"g012004"	"ABC transporter ATP-binding protein"
"EW022_RS01970"	"g013008"	"ABC transporter permease"
"EW022_RS01975"	"g005381"	"asparaginase"
"EW022_RS01980"	"g010787"	"Cof-type HAD-IIB family hydrolase"
"EW022_RS01985"	"g001430_1"	"universal stress protein"
"EW022_RS01990"	"g001918"	"pyridoxal phosphate-dependent aminotransferase"
"EW022_RS01995"	"g012618"	"GTP-sensing pleiotropic transcriptional regulator CodY"
"EW022_RS02000"	"g006734"	"cysteine hydrolase"
"EW022_RS02005"	"g004018"	"hypothetical protein"
"EW022_RS02015"	"g008147"	"Asp-tRNA(Asn)/Glu-tRNA(Gln) amidotransferase subunit GatC"
"EW022_RS02020"	"g004828"	"Asp-tRNA(Asn)/Glu-tRNA(Gln) amidotransferase subunit GatA"
"EW022_RS02025"	"g004848"	"Asp-tRNA(Asn)/Glu-tRNA(Gln) amidotransferase subunit GatB"
"EW022_RS02030"	"g003929"	"hypothetical protein"
"EW022_RS02035"	"g003820_2"	"GlsB/YeaQ/YmgE family stress response membrane protein"
"EW022_RS02040"	"g006064"	"histidine phosphatase family protein"
"EW022_RS02045"	"g005975"	"D-alanyl-D-alanine carboxypeptidase family protein"
"EW022_RS02050"	"g006643"	"glycoside hydrolase family 73 protein"
"EW022_RS02055"	"g011351"	"heat-inducible transcriptional repressor HrcA"
"EW022_RS02060"	"g006621"	"nucleotide exchange factor GrpE"
"EW022_RS02065"	"g000961"	"molecular chaperone DnaK"
"EW022_RS02070"	"g004354"	"molecular chaperone DnaJ"
"EW022_RS02075"	"g012562"	"enoyl-CoA hydratase"
"EW022_RS02080"	"g007331"	"MarR family transcriptional regulator"
"EW022_RS02085"	"g011628"	"ketoacyl-ACP synthase III"
"EW022_RS02090"	"g008687"	"acyl carrier protein"
"EW022_RS02095"	"g011638"	"enoyl-[acyl-carrier-protein] reductase FabK"
"EW022_RS02100"	"g011800"	"ACP S-malonyltransferase"
"EW022_RS02105"	"g012875"	"3-oxoacyl-[acyl-carrier-protein] reductase"
"EW022_RS02110"	"g009497"	"beta-ketoacyl-ACP synthase II"
"EW022_RS02115"	"g006974"	"acetyl-CoA carboxylase biotin carboxyl carrier protein"
"EW022_RS02120"	"g003280"	"3-hydroxyacyl-ACP dehydratase FabZ"
"EW022_RS02125"	"g000255"	"acetyl-CoA carboxylase biotin carboxylase subunit"
"EW022_RS02130"	"g012188"	"acetyl-CoA carboxylase carboxyltransferase subunit beta"
"EW022_RS02135"	"g001104"	"acetyl-CoA carboxylase carboxyl transferase subunit alpha"
"EW022_RS02140"	"g000864"	"serine--tRNA ligase"
"EW022_RS02145"	"g007758"	"DUF956 family protein"
"EW022_RS02150"	"g011954"	"PTS mannose/fructose/sorbose transporter family subunit IID"
"EW022_RS02155"	"g000273"	"PTS mannose/fructose/sorbose transporter subunit IIC"
"EW022_RS02160"	"g011541"	"PTS mannose transporter subunit IIAB"
"EW022_RS02165"	"g012457"	"Cof-type HAD-IIB family hydrolase"
"EW022_RS02170"	"g010645"	"NCS2 family permease"
"EW022_RS02175"	"g007174"	"tRNA (adenosine(37)-N6)-threonylcarbamoyltransferase complex ATPase subunit type 1 TsaE"
"EW022_RS02180"	"g006873"	"GNAT family N-acetyltransferase"
"EW022_RS02185"	"g009325"	"LCP family protein"
"EW022_RS02190"	"g007772"	"hypothetical protein"
"EW022_RS02195"	"g001519"	"HIT family protein"
"EW022_RS02200"	"g005986"	"ABC transporter ATP-binding protein"
"EW022_RS02205"	"g011350"	"ABC transporter permease"
"EW022_RS02210"	"g012561"	"phosphotransferase family protein"
"EW022_RS02215"	"g002751"	"tRNA (guanosine(46)-N7)-methyltransferase TrmB"
"EW022_RS02225"	"g014662"	"None"
"EW022_RS02230"	"g009752"	"transcription termination/antitermination protein NusA"
"EW022_RS02235"	"g008180"	"YlxR family protein"
"EW022_RS02240"	"g008146"	"YlxQ-related RNA-binding protein"
"EW022_RS02245"	"g000950"	"translation initiation factor IF-2"
"EW022_RS02250"	"g003507"	"30S ribosome-binding factor RbfA"
"EW022_RS02255"	"g005304"	"alpha/beta hydrolase"
"EW022_RS02260"	"g000706"	"CopY/TcrY family copper transport repressor"
"EW022_RS02265"	"g004493"	"copper-translocating P-type ATPase"
"EW022_RS02270"	"g000838"	"heavy-metal-associated domain-containing protein"
"EW022_RS02275"	"g001831"	"hypothetical protein"
"EW022_RS02280"	"g005890_1"	"DeoR/GlpR transcriptional regulator"
"EW022_RS02285"	"g007115"	"PTS sugar transporter subunit IIA"
"EW022_RS02290"	"g001662"	"PTS sugar transporter subunit IIB"
"EW022_RS02300"	"g000713_2"	"galactose-6-phosphate isomerase subunit LacA"
"EW022_RS02305"	"g000657_1"	"galactose-6-phosphate isomerase subunit LacB"
"EW022_RS02315"	"g002337"	"tagatose-bisphosphate aldolase"
"EW022_RS02320"	"g006478"	"trimeric intracellular cation channel family protein"
"EW022_RS02325"	"g005773_1"	"Cof-type HAD-IIB family hydrolase"
"EW022_RS02330"	"g006707"	"TetR/AcrR family transcriptional regulator"
"EW022_RS02335"	"g012304"	"DegV family protein"
"EW022_RS02340"	"g012930"	"hypothetical protein"
"EW022_RS02345"	"g010401"	"Na/Pi cotransporter family protein"
"EW022_RS02350"	"g009779"	"N-acetylglucosamine-6-phosphate deacetylase"
"EW022_RS02355"	"g012327"	"aldo/keto reductase"
"EW022_RS02360"	"g006733"	"isoprenylcysteine carboxyl methyltransferase family protein"
"EW022_RS02365"	"g008851"	"hypothetical protein"
"EW022_RS02370"	"g005526"	"glycine--tRNA ligase subunit alpha"
"EW022_RS02375"	"g004530"	"glycine--tRNA ligase subunit beta"
"EW022_RS02380"	"g003798"	"DUF896 family protein"
"EW022_RS02385"	"g007234"	"PepSY domain-containing protein"
"EW022_RS02390"	"g000997"	"glycerol kinase GlpK"
"EW022_RS02395"	"g010205"	"type 1 glycerol-3-phosphate oxidase"
"EW022_RS02400"	"g002492"	"aquaporin family protein"
"EW022_RS02405"	"g010900"	"NAD(P)/FAD-dependent oxidoreductase"
"EW022_RS02410"	"g004798"	"helix-turn-helix domain-containing protein"
"EW022_RS02415"	"g006301"	"fructose-6-phosphate aldolase"
"EW022_RS02420"	"g000088"	"transketolase"
"EW022_RS02425"	"g003766"	"bacteriocin immunity protein"
"EW022_RS02430"	"g012874"	"ABC transporter ATP-binding protein"
"EW022_RS02435"	"g004706"	"ABC transporter permease"
"EW022_RS02440"	"g012411"	"glutamate 5-kinase"
"EW022_RS02445"	"g009426"	"glutamate-5-semialdehyde dehydrogenase"
"EW022_RS02450"	"g003747"	"hypothetical protein"
"EW022_RS02455"	"g005270"	"16S rRNA (cytosine(1402)-N(4))-methyltransferase RsmH"
"EW022_RS02460"	"g007993"	"cell division protein FtsL"
"EW022_RS02465"	"g010034"	"penicillin-binding protein"
"EW022_RS02470"	"g011446"	"phospho-N-acetylmuramoyl-pentapeptide- transferase"
"EW022_RS02475"	"g010905"	"DEAD/DEAH box helicase"
"EW022_RS02480"	"g012506"	"amino acid ABC transporter permease"
"EW022_RS02485"	"g000004"	"amino acid ABC transporter ATP-binding protein"
"EW022_RS02490"	"g008686"	"DUF4059 family protein"
"EW022_RS02495"	"g005462"	"thioredoxin-disulfide reductase"
"EW022_RS02500"	"g010807"	"amino acid permease"
"EW022_RS02505"	"g004824"	"nicotinate phosphoribosyltransferase"
"EW022_RS02510"	"g001141"	"ammonia-dependent NAD(+) synthetase"
"EW022_RS02515"	"g010923"	"aminopeptidase C"
"EW022_RS02520"	"g010061"	"penicillin-binding protein"
"EW022_RS02525"	"g006466"	"Holliday junction resolvase RecU"
"EW022_RS02530"	"g006917"	"DUF1273 domain-containing protein"
"EW022_RS02535"	"g007971"	"cell division regulator GpsB"
"EW022_RS02545"	"g009760"	"class I SAM-dependent RNA methyltransferase"
"EW022_RS02550"	"g010629"	"hypothetical protein"
"EW022_RS02555"	"g007060"	"S-ribosylhomocysteine lyase"
"EW022_RS02560"	"g010952"	"GntP family permease"
"EW022_RS02565"	"g012636"	"3-hydroxybutyrate dehydrogenase"
"EW022_RS02570"	"g000162"	"CoA transferase subunit B"
"EW022_RS02575"	"g001255"	"CoA transferase subunit A"
"EW022_RS02580"	"g000057"	"acetyl-CoA C-acetyltransferase"
"EW022_RS02585"	"g000007"	"LysR family transcriptional regulator"
"EW022_RS02590"	"g004728"	"ribonuclease Y"
"EW022_RS02595"	"g002770"	"guanylate kinase"
"EW022_RS02600"	"g008034"	"DNA-directed RNA polymerase subunit omega"
"EW022_RS02605"	"g005148"	"primosomal protein N'"
"EW022_RS02610"	"g005461"	"methionyl-tRNA formyltransferase"
"EW022_RS02615"	"g005006"	"16S rRNA (cytosine(967)-C(5))-methyltransferase RsmB"
"EW022_RS02620"	"g012845"	"Stp1/IreP family PP2C-type Ser/Thr phosphatase"
"EW022_RS02625"	"g010173"	"Stk1 family PASTA domain-containing Ser/Thr kinase"
"EW022_RS02630"	"g012825"	"cell wall-active antibiotics response protein"
"EW022_RS02635"	"g011478"	"sensor histidine kinase"
"EW022_RS02640"	"g000039"	"response regulator transcription factor"
"EW022_RS02645"	"g000616_1"	"peptidyl-prolyl cis-trans isomerase"
"EW022_RS02650"	"g003443"	"S1 RNA-binding domain-containing protein"
"EW022_RS02655"	"g001096"	"cysteine synthase A"
"EW022_RS02660"	"g006358"	"YigZ family protein"
"EW022_RS02665"	"g010966"	"DEAD/DEAH box helicase"
"EW022_RS02670"	"g006224"	"ComF family protein"
"EW022_RS02675"	"g006757"	"ribosome-associated translation inhibitor RaiA"
"EW022_RS02680"	"g008685"	"hypothetical protein"
"EW022_RS02755"	"g002985"	"DUF402 domain-containing protein"
"EW022_RS02760"	"g012652"	"recombination regulator RecX"
"EW022_RS02765"	"g010879"	"23S rRNA (uracil(1939)-C(5))-methyltransferase RlmD"
"EW022_RS02770"	"g010878"	"sensor histidine kinase"
"EW022_RS02775"	"g002244"	"alpha-mannosidase"
"EW022_RS02780"	"g010981"	"glycoside hydrolase family 125 protein"
"EW022_RS02785"	"g001066_2"	"GntR family transcriptional regulator"
"EW022_RS02790"	"g004656"	"hyaluronidase"
"EW022_RS02795"	"g002148"	"glycoside hydrolase family 1 protein"
"EW022_RS09365"	"g009292"	"hypothetical protein"
"EW022_RS02800"	"g005504"	"ROK family protein"
"EW022_RS02805"	"g011732"	"sugar ABC transporter permease"
"EW022_RS02810"	"g011870"	"carbohydrate ABC transporter permease"
"EW022_RS02815"	"g010669"	"extracellular solute-binding protein"
"EW022_RS02820"	"g006477"	"YesL family protein"
"EW022_RS02825"	"g010287"	"sensor histidine kinase"
"EW022_RS02830"	"g004814"	"response regulator transcription factor"
"EW022_RS02835"	"g005061"	"glycoside hydrolase family 2 protein"
"EW022_RS02840"	"g002444"	"shikimate dehydrogenase"
"EW022_RS02845"	"g005928"	"class I SAM-dependent methyltransferase"
"EW022_RS02850"	"g007895"	"cupin domain-containing protein"
"EW022_RS02855"	"g008120"	"cupin domain-containing protein"
"EW022_RS02860"	"g009999"	"3-dehydroquinate synthase"
"EW022_RS02865"	"g004436"	"3-deoxy-7-phosphoheptulonate synthase"
"EW022_RS02870"	"g009635"	"YSIRK-targeted surface antigen transcriptional regulator"
"EW022_RS02875"	"g005046"	"alpha-like surface protein"
"EW022_RS02885"	"g008205"	"type II toxin-antitoxin system RelB/DinJ family antitoxin"
"EW022_RS02890"	"g007900"	"hypothetical protein"
"EW022_RS02895"	"g007775"	"hypothetical protein"
"EW022_RS02900"	"g007395"	"ImmA/IrrE family metallo-endopeptidase"
"EW022_RS02905"	"g007899"	"helix-turn-helix transcriptional regulator"
"EW022_RS02910"	"g007332"	"helix-turn-helix transcriptional regulator"
"EW022_RS02915"	"g007301"	"thioredoxin family protein"
"EW022_RS02920"	"g007549"	"hypothetical protein"
"EW022_RS02925"	"g010037"	"LPXTG cell wall anchor domain-containing protein"
"EW022_RS02930"	"g011061"	"LPXTG cell wall anchor domain-containing protein"
"EW022_RS02935"	"g008123"	"hypothetical protein"
"EW022_RS02940"	"g007217"	"hypothetical protein"
"EW022_RS02945"	"g010372"	"cell division protein FtsK"
"EW022_RS02950"	"g009459"	"XRE family transcriptional regulator"
"EW022_RS02955"	"g007654"	"hypothetical protein"
"EW022_RS02965"	"g008336"	"hypothetical protein"
"EW022_RS02975"	"g007083"	"hypothetical protein"
"EW022_RS02980"	"g011734"	"conjugal transfer protein"
"EW022_RS02985"	"g008361"	"hypothetical protein"
"EW022_RS02990"	"g007456"	"conjugal transfer protein"
"EW022_RS02995"	"g010029"	"DUF87 domain-containing protein"
"EW022_RS03005"	"g006647"	"hypothetical protein"
"EW022_RS03010"	"g009252"	"putative holin-like toxin"
"EW022_RS03015"	"g010886"	"CHAP domain-containing protein"
"EW022_RS03020"	"g006712"	"hypothetical protein"
"EW022_RS03025"	"g012727"	"LPXTG cell wall anchor domain-containing protein"
"EW022_RS03030"	"g006790"	"hypothetical protein"
"EW022_RS03035"	"g007973"	"DUF771 domain-containing protein"
"EW022_RS03040"	"g009820"	"site-specific integrase"
"EW022_RS03050"	"g009828"	"ISAs1-like element IS1548 family transposase"
"EW022_RS03055"	"g008469"	"DUF1912 family protein"
"EW022_RS03060"	"g007523"	"hypothetical protein"
"EW022_RS03065"	"g008610"	"hypothetical protein"
"EW022_RS03070"	"g014663"	"None"
"EW022_RS03075"	"g002936"	"AAA family ATPase"
"EW022_RS03080"	"g005098"	"valine--tRNA ligase"
"EW022_RS03085"	"g004202"	"CRISPR-associated helicase/endonuclease Cas3"
"EW022_RS03090"	"g012897"	"type I-C CRISPR-associated protein Cas5"
"EW022_RS03095"	"g010175"	"type I-C CRISPR-associated protein Cas8c/Csd1"
"EW022_RS03100"	"g012277"	"type I-C CRISPR-associated protein Cas7/Csd2"
"EW022_RS03105"	"g006177"	"CRISPR-associated protein Cas4"
"EW022_RS03110"	"g011385"	"type I-C CRISPR-associated endonuclease Cas1"
"EW022_RS03115"	"g003680"	"CRISPR-associated endonuclease Cas2"
"EW022_RS03120"	"g012977"	"thiol-disulfide oxidoreductase-associated membrane protein CcdA2"
"EW022_RS03125"	"g006406"	"TlpA family protein disulfide reductase"
"EW022_RS03130"	"g000705"	"peptide-methionine (R)-S-oxide reductase MsrB"
"EW022_RS03135"	"g005985"	"response regulator"
"EW022_RS03140"	"g004638"	"sensor histidine kinase"
"EW022_RS03145"	"g004452"	"MmcQ/YjbR family DNA-binding protein"
"EW022_RS03150"	"g012955"	"B3/4 domain-containing protein"
"EW022_RS03155"	"g007114"	"arginine regulator"
"EW022_RS03160"	"g006147"	"Crp/Fnr family transcriptional regulator"
"EW022_RS03165"	"g004218"	"arginine deiminase"
"EW022_RS03170"	"g003309"	"GNAT family N-acetyltransferase"
"EW022_RS03175"	"g000507"	"ornithine carbamoyltransferase"
"EW022_RS03180"	"g010577"	"YfcC family protein"
"EW022_RS03185"	"g010951"	"Sapep family Mn(2+)-dependent dipeptidase"
"EW022_RS03190"	"g011731"	"carbamate kinase"
"EW022_RS03195"	"g002326"	"aspartate--ammonia ligase"
"EW022_RS03200"	"g006800"	"16S rRNA (guanine(966)-N(2))-methyltransferase RsmD"
"EW022_RS03205"	"g007017"	"pantetheine-phosphate adenylyltransferase"
"EW022_RS03210"	"g011338"	"PDZ domain-containing protein"
"EW022_RS03215"	"g011619"	"LacI family transcriptional regulator"
"EW022_RS03220"	"g002750"	"YutD family protein"
"EW022_RS03225"	"g004428"	"23S rRNA (adenine(2503)-C(2))-methyltransferase RlmN"
"EW022_RS03230"	"g006393"	"prepilin peptidase"
"EW022_RS03235"	"g006862"	"DNA starvation/stationary phase protection protein"
"EW022_RS03240"	"g008874"	"YqgQ family protein"
"EW022_RS03245"	"g011637"	"ROK family glucokinase"
"EW022_RS03250"	"g007571"	"rhodanese-like domain-containing protein"
"EW022_RS03255"	"g000965"	"ribosome-dependent GTPase TypA"
"EW022_RS03260"	"g008488"	"DUF3165 family protein"
"EW022_RS03265"	"g010866"	"UDP-N-acetylmuramoyl-L-alanine--D-glutamate ligase"
"EW022_RS03270"	"g009969"	"UDP-N-acetylglucosamine--N-acetylmuramyl- (pentapeptide) pyrophosphoryl-undecaprenol N-acetylglucosamine transferase"
"EW022_RS03275"	"g009747"	"cell division protein FtsQ/DivIB"
"EW022_RS03280"	"g010850"	"cell division protein FtsA"
"EW022_RS03285"	"g001950"	"cell division protein FtsZ"
"EW022_RS03290"	"g002685"	"YggS family pyridoxal phosphate-dependent enzyme"
"EW022_RS03295"	"g006257"	"cell division protein SepF"
"EW022_RS03300"	"g008468"	"YggT family protein"
"EW022_RS03305"	"g012560"	"RNA-binding protein"
"EW022_RS03310"	"g012742"	"DivIVA domain-containing protein"
"EW022_RS03315"	"g005083"	"isoleucine--tRNA ligase"
"EW022_RS03320"	"g008145"	"DUF1827 family protein"
"EW022_RS03325"	"g003230"	"NUDIX hydrolase"
"EW022_RS03330"	"g000452"	"ATP-dependent chaperone ClpB"
"EW022_RS03335"	"g008635"	"YkuJ family protein"
"EW022_RS03340"	"g006116"	"amino acid ABC transporter permease"
"EW022_RS03345"	"g000004"	"amino acid ABC transporter ATP-binding protein"
"EW022_RS03350"	"g010739"	"deoxyribodipyrimidine photo-lyase"
"EW022_RS03355"	"g010322"	"phospho-sugar mutase"
"EW022_RS03360"	"g001136"	"bifunctional methylenetetrahydrofolate dehydrogenase/methenyltetrahydrofolate cyclohydrolase FolD"
"EW022_RS03365"	"g010916"	"exodeoxyribonuclease VII large subunit"
"EW022_RS03370"	"g001750"	"exodeoxyribonuclease VII small subunit"
"EW022_RS03375"	"g012152"	"polyprenyl synthetase family protein"
"EW022_RS03380"	"g012389"	"TlyA family RNA methyltransferase"
"EW022_RS03385"	"g007131"	"arginine repressor"
"EW022_RS03390"	"g010360"	"DNA repair protein RecN"
"EW022_RS03395"	"g002354"	"LPXTG cell wall anchor domain-containing protein"
"EW022_RS03400"	"g012326"	"DegV family protein"
"EW022_RS03405"	"g012222"	"SGNH/GDSL hydrolase family protein"
"EW022_RS03410"	"g006553"	"YpmS family protein"
"EW022_RS03415"	"g000202"	"DNA-binding protein HU-alpha"
"EW022_RS03420"	"g010195"	"cadmium-translocating P-type ATPase"
"EW022_RS03425"	"g011812"	"dihydroorotate oxidase"
"EW022_RS03430"	"g000556"	"2%2C3-diphosphoglycerate-dependent phosphoglycerate mutase"
"EW022_RS03435"	"g006888"	"transcription repressor NadR"
"EW022_RS03440"	"g006780"	"hypothetical protein"
"EW022_RS03445"	"g012635"	"formate dehydrogenase"
"EW022_RS03450"	"g003995"	"hypothetical protein"
"EW022_RS03455"	"g002853"	"recombination protein RecR"
"EW022_RS03460"	"g011306"	"D-alanine--D-alanine ligase"
"EW022_RS03465"	"g010782"	"UDP-N-acetylmuramoyl-tripeptide--D-alanyl-D- alanine ligase"
"EW022_RS03470"	"g013050"	"TIGR02206 family membrane protein"
"EW022_RS03475"	"g008683"	"hypothetical protein"
"EW022_RS03480"	"g000991"	"peptide chain release factor 3"
"EW022_RS03485"	"g004715"	"DEAD/DEAH box helicase"
"EW022_RS03490"	"g010128"	"potassium transporter Kup"
"EW022_RS03495"	"g008293"	"GIY-YIG nuclease family protein"
"EW022_RS03500"	"g012651"	"tRNA1(Val) (adenine(37)-N6)-methyltransferase"
"EW022_RS03505"	"g012425"	"1-acyl-sn-glycerol-3-phosphate acyltransferase"
"EW022_RS03510"	"g006237"	"ComEA family DNA-binding protein"
"EW022_RS03520"	"g002282"	"DNA polymerase III subunit delta"
"EW022_RS03525"	"g000304"	"superoxide dismutase [Mn]"
"EW022_RS03535"	"g001737"	"hypothetical protein"
"EW022_RS03540"	"g006547"	"hypothetical protein"
"EW022_RS03545"	"g009526"	"DUF3114 domain-containing protein"
"EW022_RS03550"	"g005237"	"tRNA preQ1(34) S-adenosylmethionine ribosyltransferase-isomerase QueA"
"EW022_RS03555"	"g013007"	"glucosamine-6-phosphate deaminase"
"EW022_RS03560"	"g012954"	"rRNA pseudouridine synthase"
"EW022_RS03565"	"g011668"	"competence protein CoiA"
"EW022_RS03570"	"g004609"	"oligoendopeptidase F"
"EW022_RS03575"	"g009621"	"OFA family MFS transporter"
"EW022_RS03580"	"g012990"	"O-methyltransferase"
"EW022_RS03585"	"g005188_1"	"peptidylprolyl isomerase PrsA"
"EW022_RS03590"	"g005101"	"alanine--tRNA ligase"
"EW022_RS03595"	"g001779"	"helix-turn-helix transcriptional regulator"
"EW022_RS03600"	"g005927"	"DUF3169 family protein"
"EW022_RS03605"	"g013049"	"CPBP family intramembrane metalloprotease"
"EW022_RS03615"	"g010982"	"chloride channel protein"
"EW022_RS03620"	"g011678"	"class 1b ribonucleoside-diphosphate reductase subunit beta"
"EW022_RS03625"	"g010066"	"class 1b ribonucleoside-diphosphate reductase subunit alpha"
"EW022_RS03630"	"g008738"	"redoxin NrdH"
"EW022_RS03635"	"g003769"	"phosphocarrier protein HPr"
"EW022_RS03640"	"g000975"	"phosphoenolpyruvate-protein phosphotransferase PtsI"
"EW022_RS03645"	"g010698"	"NADP-dependent glyceraldehyde-3-phosphate dehydrogenase"
"EW022_RS03650"	"g009348"	"polysaccharide deacetylase family protein"
"EW022_RS03655"	"g009958"	"DEAD/DEAH box helicase"
"EW022_RS03660"	"g000581"	"uridine kinase"
"EW022_RS03665"	"g003776"	"DUF1294 domain-containing protein"
"EW022_RS03670"	"g012470"	"PrsW family intramembrane metalloprotease"
"EW022_RS03675"	"g003089"	"GAF domain-containing protein"
"EW022_RS03680"	"g000960"	"DNA polymerase III subunit gamma/tau"
"EW022_RS03685"	"g009828"	"ISAs1-like element IS1548 family transposase"
"EW022_RS03690"	"g003745"	"DUF3272 domain-containing protein"
"EW022_RS03695"	"g011777"	"bifunctional biotin--[acetyl-CoA-carboxylase] synthetase/biotin operon repressor"
"EW022_RS03700"	"g005149"	"internalin"
"EW022_RS03705"	"g000432"	"methionine adenosyltransferase"
"EW022_RS03710"	"g004178"	"UDP-N-acetylglucosamine 1-carboxyvinyltransferase"
"EW022_RS03715"	"g000009_2"	"G-related alpha2-macroglobulin-binding protein GRAB"
"EW022_RS03720"	"g006779"	"GNAT family N-acetyltransferase"
"EW022_RS03725"	"g009324"	"CBS domain-containing protein"
"EW022_RS03730"	"g012221"	"methionyl aminopeptidase"
"EW022_RS03735"	"g011658"	"YihY/virulence factor BrkB family protein"
"EW022_RS03740"	"g014664"	"None"
"EW022_RS03745"	"g007016"	"shikimate kinase"
"EW022_RS03750"	"g010659"	"LCP family protein"
"EW022_RS03755"	"g002093"	"23S rRNA (uracil(1939)-C(5))-methyltransferase RlmD"
"EW022_RS03760"	"g006825"	"ClbS/DfsB family four-helix bundle protein"
"EW022_RS03765"	"g007401"	"polyketide cyclase"
"EW022_RS03770"	"g006438"	"hypothetical protein"
"EW022_RS03775"	"g008221"	"DUF3847 domain-containing protein"
"EW022_RS03780"	"g007674"	"hypothetical protein"
"EW022_RS03785"	"g007381"	"MarR family transcriptional regulator"
"EW022_RS03795"	"g007950"	"DUF3847 domain-containing protein"
"EW022_RS03800"	"g010391"	"MobA/MobL family protein"
"EW022_RS03805"	"g006864"	"PcfB family protein"
"EW022_RS03810"	"g012902"	"hypothetical protein"
"EW022_RS03815"	"g009220"	"hypothetical protein"
"EW022_RS03820"	"g010335"	"recombinase family protein"
"EW022_RS03825"	"g014665"	"None"
"EW022_RS03830"	"g007496"	"PaaI family thioesterase"
"EW022_RS03835"	"g010596"	"DUF1846 domain-containing protein"
"EW022_RS03840"	"g009525"	"MFS transporter"
"EW022_RS03845"	"g007710"	"thioesterase family protein"
"EW022_RS03850"	"g012873"	"rRNA pseudouridine synthase"
"EW022_RS03855"	"g014666"	"None"
"EW022_RS03855"	"g014667"	"None"
"EW022_RS03860"	"g004110"	"DUF4044 domain-containing protein"
"EW022_RS03865"	"g004127"	"GTPase ObgE"
"EW022_RS03870"	"g009221"	"hypothetical protein"
"EW022_RS03875"	"g006085"	"nicotinamide riboside transporter PnuC"
"EW022_RS03880"	"g010755"	"glycoside hydrolase family 1 protein"
"EW022_RS03885"	"g009931"	"DUF871 domain-containing protein"
"EW022_RS03890"	"g010131"	"BglG family transcription antiterminator"
"EW022_RS03895"	"g000117"	"PTS sugar transporter subunit IIB"
"EW022_RS03900"	"g007913"	"PTS lactose/cellobiose transporter subunit IIA"
"EW022_RS03905"	"g007254"	"DUF3284 domain-containing protein"
"EW022_RS03915"	"g000004"	"amino acid ABC transporter ATP-binding protein"
"EW022_RS03920"	"g010057"	"ABC transporter permease subunit"
"EW022_RS03925"	"g000953"	"excinuclease ABC subunit B"
"EW022_RS03930"	"g009250"	"teichoic acid D-Ala incorporation-associated protein DltX"
"EW022_RS03935"	"g010496"	"D-alanine--poly(phosphoribitol) ligase subunit DltA"
"EW022_RS03940"	"g009413"	"D-alanyl-lipoteichoic acid biosynthesis protein DltB"
"EW022_RS03945"	"g008564"	"D-alanine--poly(phosphoribitol) ligase subunit DltC"
"EW022_RS03950"	"g009425"	"D-alanyl-lipoteichoic acid biosynthesis protein DltD"
"EW022_RS03955"	"g005349"	"alpha/beta hydrolase"
"EW022_RS03960"	"g001768"	"hypothetical protein"
"EW022_RS03965"	"g009401"	"extracellular solute-binding protein"
"EW022_RS03970"	"g010312"	"alpha-glycosidase"
"EW022_RS03975"	"g010074"	"cyclomaltodextrin glucanotransferase"
"EW022_RS03980"	"g010998"	"sugar ABC transporter permease"
"EW022_RS03985"	"g012220"	"sugar ABC transporter permease"
"EW022_RS03990"	"g012441"	"maltodextrose utilization protein MalA"
"EW022_RS03995"	"g000144"	"LacI family transcriptional regulator"
"EW022_RS04000"	"g012347"	"sugar ABC transporter permease"
"EW022_RS04005"	"g010853"	"sugar ABC transporter permease"
"EW022_RS04010"	"g009440"	"extracellular solute-binding protein"
"EW022_RS04015"	"g011409"	"LacI family transcriptional regulator"
"EW022_RS04020"	"g010575"	"4-alpha-glucanotransferase"
"EW022_RS04025"	"g010031"	"glycogen/starch/alpha-glucan family phosphorylase"
"EW022_RS04030"	"g006425"	"DUF3862 domain-containing protein"
"EW022_RS04035"	"g009951"	"site-specific integrase"
"EW022_RS04040"	"g012475"	"toxin-antitoxin system toxin component MazF family"
"EW022_RS04045"	"g001143_2"	"helix-turn-helix transcriptional regulator"
"EW022_RS04050"	"g008770"	"hypothetical protein"
"EW022_RS04055"	"g001839_1"	"hypothetical protein"
"EW022_RS04060"	"g006514"	"hypothetical protein"
"EW022_RS04065"	"g008831"	"hypothetical protein"
"EW022_RS04070"	"g007596"	"hypothetical protein"
"EW022_RS04075"	"g008671"	"hypothetical protein"
"EW022_RS04080"	"g006942"	"hypothetical protein"
"EW022_RS04085"	"g008526"	"hypothetical protein"
"EW022_RS04090"	"g008834"	"hypothetical protein"
"EW022_RS04095"	"g008565"	"hypothetical protein"
"EW022_RS04100"	"g009068"	"helix-turn-helix transcriptional regulator"
"EW022_RS04105"	"g008184"	"hypothetical protein"
"EW022_RS04110"	"g009267"	"hypothetical protein"
"EW022_RS04115"	"g007951"	"hypothetical protein"
"EW022_RS04120"	"g008980"	"hypothetical protein"
"EW022_RS04125"	"g008263"	"hypothetical protein"
"EW022_RS04130"	"g006137"	"AAA family ATPase"
"EW022_RS04135"	"g014668"	"None"
"EW022_RS04140"	"g007067"	"DUF669 domain-containing protein"
"EW022_RS04145"	"g004724"	"hypothetical protein"
"EW022_RS04150"	"g012178"	"hypothetical protein"
"EW022_RS04155"	"g001614"	"VRR-NUC domain-containing protein"
"EW022_RS04160"	"g001605"	"hypothetical protein"
"EW022_RS04165"	"g003812"	"hypothetical protein"
"EW022_RS04170"	"g008589"	"DUF3310 domain-containing protein"
"EW022_RS04175"	"g000116_1"	"hypothetical protein"
"EW022_RS04180"	"g001293"	"SAM-dependent DNA methyltransferase"
"EW022_RS04185"	"g007089"	"DUF1642 domain-containing protein"
"EW022_RS04190"	"g001497"	"ArpU family transcriptional regulator"
"EW022_RS04200"	"g011936"	"hypothetical protein"
"EW022_RS04205"	"g007179"	"hypothetical protein"
"EW022_RS04210"	"g007657"	"HicB family protein"
"EW022_RS04215"	"g009078"	"addiction module toxin%2C HicA family"
"EW022_RS04220"	"g014669"	"None"
"EW022_RS04225"	"g004132"	"PBSX family phage terminase large subunit"
"EW022_RS04230"	"g004793"	"phage portal protein"
"EW022_RS04235"	"g010460"	"phage head morphogenesis protein"
"EW022_RS04240"	"g009069"	"hypothetical protein"
"EW022_RS04245"	"g008061"	"hypothetical protein"
"EW022_RS04250"	"g000203"	"hypothetical protein"
"EW022_RS04255"	"g006837"	"DUF4355 domain-containing protein"
"EW022_RS04260"	"g003437"	"head decoration protein"
"EW022_RS04265"	"g009970"	"hypothetical protein"
"EW022_RS04270"	"g003837"	"hypothetical protein"
"EW022_RS04275"	"g003517"	"hypothetical protein"
"EW022_RS04280"	"g003637"	"hypothetical protein"
"EW022_RS04285"	"g003469"	"HK97 gp10 family phage protein"
"EW022_RS04290"	"g003411"	"hypothetical protein"
"EW022_RS04295"	"g002793"	"phage major tail protein%2C TP901-1 family"
"EW022_RS04300"	"g003491"	"hypothetical protein"
"EW022_RS04305"	"g007944"	"hypothetical protein"
"EW022_RS04310"	"g005058"	"tape measure protein"
"EW022_RS04315"	"g005876"	"hypothetical protein"
"EW022_RS04320"	"g000947"	"peptidase"
"EW022_RS04325"	"g001774_1"	"hypothetical protein"
"EW022_RS04330"	"g008055"	"hypothetical protein"
"EW022_RS04335"	"g000460_2"	"hypothetical protein"
"EW022_RS04340"	"g009216"	"hypothetical protein"
"EW022_RS04345"	"g000165_1"	"DUF1366 domain-containing protein"
"EW022_RS04350"	"g001665"	"hypothetical protein"
"EW022_RS04355"	"g001814"	"hypothetical protein"
"EW022_RS04360"	"g010945"	"lysin"
"EW022_RS04365"	"g000566_2"	"streptococcal pyrogenic exotoxin SpeC"
"EW022_RS04370"	"g005819_2"	"DNase Mf2"
"EW022_RS04375"	"g000126_1"	"hypothetical protein"
"EW022_RS04385"	"g006443"	"TVP38/TMEM64 family protein"
"EW022_RS04390"	"g012596"	"hypothetical protein"
"EW022_RS04395"	"g000239"	"peptidase domain-containing ABC transporter"
"EW022_RS04400"	"g003457"	"GntR family transcriptional regulator"
"EW022_RS04405"	"g011112"	"DNA polymerase III subunit alpha"
"EW022_RS04410"	"g001081"	"ATP-dependent 6-phosphofructokinase"
"EW022_RS04415"	"g010547"	"pyruvate kinase"
"EW022_RS04420"	"g006706"	"signal peptidase I"
"EW022_RS04425"	"g004601"	"glutamine--fructose-6-phosphate transaminase (isomerizing)"
"EW022_RS04430"	"g000769"	"phnA family protein"
"EW022_RS04435"	"g006317"	"amino acid ABC transporter permease"
"EW022_RS04440"	"g006376"	"amino acid ABC transporter ATP-binding protein"
"EW022_RS04445"	"g012346"	"amino acid ABC transporter substrate-binding protein"
"EW022_RS04450"	"g012666"	"CAMP factor pore-forming toxin Cfa"
"EW022_RS04455"	"g009486"	"cation diffusion facilitator family transporter"
"EW022_RS04460"	"g010970"	"sodium:alanine symporter family protein"
"EW022_RS04465"	"g004494"	"DNA helicase PcrA"
"EW022_RS04470"	"g003820_1"	"GlsB/YeaQ/YmgE family stress response membrane protein"
"EW022_RS04475"	"g006458"	"alkaline shock response membrane anchor protein AmaP"
"EW022_RS04480"	"g009041"	"DUF2273 domain-containing protein"
"EW022_RS04485"	"g002993_2"	"Asp23/Gls24 family envelope stress response protein"
"EW022_RS04490"	"g003964_2"	"CsbD family protein"
"EW022_RS04495"	"g002993_1"	"Asp23/Gls24 family envelope stress response protein"
"EW022_RS04500"	"g006316"	"GntR family transcriptional regulator"
"EW022_RS04505"	"g006778"	"TetR/AcrR family transcriptional regulator"
"EW022_RS04510"	"g013019"	"ABC transporter ATP-binding protein"
"EW022_RS04515"	"g011165"	"FtsX-like permease family protein"
"EW022_RS04520"	"g006526"	"restriction endonuclease subunit S"
"EW022_RS04525"	"g011698"	"aromatic acid exporter family protein"
"EW022_RS04530"	"g010915"	"DUF2130 domain-containing protein"
"EW022_RS04535"	"g012091"	"tRNA pseudouridine(55) synthase TruB"
"EW022_RS04540"	"g011832"	"bifunctional riboflavin kinase/FAD synthetase"
"EW022_RS04545"	"g003376"	"transcriptional regulator Spx"
"EW022_RS04550"	"g008292"	"UPF0223 family protein"
"EW022_RS04555"	"g012581"	"inositol monophosphatase family protein"
"EW022_RS04560"	"g010990"	"23S rRNA methyltransferase"
"EW022_RS04565"	"g012187"	"phosphate ABC transporter substrate-binding protein PstS family protein"
"EW022_RS04570"	"g011811"	"phosphate ABC transporter permease subunit PstC"
"EW022_RS04575"	"g012071"	"phosphate ABC transporter permease PstA"
"EW022_RS04580"	"g001138"	"phosphate ABC transporter ATP-binding protein"
"EW022_RS04585"	"g001138"	"phosphate ABC transporter ATP-binding protein"
"EW022_RS04590"	"g006264"	"phosphate signaling complex protein PhoU"
"EW022_RS04595"	"g008828"	"hypothetical protein"
"EW022_RS04600"	"g011183"	"M1 family metallopeptidase"
"EW022_RS04605"	"g006176"	"response regulator transcription factor"
"EW022_RS04610"	"g010989"	"HAMP domain-containing histidine kinase"
"EW022_RS04615"	"g008609"	"30S ribosomal protein S20"
"EW022_RS04620"	"g011904"	"type I pantothenate kinase"
"EW022_RS04625"	"g006533"	"class I SAM-dependent methyltransferase"
"EW022_RS04630"	"g007570"	"cytidine deaminase"
"EW022_RS04635"	"g005195_1"	"BMP family ABC transporter substrate-binding protein"
"EW022_RS04640"	"g010505"	"ABC transporter ATP-binding protein"
"EW022_RS04645"	"g011248"	"ABC transporter permease"
"EW022_RS04650"	"g011697"	"ABC transporter permease"
"EW022_RS04655"	"g010299"	"phospho-sugar mutase"
"EW022_RS04660"	"g006642"	"ECF transporter S component"
"EW022_RS04665"	"g006767"	"phosphopantothenoylcysteine decarboxylase"
"EW022_RS04670"	"g006115"	"phosphopantothenate--cysteine ligase"
"EW022_RS04675"	"g012264"	"lipoate--protein ligase family protein"
"EW022_RS04680"	"g001920"	"NADH-dependent flavin oxidoreductase"
"EW022_RS04685"	"g011512"	"LLM class flavin-dependent oxidoreductase"
"EW022_RS04690"	"g003562"	"glycine cleavage system protein H"
"EW022_RS04695"	"g012456"	"protein-ADP-ribose hydrolase"
"EW022_RS04700"	"g002369"	"NAD-dependent deacetylase"
"EW022_RS04705"	"g002298"	"lipoate--protein ligase"
"EW022_RS04710"	"g000979_1"	"formate--tetrahydrofolate ligase"
"EW022_RS04715"	"g010444"	"cardiolipin synthase"
"EW022_RS04720"	"g007894"	"hypothetical protein"
"EW022_RS04725"	"g009366"	"PLP-dependent aminotransferase family protein"
"EW022_RS04730"	"g012186"	"pyridoxamine kinase"
"EW022_RS04735"	"g006705"	"membrane protein"
"EW022_RS04740"	"g010457"	"ABC-F family ATP-binding cassette domain-containing protein"
"EW022_RS04745"	"g009516"	"aminoacyltransferase"
"EW022_RS04750"	"g000992"	"glutamine-hydrolyzing GMP synthase"
"EW022_RS04755"	"g010689"	"hypothetical protein"
"EW022_RS04760"	"g002539"	"transcriptional regulator LldR"
"EW022_RS04765"	"g003541"	"putative DNA-binding protein"
"EW022_RS04770"	"g000994"	"signal recognition particle protein"
"EW022_RS04775"	"g013029"	"helix-turn-helix transcriptional regulator"
"EW022_RS04780"	"g010009"	"tyrosine recombinase XerS"
"EW022_RS04785"	"g007059"	"hypothetical protein"
"EW022_RS04790"	"g005194"	"[citrate (pro-3S)-lyase] ligase"
"EW022_RS04795"	"g000051"	"oxaloacetate decarboxylase subunit alpha"
"EW022_RS04800"	"g006595"	"citrate lyase holo-[acyl-carrier protein] synthase"
"EW022_RS04805"	"g000471"	"citrate lyase subunit alpha"
"EW022_RS04810"	"g001123"	"citrate (pro-3S)-lyase subunit beta"
"EW022_RS04815"	"g008102"	"citrate lyase acyl carrier protein"
"EW022_RS04820"	"g009864"	"sodium ion-translocating decarboxylase subunit beta"
"EW022_RS04825"	"g000051"	"oxaloacetate decarboxylase subunit alpha"
"EW022_RS04830"	"g003589"	"hypothetical protein"
"EW022_RS04835"	"g010752"	"CitMHS family transporter"
"EW022_RS04840"	"g013048"	"GntR family transcriptional regulator"
"EW022_RS04845"	"g012090"	"triphosphoribosyl-dephospho-CoA synthase CitG"
"EW022_RS04850"	"g009836"	"sodium ion-translocating decarboxylase subunit beta"
"EW022_RS04855"	"g000757"	"biotin/lipoyl-binding protein"
"EW022_RS04865"	"g000051"	"oxaloacetate decarboxylase subunit alpha"
"EW022_RS04870"	"g004972"	"methylenetetrahydrofolate--tRNA-(uracil(54)- C(5))-methyltransferase (FADH(2)-oxidizing) TrmFO"
"EW022_RS04875"	"g012953"	"DUF3307 domain-containing protein"
"EW022_RS04880"	"g006223"	"DNA-binding protein"
"EW022_RS04885"	"g005324"	"D-lactate dehydrogenase"
"EW022_RS04895"	"g014670"	"None"
"EW022_RS04900"	"g001454"	"LysR family transcriptional regulator substrate-binding protein"
"EW022_RS04905"	"g004508"	"type I DNA topoisomerase"
"EW022_RS04915"	"g002516"	"ribonuclease HII"
"EW022_RS04920"	"g002469"	"ribosome biogenesis GTPase YlqF"
"EW022_RS04925"	"g007299"	"DUF1836 domain-containing protein"
"EW022_RS04930"	"g001226"	"hemolysin III family protein"
"EW022_RS04935"	"g005551"	"diacylglycerol kinase family lipid kinase"
"EW022_RS04940"	"g003293"	"hypothetical protein"
"EW022_RS04945"	"g014671"	"None"
"EW022_RS04950"	"g003352"	"VOC family protein"
"EW022_RS04955"	"g012794"	"sortase"
"EW022_RS04960"	"g001046"	"DNA topoisomerase (ATP-hydrolyzing) subunit A"
"EW022_RS04965"	"g002336"	"L-lactate dehydrogenase"
"EW022_RS04970"	"g010836"	"NADH oxidase"
"EW022_RS04975"	"g000976"	"high-affinity branched-chain amino acid ABC transporter ATP-binding protein LivG"
"EW022_RS04980"	"g010292"	"ABC transporter ATP-binding protein"
"EW022_RS04985"	"g006457"	"lysozyme family protein"
"EW022_RS04990"	"g011618"	"nucleoid-associated protein"
"EW022_RS04995"	"g000872"	"serine hydroxymethyltransferase"
"EW022_RS05000"	"g007237"	"GNAT family N-acetyltransferase"
"EW022_RS05005"	"g006546"	"threonylcarbamoyl-AMP synthase"
"EW022_RS05010"	"g012325"	"peptide chain release factor N(5)-glutamine methyltransferase"
"EW022_RS05015"	"g000936"	"peptide chain release factor 1"
"EW022_RS05020"	"g006641"	"thymidine kinase"
"EW022_RS05025"	"g009067"	"4-oxalocrotonate tautomerase"
"EW022_RS05030"	"g005451"	"FAD:protein FMN transferase"
"EW022_RS05035"	"g009323"	"purine permease"
"EW022_RS05040"	"g002887"	"xanthine phosphoribosyltransferase"
"EW022_RS05050"	"g005348"	"GMP reductase"
"EW022_RS05055"	"g001296"	"ABC transporter permease/substrate-binding protein"
"EW022_RS05060"	"g000885"	"ABC transporter ATP-binding protein"
"EW022_RS05065"	"g001209"	"hypothetical protein"
"EW022_RS05070"	"g001169"	"bifunctional NADP-dependent 3-hydroxy acid dehydrogenase/3-hydroxypropionate dehydrogenase YdfG"
"EW022_RS05075"	"g005314"	"phosphate acetyltransferase"
"EW022_RS05080"	"g011984"	"RluA family pseudouridine synthase"
"EW022_RS05085"	"g012344"	"NAD kinase"
"EW022_RS05090"	"g002684"	"GTP pyrophosphokinase family protein"
"EW022_RS05095"	"g002900"	"CYTH domain-containing protein"
"EW022_RS05100"	"g000509"	"ribose-phosphate diphosphokinase"
"EW022_RS05105"	"g009844"	"cysteine desulfurase"
"EW022_RS05110"	"g007837"	"DUF1831 domain-containing protein"
"EW022_RS05115"	"g006300"	"redox-sensing transcriptional repressor Rex"
"EW022_RS05120"	"g013047"	"gamma-glutamyl-gamma-aminobutyrate hydrolase family protein"
"EW022_RS05125"	"g006146"	"JAB domain-containing protein"
"EW022_RS05130"	"g009778"	"AI-2E family transporter"
"EW022_RS05135"	"g006442"	"hypothetical protein"
"EW022_RS05140"	"g010504"	"ClC family H(+)/Cl(-) exchange transporter"
"EW022_RS05145"	"g012884"	"acid phosphatase AphA"
"EW022_RS05150"	"g005201"	"zinc-dependent alcohol dehydrogenase family protein"
"EW022_RS05155"	"g000883"	"NADP-dependent oxaloacetate-decarboxylating malate dehydrogenase"
"EW022_RS05160"	"g010950"	"L-malate permease"
"EW022_RS05165"	"g010490"	"sensor histidine kinase"
"EW022_RS05170"	"g006222"	"response regulator"
"EW022_RS05175"	"g009998"	"ABC transporter substrate-binding protein"
"EW022_RS05180"	"g005810"	"ABC transporter permease"
"EW022_RS05185"	"g005838"	"ABC transporter permease"
"EW022_RS05190"	"g000083"	"ABC transporter ATP-binding protein"
"EW022_RS05195"	"g005505"	"UDP-N-acetylmuramate dehydrogenase"
"EW022_RS05200"	"g006973"	"2-amino-4-hydroxy-6- hydroxymethyldihydropteridine diphosphokinase"
"EW022_RS05205"	"g007757"	"dihydroneopterin aldolase"
"EW022_RS05210"	"g012523"	"dihydropteroate synthase"
"EW022_RS05215"	"g006467"	"GTP cyclohydrolase I FolE"
"EW022_RS05220"	"g009338"	"bifunctional folylpolyglutamate synthase/dihydrofolate synthase"
"EW022_RS05225"	"g011667"	"polysaccharide deacetylase family protein"
"EW022_RS05230"	"g009485"	"D-alanyl-D-alanine carboxypeptidase"
"EW022_RS05245"	"g008764"	"hypothetical protein"
"EW022_RS05250"	"g008737"	"helix-turn-helix transcriptional regulator"
"EW022_RS05255"	"g012929"	"lantibiotic immunity ABC transporter MutG family permease subunit"
"EW022_RS05260"	"g012793"	"lantibiotic immunity ABC transporter MutE/EpiE family permease subunit"
"EW022_RS05265"	"g013081"	"lantibiotic protection ABC transporter ATP-binding protein"
"EW022_RS05270"	"g001310_2"	"lantibiotic dehydratase"
"EW022_RS05275"	"g009451"	"lanthionine synthetase C family protein"
"EW022_RS05280"	"g001310_1"	"ATP-binding cassette domain-containing protein"
"EW022_RS05285"	"g004088"	"lantibiotic streptin"
"EW022_RS05290"	"g010899"	"HAMP domain-containing histidine kinase"
"EW022_RS05295"	"g006114"	"response regulator transcription factor"
"EW022_RS05320"	"g007702"	"hypothetical protein"
"EW022_RS05325"	"g000741"	"50S ribosomal protein L7/L12"
"EW022_RS05330"	"g003081"	"50S ribosomal protein L10"
"EW022_RS05335"	"g004915"	"tRNA uridine-5-carboxymethylaminomethyl(34) synthesis GTPase MnmE"
"EW022_RS05340"	"g004886"	"dipeptidase PepV"
"EW022_RS05345"	"g006492"	"NAD(P)H nitroreductase"
"EW022_RS05350"	"g004612"	"excinuclease ABC subunit UvrC"
"EW022_RS05355"	"g010768"	"NAD-dependent succinate-semialdehyde dehydrogenase"
"EW022_RS05360"	"g005208"	"extracellular solute-binding protein"
"EW022_RS05365"	"g012580"	"response regulator transcription factor"
"EW022_RS05370"	"g010380"	"sensor histidine kinase"
"EW022_RS05375"	"g012388"	"PTS mannose/fructose/sorbose transporter family subunit IID"
"EW022_RS05380"	"g012469"	"PTS mannose/fructose/sorbose/N-acetylgalactosamine transporter subunit IIC"
"EW022_RS05385"	"g007015"	"PTS system mannose/fructose/N-acetylgalactosamine-transporter subunit IIB"
"EW022_RS05390"	"g003317"	"PTS sugar transporter subunit IIA"
"EW022_RS05395"	"g001077"	"YeiH family putative sulfate export transporter"
"EW022_RS05400"	"g000705"	"peptide-methionine (R)-S-oxide reductase MsrB"
"EW022_RS05405"	"g014672"	"None"
"EW022_RS05415"	"g000966"	"elongation factor 4"
"EW022_RS05420"	"g014673"	"None"
"EW022_RS05425"	"g009828"	"ISAs1-like element IS1548 family transposase"
"EW022_RS05430"	"g002710"	"type II-A CRISPR-associated protein Csn2"
"EW022_RS05435"	"g007875"	"CRISPR-associated endonuclease Cas2"
"EW022_RS05440"	"g005665"	"type II CRISPR-associated endonuclease Cas1"
"EW022_RS05445"	"g005047"	"type II CRISPR RNA-guided endonuclease Cas9"
"EW022_RS05450"	"g006357"	"TIGR01906 family membrane protein"
"EW022_RS05455"	"g012711"	"TIGR01457 family HAD-type hydrolase"
"EW022_RS05460"	"g012778"	"acyl-[acyl-carrier-protein] thioesterase"
"EW022_RS05465"	"g009835"	"oxygen-independent coproporphyrinogen III oxidase"
"EW022_RS05470"	"g002756"	"hypothetical protein"
"EW022_RS05475"	"g004957"	"phosphoglucosamine mutase"
"EW022_RS05480"	"g011696"	"YbbR-like domain-containing protein"
"EW022_RS05485"	"g012263"	"TIGR00159 family protein"
"EW022_RS05490"	"g002196"	"Mur ligase family protein"
"EW022_RS05495"	"g012559"	"type 1 glutamine amidotransferase"
"EW022_RS05500"	"g011555"	"lipoate--protein ligase"
"EW022_RS05505"	"g011173"	"polysaccharide lyase 8 family protein"
"EW022_RS05510"	"g001761"	"hypothetical protein"
"EW022_RS05515"	"g004621_2"	"dihydrolipoyl dehydrogenase"
"EW022_RS05520"	"g001683"	"hypothetical protein"
"EW022_RS05525"	"g004621_1"	"dihydrolipoamide acetyltransferase"
"EW022_RS05530"	"g011511"	"alpha-ketoacid dehydrogenase subunit beta"
"EW022_RS05535"	"g011644"	"thiamine pyrophosphate-dependent dehydrogenase E1 component subunit alpha"
"EW022_RS05540"	"g001233"	"ABC transporter ATP-binding protein"
"EW022_RS05545"	"g007970"	"hypothetical protein"
"EW022_RS05550"	"g012595"	"esterase family protein"
"EW022_RS05555"	"g010359"	"ribonuclease J"
"EW022_RS05560"	"g012741"	"ABC transporter ATP-binding protein"
"EW022_RS05565"	"g012175"	"ABC transporter permease"
"EW022_RS05570"	"g001836"	"hypothetical protein"
"EW022_RS05575"	"g011510"	"peptide ABC transporter substrate-binding protein"
"EW022_RS05580"	"g010376"	"PavA family fibronectin-binding protein Fbp54"
"EW022_RS05585"	"g009439"	"hypothetical protein"
"EW022_RS05590"	"g009675"	"AI-2E family transporter"
"EW022_RS05595"	"g007102"	"8-oxo-dGTP diphosphatase"
"EW022_RS05600"	"g011329"	"dTDP-glucose 4%2C6-dehydratase"
"EW022_RS05605"	"g006532"	"dTDP-4-dehydrorhamnose 3%2C5-epimerase"
"EW022_RS05610"	"g000268"	"glucose-1-phosphate thymidylyltransferase RfbA"
"EW022_RS05615"	"g000927"	"FAD-binding oxidoreductase"
"EW022_RS05620"	"g012579"	"Nif3-like dinuclear metal center hexameric protein"
"EW022_RS05625"	"g006113"	"tRNA (adenine-N(1))-methyltransferase"
"EW022_RS05630"	"g002718"	"endonuclease III"
"EW022_RS05635"	"g006132"	"DnaD domain-containing protein"
"EW022_RS05640"	"g000644"	"adenine phosphoribosyltransferase"
"EW022_RS05645"	"g010046"	"single-stranded-DNA-specific exonuclease RecJ"
"EW022_RS05650"	"g012709"	"SDR family oxidoreductase"
"EW022_RS05655"	"g011853"	"ribonuclease Z"
"EW022_RS05660"	"g006342"	"cystathionine beta-lyase"
"EW022_RS05665"	"g009469"	"GTPase HflX"
"EW022_RS05670"	"g005581"	"tRNA (adenosine(37)-N6)-dimethylallyltransferase MiaA"
"EW022_RS05675"	"g014674"	"None"
"EW022_RS05680"	"g011968"	"TDT family transporter"
"EW022_RS05685"	"g001526"	"glutathione S-transferase"
"EW022_RS05690"	"g003994"	"hypothetical protein"
"EW022_RS05695"	"g005338"	"rhodanese-related sulfurtransferase"
"EW022_RS05700"	"g008144"	"hypothetical protein"
"EW022_RS05710"	"g000110"	"polyribonucleotide nucleotidyltransferase"
"EW022_RS05725"	"g003881"	"DUF2969 domain-containing protein"
"EW022_RS05730"	"g011244"	"branched-chain amino acid aminotransferase"
"EW022_RS05735"	"g005127"	"DNA topoisomerase IV subunit A"
"EW022_RS05740"	"g000241"	"DNA topoisomerase (ATP-hydrolyzing) subunit B"
"EW022_RS05745"	"g006315"	"glycerol-3-phosphate 1-O-acyltransferase PlsY"
"EW022_RS05750"	"g009365"	"dihydroorotase"
"EW022_RS05755"	"g000286"	"uracil-DNA glycosylase"
"EW022_RS05760"	"g002736"	"amino acid ABC transporter permease"
"EW022_RS05765"	"g012017"	"transporter substrate-binding domain-containing protein"
"EW022_RS05770"	"g004837"	"amidase"
"EW022_RS05775"	"g002782"	"orotate phosphoribosyltransferase"
"EW022_RS05780"	"g006095"	"orotidine-5'-phosphate decarboxylase"
"EW022_RS05785"	"g006818"	"hypothetical protein"
"EW022_RS05790"	"g000007"	"LysR family transcriptional regulator"
"EW022_RS05795"	"g005859"	"hypothetical protein"
"EW022_RS05800"	"g000550"	"purine-nucleoside phosphorylase"
"EW022_RS05805"	"g012468"	"purine-nucleoside phosphorylase"
"EW022_RS05810"	"g000106"	"arsenate reductase (glutaredoxin)"
"EW022_RS05815"	"g004245"	"phosphopentomutase"
"EW022_RS05820"	"g006131"	"ribose-5-phosphate isomerase RpiA"
"EW022_RS05825"	"g002022"	"ATP-dependent Clp protease ATP-binding subunit"
"EW022_RS05830"	"g005962"	"hypothetical protein"
"EW022_RS05835"	"g002848"	"YihA family ribosome biogenesis GTP-binding protein"
"EW022_RS05840"	"g001879"	"ATP-dependent protease ATP-binding subunit ClpX"
"EW022_RS05845"	"g009188"	"hypothetical protein"
"EW022_RS05850"	"g006985"	"dihydrofolate reductase"
"EW022_RS05855"	"g012324"	"thymidylate synthase"
"EW022_RS05860"	"g009689"	"hydroxymethylglutaryl-CoA synthase"
"EW022_RS05865"	"g009337"	"hydroxymethylglutaryl-CoA reductase%2C degradative"
"EW022_RS05870"	"g011554"	"type 2 isopentenyl-diphosphate Delta-isomerase"
"EW022_RS05875"	"g011433"	"phosphomevalonate kinase"
"EW022_RS05880"	"g011762"	"diphosphomevalonate decarboxylase"
"EW022_RS05885"	"g012042"	"mevalonate kinase"
"EW022_RS05890"	"g009496"	"HAMP domain-containing histidine kinase"
"EW022_RS05895"	"g006209"	"response regulator transcription factor"
"EW022_RS05900"	"g006277"	"GTP pyrophosphokinase family protein"
"EW022_RS05905"	"g010123"	"multifunctional 2'%2C3'-cyclic-nucleotide 2'-phosphodiesterase/5'-nucleotidase/3'-nucleotidase"
"EW022_RS05910"	"g007454"	"peptide deformylase"
"EW022_RS05915"	"g003915"	"hypothetical protein"
"EW022_RS05920"	"g004575"	"ABC-F family ATP-binding cassette domain-containing protein"
"EW022_RS05925"	"g004273"	"CCA tRNA nucleotidyltransferase"
"EW022_RS05930"	"g012276"	"DegV family protein"
"EW022_RS05935"	"g007633"	"DUF1149 family protein"
"EW022_RS05940"	"g001823_1"	"nucleoside-diphosphate kinase"
"EW022_RS05945"	"g005244"	"hypothetical protein"
"EW022_RS05950"	"g014675"	"None"
"EW022_RS05960"	"g002849_1"	"glycoside hydrolase family 73 protein"
"EW022_RS05965"	"g002849_2"	"glycoside hydrolase family 73 protein"
"EW022_RS05970"	"g010155"	"PTS fructose transporter subunit IIC"
"EW022_RS05975"	"g005550"	"1-phosphofructokinase"
"EW022_RS05980"	"g012966"	"DeoR/GlpR transcriptional regulator"
"EW022_RS05985"	"g011892"	"2-dehydropantoate 2-reductase"
"EW022_RS05990"	"g011265"	"PTS transporter subunit IIC"
"EW022_RS05995"	"g011540"	"NAD(P)/FAD-dependent oxidoreductase"
"EW022_RS06000"	"g002589"	"tRNA (guanosine(37)-N1)-methyltransferase TrmD"
"EW022_RS06005"	"g003038"	"ribosome maturation factor RimM"
"EW022_RS06010"	"g006887"	"TetR/AcrR family transcriptional regulator"
"EW022_RS06015"	"g012137"	"cation transporter"
"EW022_RS06020"	"g007495"	"hypothetical protein"
"EW022_RS06025"	"g011121"	"leucine-rich repeat protein"
"EW022_RS06030"	"g008563"	"KH domain-containing protein"
"EW022_RS06035"	"g003737"	"30S ribosomal protein S16"
"EW022_RS06040"	"g010282"	"glycerophosphodiester phosphodiesterase"
"EW022_RS06045"	"g009524"	"FtsX-like permease family protein"
"EW022_RS06050"	"g000554"	"macrolide ABC transporter ATP-binding protein/permease MacB"
"EW022_RS06055"	"g009354"	"efflux RND transporter periplasmic adaptor subunit"
"EW022_RS06060"	"g005070"	"carbamoyl-phosphate synthase large subunit"
"EW022_RS06065"	"g008947"	"hypothetical protein"
"EW022_RS06070"	"g004414"	"carbamoyl-phosphate synthase small subunit"
"EW022_RS06075"	"g005460"	"aspartate carbamoyltransferase"
"EW022_RS06080"	"g009400"	"uracil permease"
"EW022_RS06085"	"g003022"	"bifunctional pyr operon transcriptional regulator/uracil phosphoribosyltransferase PyrR"
"EW022_RS06090"	"g005527"	"RluA family pseudouridine synthase"
"EW022_RS06095"	"g007199"	"signal peptidase II"
"EW022_RS06100"	"g000007"	"LysR family transcriptional regulator"
"EW022_RS06110"	"g000795"	"50S ribosomal protein L27"
"EW022_RS06115"	"g007969"	"ribosomal-processing cysteine protease Prp"
"EW022_RS06120"	"g003614"	"50S ribosomal protein L21"
"EW022_RS06125"	"g009298"	"CapA family protein"
"EW022_RS06130"	"g009555"	"tRNA 4-thiouridine(8) synthase ThiI"
"EW022_RS06135"	"g009797"	"cysteine desulfurase"
"EW022_RS06140"	"g000704"	"membrane protein"
"EW022_RS06145"	"g009364"	"bifunctional folylpolyglutamate synthase/dihydrofolate synthase"
"EW022_RS06150"	"g002193"	"glutathione-disulfide reductase"
"EW022_RS06155"	"g007874"	"YlbF/YmcA family competence regulator"
"EW022_RS06160"	"g001954"	"chorismate synthase"
"EW022_RS06165"	"g006112"	"type I 3-dehydroquinate dehydratase"
"EW022_RS06170"	"g009740"	"class I SAM-dependent rRNA methyltransferase"
"EW022_RS06175"	"g010045"	"LTA synthase family protein"
"EW022_RS06180"	"g001599"	"50S ribosomal protein L20"
"EW022_RS06185"	"g003967"	"50S ribosomal protein L35"
"EW022_RS06190"	"g003014"	"translation initiation factor IF-3"
"EW022_RS06195"	"g002666"	"(d)CMP kinase"
"EW022_RS06200"	"g007101"	"LysM peptidoglycan-binding domain-containing protein"
"EW022_RS06205"	"g008946"	"ferredoxin"
"EW022_RS06210"	"g007031"	"EbsA family protein"
"EW022_RS06215"	"g000881"	"peptidase T"
"EW022_RS06220"	"g010566"	"DUF2142 domain-containing protein"
"EW022_RS06225"	"g009313"	"lipopolysaccharide biosynthesis protein"
"EW022_RS06230"	"g007873"	"DUF2304 domain-containing protein"
"EW022_RS06235"	"g013046"	"glycosyltransferase family 2 protein"
"EW022_RS06240"	"g011204"	"sulfatase-like hydrolase/transferase"
"EW022_RS06245"	"g010270"	"alpha-L-Rha alpha-1%2C3-L-rhamnosyltransferase"
"EW022_RS06250"	"g011465"	"glycosyltransferase"
"EW022_RS06255"	"g009588"	"ABC transporter ATP-binding protein"
"EW022_RS06260"	"g012726"	"ABC transporter permease"
"EW022_RS06265"	"g011831"	"glycosyltransferase family 2 protein"
"EW022_RS06270"	"g009759"	"DUF1972 domain-containing protein"
"EW022_RS06275"	"g012250"	"dTDP-4-dehydrorhamnose reductase"
"EW022_RS06280"	"g003547"	"metal-sulfur cluster assembly factor"
"EW022_RS06285"	"g000926"	"RNA polymerase sigma factor RpoD"
"EW022_RS06290"	"g010218"	"DNA primase"
"EW022_RS06295"	"g007737"	"large conductance mechanosensitive channel protein MscL"
"EW022_RS06300"	"g001781"	"30S ribosomal protein S21"
"EW022_RS06305"	"g012455"	"transporter substrate-binding domain-containing protein"
"EW022_RS06310"	"g011071"	"helicase-exonuclease AddAB subunit AddA"
"EW022_RS06315"	"g011105"	"ATP-dependent nuclease subunit B"
"EW022_RS06320"	"g002396"	"neutral zinc metallopeptidase"
"EW022_RS06325"	"g002671"	"ABC transporter ATP-binding protein"
"EW022_RS06330"	"g009986"	"ABC transporter permease"
"EW022_RS06335"	"g007595"	"YbgA family protein"
"EW022_RS06340"	"g007651"	"OsmC family protein"
"EW022_RS06345"	"g005143"	"phenylalanine--tRNA ligase subunit beta"
"EW022_RS06350"	"g001059"	"phenylalanine--tRNA ligase subunit alpha"
"EW022_RS06360"	"g004004"	"DNA-directed RNA polymerase subunit beta"
"EW022_RS06365"	"g004168"	"UDP-N-acetylglucosamine 1-carboxyvinyltransferase"
"EW022_RS06370"	"g008445"	"DUF1146 domain-containing protein"
"EW022_RS06375"	"g007428"	"F0F1 ATP synthase subunit epsilon"
"EW022_RS06380"	"g002166"	"F0F1 ATP synthase subunit beta"
"EW022_RS06385"	"g012136"	"F0F1 ATP synthase subunit gamma"
"EW022_RS06390"	"g002121"	"F0F1 ATP synthase subunit alpha"
"EW022_RS06395"	"g002998"	"F0F1 ATP synthase subunit delta"
"EW022_RS06400"	"g006997"	"F0F1 ATP synthase subunit B"
"EW022_RS06405"	"g012952"	"F0F1 ATP synthase subunit A"
"EW022_RS06410"	"g008945"	"F0F1 ATP synthase subunit C"
"EW022_RS06415"	"g011398"	"diacylglycerol kinase family lipid kinase"
"EW022_RS06420"	"g004539"	"NAD-dependent DNA ligase LigA"
"EW022_RS06425"	"g006972"	"queuosine transporter QueT"
"EW022_RS06430"	"g011152"	"LPXTG cell wall anchor domain-containing protein"
"EW022_RS06440"	"g009870"	"ABC transporter permease"
"EW022_RS06445"	"g009843"	"ABC transporter permease"
"EW022_RS06450"	"g011891"	"ABC transporter ATP-binding protein"
"EW022_RS06455"	"g006130"	"hypothetical protein"
"EW022_RS06460"	"g006197"	"CPBP family intramembrane metalloprotease"
"EW022_RS06465"	"g010865"	"YcaO-like family protein"
"EW022_RS06470"	"g011264"	"streptolysin associated protein SagC"
"EW022_RS06475"	"g011730"	"streptolysin S biosynthesis dehydrogenase SagB"
"EW022_RS06480"	"g009215"	"TOMM family cytolysin streptolysin S"
"EW022_RS06495"	"g010492"	"transcriptional regulator"
"EW022_RS06505"	"g001027"	"phosphopyruvate hydratase"
"EW022_RS06510"	"g007198"	"YueI family protein"
"EW022_RS06515"	"g010291"	"septation ring formation regulator EzrA"
"EW022_RS06520"	"g000241"	"DNA topoisomerase (ATP-hydrolyzing) subunit B"
"EW022_RS06525"	"g006688"	"HAD-IA family hydrolase"
"EW022_RS06540"	"g001613"	"50S ribosomal protein L19"
"EW022_RS06545"	"g001890"	"voltage-gated chloride channel family protein"
"EW022_RS06550"	"g000803"	"chorismate mutase"
"EW022_RS06555"	"g007253"	"flavodoxin"
"EW022_RS06560"	"g011776"	"bifunctional oligoribonuclease/PAP phosphatase NrnA"
"EW022_RS06565"	"g003785"	"type B 50S ribosomal protein L31"
"EW022_RS06570"	"g004265"	"SIS domain-containing protein"
"EW022_RS06575"	"g001066_1"	"GntR family transcriptional regulator"
"EW022_RS06580"	"g010481"	"zinc ABC transporter substrate-binding protein AdcA"
"EW022_RS06585"	"g010719"	"C69 family dipeptidase"
"EW022_RS06590"	"g011952"	"DNA-binding protein WhiA"
"EW022_RS06595"	"g011617"	"YvcK family protein"
"EW022_RS06600"	"g012056"	"RNase adapter RapZ"
"EW022_RS06605"	"g004126"	"asparagine--tRNA ligase"
"EW022_RS06610"	"g009634"	"pyridoxal phosphate-dependent aminotransferase"
"EW022_RS06615"	"g011191"	"bifunctional DnaQ family exonuclease/ATP-dependent helicase"
"EW022_RS06620"	"g000128"	"(S)-acetoin forming diacetyl reductase"
"EW022_RS06625"	"g013031"	"MBL fold metallo-hydrolase"
"EW022_RS06630"	"g011799"	"ABC transporter permease"
"EW022_RS06635"	"g013069"	"cell division ATP-binding protein FtsE"
"EW022_RS06640"	"g014676"	"None"
"EW022_RS06640"	"g014677"	"None"
"EW022_RS06645"	"g004379"	"tRNA epoxyqueuosine(34) reductase QueG"
"EW022_RS06650"	"g009261"	"fructose-bisphosphatase class III"
"EW022_RS06655"	"g006256"	"HAD family phosphatase"
"EW022_RS06660"	"g006341"	"bifunctional 4-hydroxy-2-oxoglutarate aldolase/2-dehydro-3-deoxy-phosphogluconate aldolase"
"EW022_RS06665"	"g001087"	"sugar kinase"
"EW022_RS06670"	"g001283"	"RpiB/LacA/LacB family sugar-phosphate isomerase"
"EW022_RS06675"	"g012551"	"gluconate 5-dehydrogenase"
"EW022_RS06680"	"g003285"	"PTS sugar transporter subunit IIA"
"EW022_RS06685"	"g004264"	"glycoside hydrolase family 88 protein"
"EW022_RS06690"	"g007030"	"PTS system mannose/fructose/N-acetylgalactosamine-transporter subunit IIB"
"EW022_RS06695"	"g012617"	"PTS mannose/fructose/sorbose/N-acetylgalactosamine transporter subunit IIC"
"EW022_RS06700"	"g005786"	"PTS mannose/fructose/sorbose transporter family subunit IID"
"EW022_RS06705"	"g002045"	"alginate lyase family protein"
"EW022_RS06710"	"g000144"	"LacI family transcriptional regulator"
"EW022_RS06715"	"g011158"	"cation-translocating P-type ATPase"
"EW022_RS06720"	"g007594"	"DUF1934 domain-containing protein"
"EW022_RS06725"	"g005028"	"HD domain-containing protein"
"EW022_RS06730"	"g000036_3"	"hypothetical protein"
"EW022_RS06735"	"g012467"	"sugar-phosphatase"
"EW022_RS06740"	"g009508"	"lipid II:glycine glycyltransferase FemX"
"EW022_RS06745"	"g009484"	"aminoacyltransferase"
"EW022_RS06750"	"g005930"	"triose-phosphate isomerase"
"EW022_RS06755"	"g000899"	"elongation factor Tu"
"EW022_RS06760"	"g011006"	"FtsW/RodA/SpoVE family cell cycle protein"
"EW022_RS06765"	"g011148"	"phosphoenolpyruvate carboxylase"
"EW022_RS06770"	"g010226"	"oligoendopeptidase F"
"EW022_RS06775"	"g003148"	"glutathione peroxidase"
"EW022_RS06780"	"g003420"	"DUF4430 domain-containing protein"
"EW022_RS06785"	"g003071"	"membrane protein"
"EW022_RS06790"	"g012275"	"glycosyl hydrolase 25 family protein"
"EW022_RS06795"	"g006675"	"energy-coupled thiamine transporter ThiT"
"EW022_RS06800"	"g007081"	"aminoacyl-tRNA deacylase"
"EW022_RS06805"	"g006405"	"histidine phosphatase family protein"
"EW022_RS06810"	"g012003"	"HAD family hydrolase"
"EW022_RS06815"	"g000249"	"lysine--tRNA ligase"
"EW022_RS06820"	"g008803"	"hypothetical protein"
"EW022_RS06825"	"g009312"	"U32 family peptidase"
"EW022_RS06830"	"g011869"	"U32 family peptidase"
"EW022_RS06835"	"g008254"	"DUF3270 domain-containing protein"
"EW022_RS06840"	"g007364"	"YtxH domain-containing protein"
"EW022_RS06845"	"g007468"	"DUF948 domain-containing protein"
"EW022_RS06850"	"g012634"	"prolipoprotein diacylglyceryl transferase"
"EW022_RS06855"	"g011830"	"HPr kinase/phosphorylase"
"EW022_RS06860"	"g008333"	"PspC domain-containing protein"
"EW022_RS06865"	"g007317"	"SprT family protein"
"EW022_RS06870"	"g010076"	"RNA-binding transcriptional accessory protein"
"EW022_RS06875"	"g009226"	"hypothetical protein"
"EW022_RS06880"	"g012002"	"permease"
"EW022_RS06885"	"g012440"	"TIGR03943 family protein"
"EW022_RS06890"	"g000022"	"6-phospho-beta-glucosidase"
"EW022_RS06895"	"g010193"	"PTS beta-glucoside transporter subunit IIBCA"
"EW022_RS06900"	"g012303"	"PRD domain-containing protein"
"EW022_RS06905"	"g010844"	"MFS transporter"
"EW022_RS06910"	"g000228"	"signal recognition particle-docking protein FtsY"
"EW022_RS06915"	"g005773_2"	"Cof-type HAD-IIB family hydrolase"
"EW022_RS06920"	"g012537"	"Cof-type HAD-IIB family hydrolase"
"EW022_RS06925"	"g014678"	"None"
"EW022_RS06925"	"g014679"	"None"
"EW022_RS06930"	"g000680_1"	"hypothetical protein"
"EW022_RS06940"	"g008119"	"type II toxin-antitoxin system RelE/ParE family toxin"
"EW022_RS06945"	"g003569"	"type II toxin-antitoxin system RelB/DinJ family antitoxin"
"EW022_RS06950"	"g001994"	"hypothetical protein"
"EW022_RS06955"	"g008639"	"hypothetical protein"
"EW022_RS06960"	"g005731"	"DUF2326 domain-containing protein"
"EW022_RS06965"	"g008827"	"helix-turn-helix domain-containing protein"
"EW022_RS06970"	"g014680"	"None"
"EW022_RS06975"	"g009751"	"UDP-glucose/GDP-mannose dehydrogenase family protein"
"EW022_RS06980"	"g003765"	"hypothetical protein"
"EW022_RS06985"	"g011553"	"glycosyltransferase"
"EW022_RS06990"	"g011643"	"serine kinase"
"EW022_RS06995"	"g009611"	"methionine adenosyltransferase"
"EW022_RS07000"	"g011569"	"dehydrogenase"
"EW022_RS07005"	"g012872"	"coenzyme F420-0:L-glutamate ligase"
"EW022_RS07010"	"g012343"	"sugar phosphate isomerase/epimerase"
"EW022_RS07015"	"g011868"	"shikimate dehydrogenase"
"EW022_RS09370"	"g014681"	"None"
"EW022_RS07020"	"g005673_2"	"Rgg/GadR/MutR family transcriptional regulator"
"EW022_RS07025"	"g011077"	"chromosome segregation protein SMC"
"EW022_RS07030"	"g013068"	"ribonuclease III"
"EW022_RS07035"	"g005809"	"MBL fold metallo-hydrolase"
"EW022_RS07040"	"g010884"	"cell wall metabolism sensor histidine kinase VicK"
"EW022_RS07045"	"g002623_1"	"response regulator transcription factor"
"EW022_RS07050"	"g011525"	"DUF3114 domain-containing protein"
"EW022_RS07055"	"g009438"	"AMP-binding protein"
"EW022_RS07060"	"g001961"	"acetyl-CoA C-acyltransferase"
"EW022_RS07065"	"g004072"	"hypothetical protein"
"EW022_RS07070"	"g012594"	"multidrug ABC transporter permease"
"EW022_RS07075"	"g005792"	"antibiotic ABC transporter permease"
"EW022_RS07080"	"g002325"	"ATP-binding cassette domain-containing protein"
"EW022_RS07085"	"g004552"	"threonine--tRNA ligase"
"EW022_RS07090"	"g010939"	"glycosyltransferase family 4 protein"
"EW022_RS07095"	"g011509"	"glycosyltransferase family 4 protein"
"EW022_RS07100"	"g011500"	"catabolite control protein A"
"EW022_RS07105"	"g009957"	"aminopeptidase P family protein"
"EW022_RS07110"	"g006179"	"NAD(P)H-dependent oxidoreductase"
"EW022_RS07115"	"g007650"	"lactoylglutathione lyase"
"EW022_RS07120"	"g011867"	"glycosyltransferase family 2 protein"
"EW022_RS07125"	"g006129"	"DUF969 domain-containing protein"
"EW022_RS07130"	"g011866"	"DUF979 domain-containing protein"
"EW022_RS07135"	"g001273"	"pyroglutamyl-peptidase I"
"EW022_RS07140"	"g012941"	"glutaminyl-peptide cyclotransferase"
"EW022_RS07145"	"g003196"	"SsrA-binding protein SmpB"
"EW022_RS07150"	"g011235"	"ribonuclease R"
"EW022_RS07155"	"g008587"	"preprotein translocase subunit SecG"
"EW022_RS07160"	"g000416"	"50S ribosomal protein L33"
"EW022_RS07165"	"g009633"	"multidrug efflux MFS transporter"
"EW022_RS07170"	"g001001"	"DUF853 domain-containing protein"
"EW022_RS07175"	"g002861"	"dephospho-CoA kinase"
"EW022_RS07180"	"g005767"	"DNA-formamidopyrimidine glycosylase"
"EW022_RS07185"	"g005673_1"	"Rgg/GadR/MutR family transcriptional regulator"
"EW022_RS09375"	"g014682"	"None"
"EW022_RS07190"	"g003836"	"hypothetical protein"
"EW022_RS07195"	"g000811"	"quorum-sensing system protein StcA"
"EW022_RS07200"	"g001489"	"hypothetical protein"
"EW022_RS07205"	"g000940"	"hypothetical protein"
"EW022_RS07210"	"g007453"	"hypothetical protein"
"EW022_RS07215"	"g008185"	"hypothetical protein"
"EW022_RS07220"	"g014683"	"None"
"EW022_RS07230"	"g001797"	"class IIb bacteriocin%2C lactobin A/cerein 7B family"
"EW022_RS07235"	"g008663"	"bacteriocin"
"EW022_RS07245"	"g009108"	"class IIb bacteriocin%2C lactobin A/cerein 7B family"
"EW022_RS07250"	"g003825"	"bacteriocin"
"EW022_RS07255"	"g003806"	"hypothetical protein"
"EW022_RS07260"	"g007100"	"NUDIX domain-containing protein"
"EW022_RS07265"	"g005582"	"GTPase Era"
"EW022_RS07270"	"g007467"	"diacylglycerol kinase"
"EW022_RS07275"	"g006984"	"rRNA maturation RNase YbeY"
"EW022_RS07280"	"g006606"	"uracil-DNA glycosylase family protein"
"EW022_RS07285"	"g005193"	"PhoH family protein"
"EW022_RS07290"	"g002059"	"oleate hydratase"
"EW022_RS07295"	"g004290"	"LysM peptidoglycan-binding domain-containing protein"
"EW022_RS07300"	"g008763"	"YozE family protein"
"EW022_RS07305"	"g000651"	"peptide-methionine (S)-S-oxide reductase MsrA"
"EW022_RS07310"	"g005693"	"S1 RNA-binding domain-containing protein"
"EW022_RS07315"	"g002947"	"ribosome recycling factor"
"EW022_RS07320"	"g006017"	"UMP kinase"
"EW022_RS07325"	"g001202"	"50S ribosomal protein L1"
"EW022_RS07330"	"g001513"	"50S ribosomal protein L11"
"EW022_RS07335"	"g007798"	"DUF3397 domain-containing protein"
"EW022_RS07340"	"g011215"	"DNA translocase FtsK"
"EW022_RS07345"	"g000616_2"	"peptidylprolyl isomerase"
"EW022_RS07350"	"g012249"	"metal ABC transporter permease"
"EW022_RS07355"	"g012913"	"metal ABC transporter ATP-binding protein"
"EW022_RS07360"	"g005468"	"metal ABC transporter substrate-binding protein"
"EW022_RS07365"	"g002742"	"metal-dependent transcriptional regulator"
"EW022_RS07370"	"g000763"	"hypothetical protein"
"EW022_RS07375"	"g013045"	"5'-methylthioadenosine/adenosylhomocysteine nucleosidase"
"EW022_RS07380"	"g001732"	"hypothetical protein"
"EW022_RS07385"	"g006732"	"NUDIX hydrolase"
"EW022_RS07390"	"g010798"	"bifunctional UDP-N-acetylglucosamine diphosphorylase/glucosamine-1-phosphate N-acetyltransferase GlmU"
"EW022_RS07395"	"g010922"	"MFS transporter"
"EW022_RS07400"	"g001102"	"Gfo/Idh/MocA family oxidoreductase"
"EW022_RS07405"	"g002640"	"3-oxoacyl-ACP reductase"
"EW022_RS07410"	"g003863"	"DUF2829 domain-containing protein"
"EW022_RS07420"	"g002890"	"hypothetical protein"
"EW022_RS07430"	"g000566_1"	"streptococcal pyrogenic exotoxin SpeJ"
"EW022_RS07435"	"g006978"	"hypothetical protein"
"EW022_RS07445"	"g000821"	"hypothetical protein"
"EW022_RS07450"	"g007124"	"hypothetical protein"
"EW022_RS07460"	"g007245"	"hypothetical protein"
"EW022_RS07465"	"g002565"	"ADP-ribosyltransferase"
"EW022_RS07470"	"g000944"	"class 1b ribonucleoside-diphosphate reductase subunit alpha"
"EW022_RS07475"	"g000345"	"class Ib ribonucleoside-diphosphate reductase assembly flavoprotein NrdI"
"EW022_RS07480"	"g001080"	"class 1b ribonucleoside-diphosphate reductase subunit beta"
"EW022_RS07485"	"g004541"	"methionine--tRNA ligase"
"EW022_RS07490"	"g006063"	"DUF1275 domain-containing protein"
"EW022_RS07495"	"g004040"	"hypothetical protein"
"EW022_RS07500"	"g011044"	"CXC chemokine-degrading serine protease SpyCEP"
"EW022_RS07505"	"g009654"	"L-lactate oxidase"
"EW022_RS07510"	"g009199"	"hypothetical protein"
"EW022_RS07515"	"g012387"	"exodeoxyribonuclease III"
"EW022_RS07520"	"g007770"	"arsenate reductase family protein"
"EW022_RS07525"	"g006375"	"copper homeostasis protein CutC"
"EW022_RS07530"	"g007548"	"hypothetical protein"
"EW022_RS07535"	"g012204"	"16S rRNA (cytidine(1402)-2'-O)-methyltransferase"
"EW022_RS07540"	"g007991"	"DNA replication initiation control protein YabA"
"EW022_RS07545"	"g012135"	"DNA polymerase III subunit delta'"
"EW022_RS07550"	"g006340"	"dTMP kinase"
"EW022_RS07555"	"g008202"	"YlbG family protein"
"EW022_RS07560"	"g001306"	"ATP-dependent Clp endopeptidase proteolytic subunit ClpP"
"EW022_RS07565"	"g001855"	"hypothetical protein"
"EW022_RS07570"	"g000592"	"uracil phosphoribosyltransferase"
"EW022_RS07575"	"g004702"	"polysaccharide biosynthesis protein"
"EW022_RS07580"	"g010668"	"UDP-N-acetylmuramoyl-L-alanyl-D-glutamate--L- lysine ligase"
"EW022_RS07585"	"g000537"	"ABC transporter ATP-binding protein"
"EW022_RS07590"	"g011829"	"iron-hydroxamate ABC transporter substrate-binding protein"
"EW022_RS07595"	"g011357"	"iron ABC transporter permease"
"EW022_RS07600"	"g005228"	"iron ABC transporter permease"
"EW022_RS07605"	"g002731"	"DUF1803 domain-containing protein"
"EW022_RS07610"	"g011810"	"manganese-dependent inorganic pyrophosphatase"
"EW022_RS07615"	"g001152"	"pyruvate formate lyase 1-activating protein"
"EW022_RS07620"	"g010937"	"HlyC/CorC family transporter"
"EW022_RS07625"	"g006731"	"methyltransferase domain-containing protein"
"EW022_RS07630"	"g005416"	"TIGR01212 family radical SAM protein"
"EW022_RS07635"	"g006263"	"phosphatase PAP2 family protein"
"EW022_RS07640"	"g006674"	"ECF transporter S component"
"EW022_RS07645"	"g002974"	"tRNA (uridine(34)/cytosine(34)/5- carboxymethylaminomethyluridine(34)-2'-O)- methyltransferase TrmL"
"EW022_RS07650"	"g000818"	"membrane protein insertion efficiency factor YidD"
"EW022_RS07655"	"g012928"	"rRNA pseudouridine synthase"
"EW022_RS07660"	"g006745"	"segregation/condensation protein B"
"EW022_RS07665"	"g013006"	"segregation/condensation protein A"
"EW022_RS07670"	"g012805"	"site-specific tyrosine recombinase XerD"
"EW022_RS07675"	"g007172"	"CBS domain-containing protein"
"EW022_RS07680"	"g006886"	"metallophosphoesterase"
"EW022_RS07685"	"g011568"	"nucleoside-triphosphate diphosphatase"
"EW022_RS07690"	"g012550"	"glutamate racemase"
"EW022_RS07695"	"g008545"	"YneF family protein"
"EW022_RS07700"	"g013080"	"Bax inhibitor-1/YccA family protein"
"EW022_RS07705"	"g006971"	"HD domain-containing protein"
"EW022_RS07710"	"g012862"	"RNA methyltransferase"
"EW022_RS07715"	"g008291"	"acylphosphatase"
"EW022_RS07720"	"g011890"	"membrane protein insertase YidC"
"EW022_RS07725"	"g003130"	"transcription elongation factor GreA"
"EW022_RS07730"	"g004742"	"endolytic transglycosylase MltG"
"EW022_RS07735"	"g007058"	"GNAT family N-acetyltransferase"
"EW022_RS07740"	"g004999"	"UDP-N-acetylmuramate--L-alanine ligase"
"EW022_RS07745"	"g006490"	"hypothetical protein"
"EW022_RS07750"	"g011115"	"DEAD/DEAH box helicase"
"EW022_RS07755"	"g005022"	"ribosome biogenesis GTPase Der"
"EW022_RS07760"	"g012001"	"primosomal protein DnaI"
"EW022_RS07765"	"g009688"	"replication initiation and membrane attachment protein"
"EW022_RS07770"	"g003099"	"transcriptional repressor NrdR"
"EW022_RS07775"	"g010546"	"HAMP domain-containing histidine kinase"
"EW022_RS07780"	"g002657"	"response regulator transcription factor ArlR"
"EW022_RS07785"	"g006816"	"DUF177 domain-containing protein"
"EW022_RS07790"	"g012033"	"zinc metalloprotease HtpX"
"EW022_RS07795"	"g006704"	"LemA family protein"
"EW022_RS07800"	"g006034"	"16S rRNA (guanine(527)-N(7))-methyltransferase RsmG"
"EW022_RS07805"	"g010781"	"TrkH family potassium uptake protein"
"EW022_RS07810"	"g006175"	"TrkA family potassium uptake protein"
"EW022_RS07815"	"g001897"	"serine/threonine transporter SstT"
"EW022_RS07820"	"g010835"	"branched-chain amino acid transport system II carrier protein"
"EW022_RS07825"	"g013067"	"ABC transporter permease"
"EW022_RS07830"	"g000038"	"methionine ABC transporter ATP-binding protein"
"EW022_RS07835"	"g012289"	"MetQ/NlpA family ABC transporter substrate-binding protein"
"EW022_RS07840"	"g012302"	"amino acid ABC transporter substrate-binding protein"
"EW022_RS07845"	"g002614"	"YebC/PmpR family DNA-binding transcriptional regulator"
"EW022_RS07850"	"g009260"	"hypothetical protein"
"EW022_RS07855"	"g009900"	"nucleotidyltransferase"
"EW022_RS07860"	"g005852"	"class I SAM-dependent methyltransferase"
"EW022_RS07865"	"g001582"	"ribosome silencing factor"
"EW022_RS07870"	"g002860"	"HD domain-containing protein"
"EW022_RS07875"	"g006356"	"nicotinate-nucleotide adenylyltransferase"
"EW022_RS07880"	"g008101"	"ribosome assembly RNA-binding protein YhbY"
"EW022_RS07885"	"g004388"	"ribosome biogenesis GTPase YqeH"
"EW022_RS07890"	"g006566"	"YqeG family HAD IIIA-type phosphatase"
"EW022_RS07895"	"g006744"	"sigma-70 family RNA polymerase sigma factor"
"EW022_RS07930"	"g010001"	"glycerate kinase"
"EW022_RS07935"	"g011125"	"type I restriction endonuclease subunit R"
"EW022_RS07940"	"g000897"	"restriction endonuclease subunit S"
"EW022_RS07945"	"g010440"	"type I restriction-modification system subunit M"
"EW022_RS07950"	"g008913"	"hypothetical protein"
"EW022_RS07955"	"g006479"	"response regulator transcription factor"
"EW022_RS07960"	"g002114"	"ATP-binding protein"
"EW022_RS07965"	"g002046"	"FtsX-like permease family protein"
"EW022_RS07970"	"g001181"	"ABC transporter ATP-binding protein"
"EW022_RS07975"	"g014684"	"None"
"EW022_RS07980"	"g000988"	"DUF4135 domain-containing protein"
"EW022_RS07985"	"g009227"	"type A2 lantipeptide"
"EW022_RS07990"	"g004879"	"6-phospho-beta-galactosidase"
"EW022_RS07995"	"g004650"	"PTS lactose EIICB component"
"EW022_RS08000"	"g003604"	"PTS lactose/cellobiose transporter subunit IIA"
"EW022_RS08005"	"g002337"	"tagatose-bisphosphate aldolase"
"EW022_RS08010"	"g002382"	"tagatose-6-phosphate kinase"
"EW022_RS08015"	"g000657_2"	"galactose-6-phosphate isomerase subunit LacB"
"EW022_RS08020"	"g000713_1"	"galactose-6-phosphate isomerase subunit LacA"
"EW022_RS08025"	"g005890_2"	"DeoR/GlpR transcriptional regulator"
"EW022_RS08030"	"g008243"	"DNA-damage-inducible protein J"
"EW022_RS08035"	"g003557"	"type II toxin-antitoxin system RelE/ParE family toxin"
"EW022_RS08045"	"g001558"	"30S ribosomal protein S9"
"EW022_RS08050"	"g000700"	"50S ribosomal protein L13"
"EW022_RS08055"	"g000302"	"helix-turn-helix transcriptional regulator"
"EW022_RS08060"	"g000648"	"hypothetical protein"
"EW022_RS08065"	"g012223"	"DegV family protein"
"EW022_RS08070"	"g006907"	"NYN domain-containing protein"
"EW022_RS08075"	"g012806"	"23S rRNA (guanosine(2251)-2'-O)-methyltransferase RlmB"
"EW022_RS08080"	"g012538"	"hypothetical protein"
"EW022_RS08085"	"g007441"	"Mini-ribonuclease 3"
"EW022_RS08090"	"g004893"	"cysteine--tRNA ligase"
"EW022_RS08095"	"g008637"	"hypothetical protein"
"EW022_RS08100"	"g000036_1"	"hypothetical protein"
"EW022_RS08105"	"g006579"	"serine O-acetyltransferase"
"EW022_RS08110"	"g012780"	"SseB family protein"
"EW022_RS08115"	"g000110"	"polyribonucleotide nucleotidyltransferase"
"EW022_RS08120"	"g001185"	"transaldolase"
"EW022_RS08125"	"g000871"	"PTS ascorbate transporter subunit IIC"
"EW022_RS08130"	"g008255"	"PTS sugar transporter subunit IIB"
"EW022_RS08135"	"g010103"	"BglG family transcription antiterminator"
"EW022_RS08140"	"g000394"	"30S ribosomal protein S15"
"EW022_RS08145"	"g009228"	"hypothetical protein"
"EW022_RS08155"	"g002815"	"peptide deformylase"
"EW022_RS08160"	"g006781"	"NAD(P)H-dependent oxidoreductase"
"EW022_RS08165"	"g007365"	"MarR family transcriptional regulator"
"EW022_RS08170"	"g011053"	"PolC-type DNA polymerase III"
"EW022_RS08175"	"g010198"	"proline--tRNA ligase"
"EW022_RS08180"	"g009402"	"RIP metalloprotease RseP"
"EW022_RS08185"	"g012552"	"phosphatidate cytidylyltransferase"
"EW022_RS08190"	"g005901"	"isoprenyl transferase"
"EW022_RS08195"	"g007712"	"preprotein translocase subunit YajC"
"EW022_RS08200"	"g007668"	"thiol reductase thioredoxin"
"EW022_RS08205"	"g002229"	"pullulanase"
"EW022_RS08210"	"g008638"	"hypothetical protein"
"EW022_RS08215"	"g004723"	"alpha-glucosidase"
"EW022_RS08220"	"g000915"	"sn-glycerol-3-phosphate ABC transporter ATP-binding protein UgpC"
"EW022_RS08225"	"g005721"	"PucR family transcriptional regulator"
"EW022_RS08230"	"g001024"	"streptokinase"
"EW022_RS08235"	"g003267"	"D-tyrosyl-tRNA(Tyr) deacylase"
"EW022_RS08240"	"g010043"	"bifunctional (p)ppGpp synthetase/guanosine-3'%2C5'-bis(diphosphate) 3'-pyrophosphohydrolase"
"EW022_RS08245"	"g000009_1"	"LPXTG cell wall anchor domain-containing protein"
"EW022_RS08250"	"g007061"	"class Ib ribonucleoside-diphosphate reductase assembly flavoprotein NrdI"
"EW022_RS08255"	"g012426"	"endonuclease/exonuclease/phosphatase family protein"
"EW022_RS08260"	"g010053"	"PTS glucose transporter subunit IIABC"
"EW022_RS08265"	"g001173"	"16S rRNA (uracil(1498)-N(3))-methyltransferase"
"EW022_RS08270"	"g002362"	"50S ribosomal protein L11 methyltransferase"
"EW022_RS08275"	"g003185"	"DUF3013 family protein"
"EW022_RS08280"	"g000974"	"aminodeoxychorismate synthase component I"
"EW022_RS08285"	"g006657"	"aminodeoxychorismate/anthranilate synthase component II"
"EW022_RS08290"	"g004162"	"replication-associated recombination protein A"
"EW022_RS08305"	"g003278"	"GNAT family N-acetyltransferase"
"EW022_RS08310"	"g003066"	"DNA topology modulation protein"
"EW022_RS08315"	"g002634"	"streptococcal mitogenic exotoxin SmeZ"
"EW022_RS08320"	"g010404"	"ABC transporter substrate-binding protein"
"EW022_RS08325"	"g011620"	"ABC transporter permease"
"EW022_RS08330"	"g012412"	"ABC transporter permease"
"EW022_RS08335"	"g012507"	"ABC transporter ATP-binding protein"
"EW022_RS08340"	"g006390"	"ABC transporter ATP-binding protein"
"EW022_RS08345"	"g003964_1"	"CsbD family protein"
"EW022_RS08350"	"g011198"	"pneumococcal-type histidine triad protein"
"EW022_RS08355"	"g011905"	"metal ABC transporter substrate-binding lipoprotein/laminin-binding adhesin Lmb"
"EW022_RS08360"	"g009828"	"ISAs1-like element IS1548 family transposase"
"EW022_RS08365"	"g000873"	"YSIRK signal domain/LPXTG anchor domain surface protein"
"EW022_RS08370"	"g002226"	"C5a peptidase ScpA/B"
"EW022_RS08380"	"g000009_5"	"YSIRK-type signal peptide-containing protein"
"EW022_RS08385"	"g000009_4"	"M-related protein Mrp"
"EW022_RS08390"	"g004729"	"M protein trans-acting positive regulator"
"EW022_RS08395"	"g001805"	"hypothetical protein"
"EW022_RS08400"	"g003813"	"hypothetical protein"
"EW022_RS08405"	"g000462"	"CHAP domain-containing protein"
"EW022_RS08410"	"g010788"	"HAMP domain-containing histidine kinase"
"EW022_RS08415"	"g006265"	"response regulator transcription factor"
"EW022_RS08420"	"g009542"	"FtsX-like permease family protein"
"EW022_RS08425"	"g000554"	"macrolide ABC transporter ATP-binding protein/permease MacB"
"EW022_RS08430"	"g009368"	"efflux RND transporter periplasmic adaptor subunit"
"EW022_RS08435"	"g007476"	"hypothetical protein"
"EW022_RS08440"	"g003671"	"DUF4298 domain-containing protein"
"EW022_RS08445"	"g000242_1"	"LPXTG cell wall anchor domain-containing protein"
"EW022_RS08450"	"g000242_2"	"VWA domain-containing protein"
"EW022_RS08455"	"g001755"	"hypothetical protein"
"EW022_RS08460"	"g005188_2"	"peptidylprolyl isomerase PrsA"
"EW022_RS08465"	"g003605"	"hypothetical protein"
"EW022_RS08470"	"g008121"	"streptopain"
"EW022_RS08475"	"g009622"	"cysteine proteinase exotoxin SpeB"
"EW022_RS08480"	"g009189"	"hypothetical protein"
"EW022_RS08485"	"g009279"	"hypothetical protein"
"EW022_RS08490"	"g012305"	"transcriptional regulator"
"EW022_RS08495"	"g012442"	"streptodornase B"
"EW022_RS08500"	"g003054"	"phosphatidylglycerophosphatase A"
"EW022_RS08505"	"g009950"	"glycerol dehydrogenase"
"EW022_RS08510"	"g006210"	"fructose-6-phosphate aldolase"
"EW022_RS08515"	"g001573"	"glycyl radical protein"
"EW022_RS08520"	"g011007"	"PTS sugar transporter subunit IIC"
"EW022_RS08525"	"g003636"	"PTS sugar transporter subunit IIB"
"EW022_RS08530"	"g008008"	"PTS lactose/cellobiose transporter subunit IIA"
"EW022_RS08535"	"g011603"	"sugar-binding transcriptional regulator"
"EW022_RS08540"	"g012807"	"DeoR/GlpR transcriptional regulator"
"EW022_RS08545"	"g012667"	"glycyl-radical enzyme activating protein"
"EW022_RS08555"	"g009172"	"preprotein translocase subunit SecE"
"EW022_RS08560"	"g009236"	"50S ribosomal protein L33"
"EW022_RS08565"	"g011234"	"penicillin-binding protein"
"EW022_RS08570"	"g007634"	"RidA family protein"
"EW022_RS08575"	"g009005"	"hypothetical protein"
"EW022_RS08580"	"g012427"	"RluA family pseudouridine synthase"
"EW022_RS08585"	"g010293"	"hypothetical protein"
"EW022_RS08590"	"g010555"	"C69 family dipeptidase"
"EW022_RS08595"	"g004060"	"hypothetical protein"
"EW022_RS08600"	"g003767"	"helix-turn-helix transcriptional regulator"
"EW022_RS08605"	"g000983"	"chaperonin GroEL"
"EW022_RS08610"	"g008218"	"co-chaperone GroES"
"EW022_RS08615"	"g011207"	"ATP-dependent Clp protease ATP-binding subunit"
"EW022_RS08620"	"g007175"	"CtsR family transcriptional regulator"
"EW022_RS08625"	"g000014_1"	"transcription antiterminator/RNA stability regulator CspE"
"EW022_RS08635"	"g001363"	"alkyl hydroperoxide reductase subunit C"
"EW022_RS08640"	"g000993"	"alkyl hydroperoxide reductase subunit F"
"EW022_RS08645"	"g009314"	"imidazolonepropionase"
"EW022_RS08650"	"g010115"	"urocanate hydratase"
"EW022_RS08655"	"g012018"	"glutamate formimidoyltransferase"
"EW022_RS08660"	"g006391"	"sugar ABC transporter substrate-binding protein"
"EW022_RS08665"	"g000979_2"	"formate--tetrahydrofolate ligase"
"EW022_RS08670"	"g001333"	"HutD family protein"
"EW022_RS08675"	"g010906"	"APC family permease"
"EW022_RS08680"	"g010491"	"histidine ammonia-lyase"
"EW022_RS08685"	"g011570"	"formimidoylglutamase"
"EW022_RS08690"	"g011120"	"AAA family ATPase"
"EW022_RS08695"	"g001163"	"30S ribosomal protein S2"
"EW022_RS08700"	"g011330"	"elongation factor Ts"
"EW022_RS08705"	"g010176"	"endopeptidase"
"EW022_RS08710"	"g000246"	"alpha%2Calpha-phosphotrehalase"
"EW022_RS08715"	"g010118"	"PTS system trehalose-specific EIIBC component"
"EW022_RS08720"	"g012967"	"trehalose operon repressor"
"EW022_RS08725"	"g001858"	"hypothetical protein"
"EW022_RS08735"	"g002459"	"VOC family protein"
"EW022_RS08740"	"g002599"	"peroxide stress protein YaaA"
"EW022_RS08745"	"g006444"	"anaerobic ribonucleoside-triphosphate reductase activating protein"
"EW022_RS08750"	"g006938"	"GNAT family N-acetyltransferase"
"EW022_RS08755"	"g011813"	"Gfo/Idh/MocA family oxidoreductase"
"EW022_RS08760"	"g000942"	"anaerobic ribonucleoside-triphosphate reductase"
"EW022_RS08765"	"g010468"	"membrane protein"
"EW022_RS08770"	"g008122"	"DUF1292 domain-containing protein"
"EW022_RS08775"	"g003310"	"Holliday junction resolvase RuvX"
"EW022_RS08780"	"g003755"	"IreB family regulatory phosphoprotein"
"EW022_RS08785"	"g007506"	"transcriptional regulator Spx"
"EW022_RS08790"	"g000913"	"recombinase RecA"
"EW022_RS08795"	"g009355"	"competence/damage-inducible protein A"
"EW022_RS08800"	"g006689"	"DNA-3-methyladenine glycosylase I"
"EW022_RS08805"	"g002854"	"Holliday junction branch migration protein RuvA"
"EW022_RS08810"	"g009527"	"MFS transporter"
"EW022_RS08815"	"g010136"	"DNA mismatch repair endonuclease MutL"
"EW022_RS08820"	"g009791"	"site-specific integrase"
"EW022_RS08825"	"g009251"	"putative holin-like toxin"
"EW022_RS08830"	"g001143_1"	"helix-turn-helix transcriptional regulator"
"EW022_RS08835"	"g008857"	"helix-turn-helix transcriptional regulator"
"EW022_RS08840"	"g008922"	"helix-turn-helix transcriptional regulator"
"EW022_RS08845"	"g007469"	"hypothetical protein"
"EW022_RS08850"	"g006865"	"hypothetical protein"
"EW022_RS08855"	"g008981"	"hypothetical protein"
"EW022_RS08860"	"g009013"	"hypothetical protein"
"EW022_RS08865"	"g007246"	"hypothetical protein"
"EW022_RS08870"	"g003564"	"hypothetical protein"
"EW022_RS08875"	"g003998"	"hypothetical protein"
"EW022_RS08880"	"g007952"	"hypothetical protein"
"EW022_RS08885"	"g008338"	"hypothetical protein"
"EW022_RS08890"	"g012196"	"hypothetical protein"
"EW022_RS08895"	"g010774"	"phage protein"
"EW022_RS08900"	"g008475"	"hypothetical protein"
"EW022_RS08905"	"g004049"	"hypothetical protein"
"EW022_RS08910"	"g006943"	"hypothetical protein"
"EW022_RS08915"	"g007035"	"hypothetical protein"
"EW022_RS08920"	"g003476"	"DUF1492 domain-containing protein"
"EW022_RS08925"	"g003428_1"	"ArpU family transcriptional regulator"
"EW022_RS08930"	"g006266"	"hypothetical protein"
"EW022_RS08935"	"g011180"	"DNA mismatch repair protein MutS"
"EW022_RS08940"	"g008852"	"hypothetical protein"
"EW022_RS08945"	"g007318"	"arginine repressor"
"EW022_RS08950"	"g010326"	"arginine--tRNA ligase"
"EW022_RS08955"	"g008104"	"bacteriocin immunity protein"
"EW022_RS08960"	"g012153"	"YitT family protein"
"EW022_RS08965"	"g012122"	"YitT family protein"
"EW022_RS08970"	"g011778"	"YitT family protein"
"EW022_RS08975"	"g000971"	"aspartate--tRNA ligase"
"EW022_RS08980"	"g009330"	"histidine--tRNA ligase"
"EW022_RS08985"	"g009109"	"50S ribosomal protein L32"
"EW022_RS08990"	"g000416"	"50S ribosomal protein L33"
"EW022_RS09000"	"g006392"	"CadD family cadmium resistance transporter"
"EW022_RS09005"	"g007897"	"Cd(II)/Zn(II)-sensing metalloregulatory transcriptional regulator CadX"
"EW022_RS09010"	"g002151"	"helix-turn-helix transcriptional regulator"
"EW022_RS09015"	"g004413"	"DNA translocase FtsK"
"EW022_RS09020"	"g002837"	"hypothetical protein"
"EW022_RS09025"	"g014685"	"None"
"EW022_RS09030"	"g005736"	"DUF368 domain-containing protein"
"EW022_RS09035"	"g002757"	"CoA pyrophosphatase"
"EW022_RS09040"	"g007972"	"PadR family transcriptional regulator"
"EW022_RS09045"	"g006554"	"DUF1700 domain-containing protein"
"EW022_RS09050"	"g001999"	"DUF4097 domain-containing protein"
"EW022_RS09055"	"g004482"	"YhgE/Pip domain-containing protein"
"EW022_RS09060"	"g006836"	"TetR/AcrR family transcriptional regulator"
"EW022_RS09065"	"g008366"	"type II toxin-antitoxin system RelE/ParE family toxin"
"EW022_RS09070"	"g008672"	"hypothetical protein"
"EW022_RS09075"	"g003428_2"	"DUF1492 domain-containing protein"
"EW022_RS09080"	"g003476"	"DUF1492 domain-containing protein"
"EW022_RS09085"	"g008527"	"hypothetical protein"
"EW022_RS09090"	"g008315"	"hypothetical protein"
"EW022_RS09095"	"g007615"	"hypothetical protein"
"EW022_RS09100"	"g008392"	"hypothetical protein"
"EW022_RS09105"	"g012583"	"hypothetical protein"
"EW022_RS09110"	"g008528"	"hypothetical protein"
"EW022_RS09120"	"g004049"	"hypothetical protein"
"EW022_RS09125"	"g004724"	"hypothetical protein"
"EW022_RS09130"	"g006895"	"hypothetical protein"
"EW022_RS09135"	"g007704"	"hypothetical protein"
"EW022_RS09140"	"g003998"	"hypothetical protein"
"EW022_RS09145"	"g003564"	"hypothetical protein"
"EW022_RS09150"	"g009111"	"hypothetical protein"
"EW022_RS09155"	"g014686"	"None"
"EW022_RS09160"	"g006661"	"hypothetical protein"
"EW022_RS09165"	"g009048"	"helix-turn-helix transcriptional regulator"
"EW022_RS09170"	"g007289"	"helix-turn-helix transcriptional regulator"
"EW022_RS09175"	"g009742"	"site-specific integrase"
"EW022_RS09180"	"g002822"	"30S ribosomal protein S4"
"EW022_RS09185"	"g008334"	"hypothetical protein"
"EW022_RS09190"	"g004892"	"replicative DNA helicase"
"EW022_RS09195"	"g007236"	"50S ribosomal protein L9"
"EW022_RS09200"	"g010141"	"DHH family phosphoesterase"
"EW022_RS09205"	"g000964"	"tRNA uridine-5-carboxymethylaminomethyl(34) synthesis enzyme MnmG"
"EW022_RS09210"	"g003606"	"phosphohydrolase"
"EW022_RS09215"	"g000923"	"tRNA 2-thiouridine(34) synthase MnmA"
"EW022_RS09220"	"g002667"	"L-serine ammonia-lyase%2C iron-sulfur-dependent%2C subunit beta"
"EW022_RS09225"	"g005583"	"L-serine ammonia-lyase%2C iron-sulfur-dependent%2C subunit alpha"
"EW022_RS09230"	"g001313"	"lytic transglycosylase IsaA"
"EW022_RS09235"	"g012522"	"energy-coupling factor transporter transmembrane protein EcfT"
"EW022_RS09240"	"g012306"	"energy-coupling factor transporter ATPase"
"EW022_RS09245"	"g012059"	"energy-coupling factor transporter ATPase"
"EW022_RS09250"	"g006782"	"CDP-diacylglycerol--glycerol-3-phosphate 3-phosphatidyltransferase"
"EW022_RS09255"	"g011386"	"helix-turn-helix domain-containing protein"
"EW022_RS09260"	"g009306"	"insulinase family protein"
"EW022_RS09265"	"g009452"	"insulinase family protein"
"EW022_RS09275"	"g000428"	"UDP-glucose 6-dehydrogenase"
"EW022_RS09285"	"g002400"	"UTP--glucose-1-phosphate uridylyltransferase GalU"
"EW022_RS09290"	"g000719"	"S4 domain-containing protein YaaA"
"EW022_RS09295"	"g009901"	"DNA replication/repair protein RecF"
"EW022_RS09300"	"g012205"	"EamA family transporter"
"EW022_RS09305"	"g001003"	"IMP dehydrogenase"
"EW022_RS09310"	"g002297"	"tryptophan--tRNA ligase"
"EW022_RS09315"	"g012154"	"YitT family protein"
"EW022_RS09320"	"g004716"	"ATP-binding cassette domain-containing protein"
"EW022_RS09325"	"g011177"	"YfhO family protein"
"EW022_RS09350"	"g007082"	"23S rRNA (pseudouridine(1915)-N(3))-methyltransferase RlmH"
"EW022_RS09355"	"g009517"	"PDZ domain-containing protein"
"EW022_RS09360"	"g012489"	"ParB/RepB/Spo0J family partition protein"
"EW024_RS00005"	"g010876"	"chromosomal replication initiator protein DnaA"
"EW024_RS00010"	"g009819"	"DNA polymerase III subunit beta"
"EW024_RS00015"	"g008944"	"DUF951 family protein"
"EW024_RS00020"	"g000450"	"redox-regulated ATPase YchF"
"EW024_RS00025"	"g006638"	"aminoacyl-tRNA hydrolase"
"EW024_RS00030"	"g011081"	"transcription-repair coupling factor"
"EW024_RS00035"	"g003744"	"RNA-binding S4 domain-containing protein"
"EW024_RS00040"	"g007687"	"septum formation initiator family protein"
"EW024_RS00045"	"g009310"	"serine hydrolase"
"EW024_RS00050"	"g009311"	"tRNA lysidine(34) synthetase TilS"
"EW024_RS00055"	"g002984"	"hypoxanthine phosphoribosyltransferase"
"EW024_RS00060"	"g000951"	"ATP-dependent zinc metalloprotease FtsH"
"EW024_RS00065"	"g010780"	"amino acid permease"
"EW024_RS00240"	"g014550"	"None"
"EW024_RS00245"	"g014551"	"None"
"EW024_RS00250"	"g009619"	"CHAP domain-containing protein"
"EW024_RS00255"	"g000509"	"ribose-phosphate diphosphokinase"
"EW024_RS00260"	"g012758"	"DNA repair protein RecO"
"EW024_RS00265"	"g005285"	"phosphate acyltransferase PlsX"
"EW024_RS00270"	"g001748"	"acyl carrier protein"
"EW024_RS00275"	"g002595"	"phosphoribosylaminoimidazolesuccinocarboxamide synthase"
"EW024_RS00280"	"g005055"	"phosphoribosylformylglycinamidine synthase"
"EW024_RS00285"	"g004815"	"amidophosphoribosyltransferase"
"EW024_RS00290"	"g000505"	"phosphoribosylformylglycinamidine cyclo-ligase"
"EW024_RS00295"	"g006730"	"phosphoribosylglycinamide formyltransferase"
"EW024_RS00300"	"g002105"	"bifunctional phosphoribosylaminoimidazolecarboxamide formyltransferase/IMP cyclohydrolase"
"EW024_RS00310"	"g001887"	"phosphoribosylamine--glycine ligase"
"EW024_RS00315"	"g000662"	"5-(carboxyamino)imidazole ribonucleotide mutase"
"EW024_RS00320"	"g000916"	"5-(carboxyamino)imidazole ribonucleotide synthase"
"EW024_RS00325"	"g010501"	"ATP-binding protein"
"EW024_RS00330"	"g012089"	"hypothetical protein"
"EW024_RS00335"	"g004124"	"adenylosuccinate lyase"
"EW024_RS00340"	"g011950"	"helix-turn-helix transcriptional regulator"
"EW024_RS00345"	"g001085"	"Holliday junction branch migration DNA helicase RuvB"
"EW024_RS00350"	"g007316"	"low molecular weight phosphotyrosine protein phosphatase"
"EW024_RS00355"	"g007494"	"membrane protein"
"EW024_RS00360"	"g010246"	"acetyltransferase"
"EW024_RS00365"	"g005099"	"bifunctional acetaldehyde-CoA/alcohol dehydrogenase"
"EW024_RS00370"	"g001078"	"alcohol dehydrogenase AdhP"
"EW024_RS00375"	"g009299"	"MATE family efflux transporter"
"EW024_RS00380"	"g001655"	"30S ribosomal protein S10"
"EW024_RS00385"	"g001250"	"50S ribosomal protein L3"
"EW024_RS00390"	"g002792"	"50S ribosomal protein L4"
"EW024_RS00395"	"g003670"	"50S ribosomal protein L23"
"EW024_RS00400"	"g002480"	"50S ribosomal protein L2"
"EW024_RS00405"	"g001697"	"30S ribosomal protein S19"
"EW024_RS00410"	"g000755"	"50S ribosomal protein L22"
"EW024_RS00415"	"g001268"	"30S ribosomal protein S3"
"EW024_RS00420"	"g000710"	"50S ribosomal protein L16"
"EW024_RS00425"	"g000833"	"50S ribosomal protein L29"
"EW024_RS00430"	"g000817"	"30S ribosomal protein S17"
"EW024_RS00435"	"g001586"	"50S ribosomal protein L14"
"EW024_RS00440"	"g000784"	"50S ribosomal protein L24"
"EW024_RS00445"	"g001397"	"50S ribosomal protein L5"
"EW024_RS00450"	"g000383"	"30S ribosomal protein S14"
"EW024_RS00455"	"g001557"	"30S ribosomal protein S8"
"EW024_RS00460"	"g002997"	"50S ribosomal protein L6"
"EW024_RS00465"	"g001600"	"50S ribosomal protein L18"
"EW024_RS00470"	"g000665"	"30S ribosomal protein S5"
"EW024_RS00475"	"g000852"	"50S ribosomal protein L30"
"EW024_RS00480"	"g000703"	"50S ribosomal protein L15"
"EW024_RS00485"	"g011005"	"preprotein translocase subunit SecY"
"EW024_RS00490"	"g002744"	"adenylate kinase"
"EW024_RS00495"	"g001776"	"translation initiation factor IF-1"
"EW024_RS00500"	"g014552"	"None"
"EW024_RS00505"	"g000745"	"30S ribosomal protein S13"
"EW024_RS00510"	"g000732"	"30S ribosomal protein S11"
"EW024_RS00515"	"g005441"	"DNA-directed RNA polymerase subunit alpha"
"EW024_RS00520"	"g003419"	"50S ribosomal protein L17"
"EW024_RS00525"	"g011539"	"IS30 family transposase"
"EW024_RS00615"	"g001846"	"hypothetical protein"
"EW024_RS00620"	"g009065"	"hypothetical protein"
"EW024_RS00625"	"g014553"	"None"
"EW024_RS00630"	"g008100"	"4-diphosphocytidyl-2C-methyl-D-erythritol kinase"
"EW024_RS00635"	"g003942"	"4-diphosphocytidyl-2C-methyl-D-erythritol kinase"
"EW024_RS00640"	"g007284"	"MarR family transcriptional regulator"
"EW024_RS00645"	"g012939"	"metal ABC transporter ATP-binding protein"
"EW024_RS00650"	"g012439"	"iron chelate uptake ABC transporter family permease subunit"
"EW024_RS00655"	"g003427"	"HIT family protein"
"EW024_RS00660"	"g000226"	"tyrosine--tRNA ligase"
"EW024_RS00665"	"g011240"	"penicillin-binding protein"
"EW024_RS00670"	"g002223"	"DNA-directed RNA polymerase subunit beta"
"EW024_RS00675"	"g001032"	"DNA-directed RNA polymerase subunit beta'"
"EW024_RS00680"	"g007708"	"DUF1033 family protein"
"EW024_RS00685"	"g011796"	"competence protein CglA"
"EW024_RS00690"	"g011567"	"type II secretion system F family protein"
"EW024_RS00695"	"g007967"	"prepilin-type N-terminal cleavage/methylation domain-containing protein"
"EW024_RS00700"	"g007363"	"competence protein"
"EW024_RS00705"	"g003862"	"competence protein ComG"
"EW024_RS00710"	"g003292"	"competence protein ComG"
"EW024_RS00715"	"g007968"	"hypothetical protein"
"EW024_RS00720"	"g011710"	"class I SAM-dependent methyltransferase"
"EW024_RS00725"	"g001921"	"acetate kinase"
"EW024_RS00730"	"g003635"	"hypothetical protein"
"EW024_RS00735"	"g012683"	"pyrroline-5-carboxylate reductase"
"EW024_RS00740"	"g011243"	"glutamyl aminopeptidase"
"EW024_RS00745"	"g009208"	"hypothetical protein"
"EW024_RS00750"	"g008253"	"DUF4651 domain-containing protein"
"EW024_RS00755"	"g008032"	"thioredoxin family protein"
"EW024_RS00760"	"g006388"	"DUF4479 and tRNA-binding domain-containing protein"
"EW024_RS00765"	"g000102_2"	"single-stranded DNA-binding protein"
"EW024_RS00770"	"g006314"	"deoxynucleoside kinase"
"EW024_RS00775"	"g011616"	"tRNA dihydrouridine synthase DusB"
"EW024_RS00780"	"g012149"	"Hsp33 family molecular chaperone HslO"
"EW024_RS00785"	"g010574"	"hypothetical protein"
"EW024_RS00790"	"g004062"	"hypothetical protein"
"EW024_RS00795"	"g000236"	"fibronectin-binding protein SfbI"
"EW024_RS00805"	"g011060"	"LPXTG cell wall anchor domain-containing protein"
"EW024_RS00810"	"g010064"	"isopeptide-forming domain-containing fimbrial protein"
"EW024_RS00815"	"g012288"	"cell wall anchor"
"EW024_RS00820"	"g005659"	"class C sortase"
"EW024_RS00825"	"g005659"	"class C sortase"
"EW024_RS00830"	"g014554"	"None"
"EW024_RS00835"	"g001246"	"hypothetical protein"
"EW024_RS00840"	"g010817"	"short-chain fatty acid transporter"
"EW024_RS00845"	"g011951"	"LysR family transcriptional regulator"
"EW024_RS00850"	"g000057"	"acetyl-CoA C-acetyltransferase"
"EW024_RS00855"	"g001255"	"CoA transferase subunit A"
"EW024_RS00860"	"g000162"	"CoA transferase subunit B"
"EW024_RS00865"	"g006145"	"transcriptional regulator"
"EW024_RS00870"	"g007709"	"RidA family protein"
"EW024_RS00875"	"g005259"	"PTS fructose transporter subunit IIC"
"EW024_RS00880"	"g008006"	"hypothetical protein"
"EW024_RS00885"	"g010119"	"V-type ATP synthase subunit I"
"EW024_RS00890"	"g007079"	"V-type ATP synthase subunit K"
"EW024_RS00895"	"g006565"	"V-type ATP synthase subunit E"
"EW024_RS00900"	"g011508"	"V-type ATP synthase subunit C"
"EW024_RS00905"	"g008007"	"V-type ATP synthase subunit F"
"EW024_RS00910"	"g010247"	"V-type ATP synthase alpha chain"
"EW024_RS00915"	"g010729"	"V-type ATP synthase subunit B"
"EW024_RS00920"	"g006389"	"V-type ATP synthase subunit D"
"EW024_RS00925"	"g009388"	"toxic anion resistance protein"
"EW024_RS00930"	"g012121"	"hypothetical protein"
"EW024_RS00935"	"g004125"	"adenylosuccinate synthase"
"EW024_RS00940"	"g005195_2"	"BMP family ABC transporter substrate-binding protein"
"EW024_RS00945"	"g002975"	"transcription termination/antitermination protein NusG"
"EW024_RS00950"	"g010877"	"nicotine adenine dinucleotide glycohydrolase"
"EW024_RS00955"	"g001451"	"NAD glycohydrolase inhibitor"
"EW024_RS00960"	"g010303"	"cholesterol-dependent cytolysin streptolysin O"
"EW024_RS00965"	"g001506"	"hypothetical protein"
"EW024_RS00970"	"g000824_1"	"hypothetical protein"
"EW024_RS00980"	"g009812"	"PLP-dependent transferase"
"EW024_RS00985"	"g005121"	"leucine--tRNA ligase"
"EW024_RS00990"	"g010697"	"PTS sugar transporter subunit IIC"
"EW024_RS00995"	"g008290"	"PTS sugar transporter subunit IIB"
"EW024_RS01000"	"g003121"	"PTS ascorbate transporter subunit IIA"
"EW024_RS01005"	"g006236"	"3-keto-L-gulonate-6-phosphate decarboxylase UlaD"
"EW024_RS01010"	"g000061"	"L-ribulose-5-phosphate 3-epimerase"
"EW024_RS01015"	"g000015"	"L-ribulose-5-phosphate 4-epimerase"
"EW024_RS01020"	"g001847"	"hypothetical protein"
"EW024_RS01025"	"g010385"	"transcription antiterminator"
"EW024_RS01030"	"g001996"	"L-ascorbate 6-phosphate lactonase"
"EW024_RS01035"	"g009620"	"glycine betaine/L-proline ABC transporter ATP-binding protein"
"EW024_RS01040"	"g010288"	"ABC transporter permease subunit"
"EW024_RS01045"	"g011164"	"DNA polymerase I"
"EW024_RS01050"	"g003229"	"CoA-binding protein"
"EW024_RS01055"	"g007144"	"peroxide-responsive transcriptional repressor PerR"
"EW024_RS01060"	"g012203"	"DUF975 family protein"
"EW024_RS01065"	"g009066"	"hypothetical protein"
"EW024_RS01070"	"g000912"	"tRNA guanosine(34) transglycosylase Tgt"
"EW024_RS01075"	"g003628"	"hypothetical protein"
"EW024_RS01080"	"g002992"	"biotin transporter BioY"
"EW024_RS01085"	"g012633"	"MBL fold metallo-hydrolase"
"EW024_RS01090"	"g006916"	"nucleoside deaminase"
"EW024_RS01095"	"g009494"	"hypothetical protein"
"EW024_RS01105"	"g004968"	"glucose-6-phosphate isomerase"
"EW024_RS01120"	"g014555"	"None"
"EW024_RS01125"	"g006196"	"rhomboid family intramembrane serine protease"
"EW024_RS01130"	"g002400"	"UTP--glucose-1-phosphate uridylyltransferase GalU"
"EW024_RS01135"	"g011419"	"NAD(P)H-dependent glycerol-3-phosphate dehydrogenase"
"EW024_RS01140"	"g007252"	"MarR family transcriptional regulator"
"EW024_RS01145"	"g010310"	"ABC transporter ATP-binding protein"
"EW024_RS01150"	"g010238"	"ABC transporter ATP-binding protein"
"EW024_RS01155"	"g005908"	"epoxyqueuosine reductase QueH"
"EW024_RS01160"	"g003257"	"dUTP diphosphatase"
"EW024_RS01165"	"g004942"	"DNA repair protein RadA"
"EW024_RS01175"	"g013044"	"TIGR00266 family protein"
"EW024_RS01180"	"g004838"	"glutamate--tRNA ligase"
"EW024_RS01185"	"g010898"	"sensor histidine kinase"
"EW024_RS01190"	"g009322"	"sensor histidine kinase"
"EW024_RS01195"	"g012844"	"response regulator transcription factor"
"EW024_RS01200"	"g007756"	"ribonuclease P protein component"
"EW024_RS01205"	"g012386"	"membrane protein insertase YidC"
"EW024_RS01210"	"g005535"	"protein jag"
"EW024_RS01215"	"g001854"	"50S ribosomal protein L34"
"EW024_RS01220"	"g013005"	"N-acetylmannosamine-6-phosphate 2-epimerase"
"EW024_RS01225"	"g010974"	"carbohydrate ABC transporter substrate-binding protein"
"EW024_RS01230"	"g012070"	"sugar ABC transporter permease"
"EW024_RS01235"	"g012368"	"carbohydrate ABC transporter permease"
"EW024_RS01240"	"g007214"	"YhcH/YjgK/YiaL family protein"
"EW024_RS01245"	"g000569"	"DUF624 domain-containing protein"
"EW024_RS01250"	"g011934"	"N-acetylneuraminate lyase"
"EW024_RS01255"	"g011797"	"ROK family protein"
"EW024_RS01260"	"g012369"	"MurR/RpiR family transcriptional regulator"
"EW024_RS01265"	"g005772"	"TatD family hydrolase"
"EW024_RS01270"	"g006639"	"ribonuclease M5"
"EW024_RS01275"	"g005600"	"16S rRNA (adenine(1518)-N(6)/adenine(1519)-N(6))- dimethyltransferase RsmA"
"EW024_RS01280"	"g012150"	"ribosome small subunit-dependent GTPase A"
"EW024_RS01285"	"g002709"	"ribulose-phosphate 3-epimerase"
"EW024_RS01290"	"g006355"	"thiamine diphosphokinase"
"EW024_RS01295"	"g009353"	"DNA recombination protein RmuC"
"EW024_RS01300"	"g011798"	"HD domain-containing protein"
"EW024_RS01305"	"g012322"	"pur operon repressor"
"EW024_RS01310"	"g011169"	"SEC10/PgrA surface exclusion domain-containing protein"
"EW024_RS01315"	"g001530"	"30S ribosomal protein S12"
"EW024_RS01320"	"g000689"	"30S ribosomal protein S7"
"EW024_RS01325"	"g009107"	"hypothetical protein"
"EW024_RS01330"	"g000457"	"elongation factor G"
"EW024_RS01335"	"g000262"	"type I glyceraldehyde-3-phosphate dehydrogenase"
"EW024_RS01340"	"g014556"	"None"
"EW024_RS01345"	"g000004"	"amino acid ABC transporter ATP-binding protein"
"EW024_RS01350"	"g010453"	"ABC transporter substrate-binding protein/permease"
"EW024_RS01360"	"g012323"	"undecaprenyl-diphosphate phosphatase"
"EW024_RS01365"	"g012725"	"adaptor protein MecA"
"EW024_RS01370"	"g009721"	"undecaprenyl/decaprenyl-phosphate alpha-N-acetylglucosaminyl 1-phosphate transferase"
"EW024_RS01375"	"g000541"	"Fe-S cluster assembly ATPase SufC"
"EW024_RS01380"	"g009389"	"Fe-S cluster assembly protein SufD"
"EW024_RS01385"	"g004208"	"cysteine desulfurase"
"EW024_RS01390"	"g007080"	"SUF system NifU family Fe-S cluster assembly protein"
"EW024_RS01395"	"g004874"	"Fe-S cluster assembly protein SufB"
"EW024_RS01400"	"g009674"	"D-alanyl-D-alanine carboxypeptidase"
"EW024_RS01405"	"g009495"	"D-alanyl-D-alanine carboxypeptidase"
"EW024_RS01410"	"g010139"	"peptide ABC transporter substrate-binding protein"
"EW024_RS01415"	"g010545"	"ABC transporter permease"
"EW024_RS01420"	"g011865"	"ABC transporter permease"
"EW024_RS01425"	"g000021"	"ABC transporter ATP-binding protein"
"EW024_RS01430"	"g000145"	"murein tripeptide/oligopeptide ABC transporter ATP binding protein OppF"
"EW024_RS01435"	"g014557"	"None"
"EW024_RS01470"	"g006744"	"sigma-70 family RNA polymerase sigma factor"
"EW024_RS01475"	"g006566"	"YqeG family HAD IIIA-type phosphatase"
"EW024_RS01480"	"g004388"	"ribosome biogenesis GTPase YqeH"
"EW024_RS01485"	"g008101"	"ribosome assembly RNA-binding protein YhbY"
"EW024_RS01490"	"g006356"	"nicotinate-nucleotide adenylyltransferase"
"EW024_RS01495"	"g002860"	"HD domain-containing protein"
"EW024_RS01500"	"g008826"	"isochorismatase family protein"
"EW024_RS01505"	"g001582"	"ribosome silencing factor"
"EW024_RS01510"	"g005852"	"class I SAM-dependent methyltransferase"
"EW024_RS01515"	"g009900"	"nucleotidyltransferase"
"EW024_RS01520"	"g009260"	"hypothetical protein"
"EW024_RS01525"	"g002614"	"YebC/PmpR family DNA-binding transcriptional regulator"
"EW024_RS01530"	"g012302"	"amino acid ABC transporter substrate-binding protein"
"EW024_RS01535"	"g012289"	"MetQ/NlpA family ABC transporter substrate-binding protein"
"EW024_RS01540"	"g000038"	"methionine ABC transporter ATP-binding protein"
"EW024_RS01545"	"g013067"	"ABC transporter permease"
"EW024_RS01550"	"g010835"	"branched-chain amino acid transport system II carrier protein"
"EW024_RS01555"	"g001897"	"serine/threonine transporter SstT"
"EW024_RS01560"	"g006175"	"TrkA family potassium uptake protein"
"EW024_RS01565"	"g010781"	"TrkH family potassium uptake protein"
"EW024_RS01570"	"g006034"	"16S rRNA (guanine(527)-N(7))-methyltransferase RsmG"
"EW024_RS01575"	"g006704"	"LemA family protein"
"EW024_RS01580"	"g012033"	"zinc metalloprotease HtpX"
"EW024_RS01585"	"g006816"	"DUF177 domain-containing protein"
"EW024_RS01590"	"g002657"	"response regulator transcription factor ArlR"
"EW024_RS01595"	"g010546"	"HAMP domain-containing histidine kinase"
"EW024_RS01600"	"g003099"	"transcriptional repressor NrdR"
"EW024_RS01605"	"g009688"	"replication initiation and membrane attachment protein"
"EW024_RS01610"	"g012001"	"primosomal protein DnaI"
"EW024_RS01615"	"g005022"	"ribosome biogenesis GTPase Der"
"EW024_RS01620"	"g011115"	"DEAD/DEAH box helicase"
"EW024_RS01625"	"g006490"	"hypothetical protein"
"EW024_RS01630"	"g004999"	"UDP-N-acetylmuramate--L-alanine ligase"
"EW024_RS01635"	"g007058"	"GNAT family N-acetyltransferase"
"EW024_RS01640"	"g004742"	"endolytic transglycosylase MltG"
"EW024_RS01645"	"g003130"	"transcription elongation factor GreA"
"EW024_RS01650"	"g011890"	"membrane protein insertase YidC"
"EW024_RS01655"	"g008291"	"acylphosphatase"
"EW024_RS01660"	"g012862"	"RNA methyltransferase"
"EW024_RS01665"	"g006971"	"HD domain-containing protein"
"EW024_RS01670"	"g013080"	"Bax inhibitor-1/YccA family protein"
"EW024_RS01675"	"g008545"	"YneF family protein"
"EW024_RS01680"	"g012550"	"glutamate racemase"
"EW024_RS01685"	"g011568"	"nucleoside-triphosphate diphosphatase"
"EW024_RS01690"	"g006886"	"metallophosphoesterase"
"EW024_RS01695"	"g007172"	"CBS domain-containing protein"
"EW024_RS01700"	"g012805"	"site-specific tyrosine recombinase XerD"
"EW024_RS01705"	"g013006"	"segregation/condensation protein A"
"EW024_RS01710"	"g006745"	"segregation/condensation protein B"
"EW024_RS01715"	"g012928"	"rRNA pseudouridine synthase"
"EW024_RS01720"	"g000818"	"membrane protein insertion efficiency factor YidD"
"EW024_RS01725"	"g002974"	"tRNA (uridine(34)/cytosine(34)/5- carboxymethylaminomethyluridine(34)-2'-O)- methyltransferase TrmL"
"EW024_RS01730"	"g006674"	"ECF transporter S component"
"EW024_RS01735"	"g006263"	"phosphatase PAP2 family protein"
"EW024_RS01740"	"g005416"	"TIGR01212 family radical SAM protein"
"EW024_RS01745"	"g006731"	"methyltransferase domain-containing protein"
"EW024_RS01750"	"g010937"	"HlyC/CorC family transporter"
"EW024_RS01755"	"g001152"	"pyruvate formate lyase 1-activating protein"
"EW024_RS01760"	"g011810"	"manganese-dependent inorganic pyrophosphatase"
"EW024_RS01765"	"g002731"	"DUF1803 domain-containing protein"
"EW024_RS01770"	"g005228"	"iron ABC transporter permease"
"EW024_RS01775"	"g011357"	"iron ABC transporter permease"
"EW024_RS01780"	"g011829"	"iron-hydroxamate ABC transporter substrate-binding protein"
"EW024_RS01785"	"g000537"	"ABC transporter ATP-binding protein"
"EW024_RS01790"	"g010565"	"IS1182 family transposase"
"EW024_RS01795"	"g010668"	"UDP-N-acetylmuramoyl-L-alanyl-D-glutamate--L- lysine ligase"
"EW024_RS01800"	"g004702"	"polysaccharide biosynthesis protein"
"EW024_RS01805"	"g000592"	"uracil phosphoribosyltransferase"
"EW024_RS01810"	"g001855"	"hypothetical protein"
"EW024_RS01815"	"g001306"	"ATP-dependent Clp endopeptidase proteolytic subunit ClpP"
"EW024_RS01820"	"g008202"	"YlbG family protein"
"EW024_RS01825"	"g006340"	"dTMP kinase"
"EW024_RS01830"	"g012135"	"DNA polymerase III subunit delta'"
"EW024_RS01835"	"g003848"	"hypothetical protein"
"EW024_RS01840"	"g007991"	"DNA replication initiation control protein YabA"
"EW024_RS01845"	"g012204"	"16S rRNA (cytidine(1402)-2'-O)-methyltransferase"
"EW024_RS01850"	"g007548"	"hypothetical protein"
"EW024_RS01855"	"g006375"	"copper homeostasis protein CutC"
"EW024_RS01860"	"g007770"	"arsenate reductase family protein"
"EW024_RS01865"	"g012387"	"exodeoxyribonuclease III"
"EW024_RS01870"	"g009199"	"hypothetical protein"
"EW024_RS01875"	"g009654"	"L-lactate oxidase"
"EW024_RS01880"	"g011044"	"CXC chemokine-degrading serine protease SpyCEP"
"EW024_RS01885"	"g004040"	"hypothetical protein"
"EW024_RS01890"	"g006063"	"DUF1275 domain-containing protein"
"EW024_RS01900"	"g001846"	"hypothetical protein"
"EW024_RS01905"	"g004541"	"methionine--tRNA ligase"
"EW024_RS01910"	"g001080"	"class 1b ribonucleoside-diphosphate reductase subunit beta"
"EW024_RS01915"	"g000345"	"class Ib ribonucleoside-diphosphate reductase assembly flavoprotein NrdI"
"EW024_RS01920"	"g000944"	"class 1b ribonucleoside-diphosphate reductase subunit alpha"
"EW024_RS01930"	"g002565"	"ADP-ribosyltransferase"
"EW024_RS01935"	"g006996"	"hypothetical protein"
"EW024_RS01940"	"g007816"	"hypothetical protein"
"EW024_RS01945"	"g000821"	"hypothetical protein"
"EW024_RS01950"	"g012989"	"hypothetical protein"
"EW024_RS01965"	"g003863"	"DUF2829 domain-containing protein"
"EW024_RS01970"	"g002640"	"3-oxoacyl-ACP reductase"
"EW024_RS01975"	"g001102"	"Gfo/Idh/MocA family oxidoreductase"
"EW024_RS01980"	"g010922"	"MFS transporter"
"EW024_RS01985"	"g010798"	"bifunctional UDP-N-acetylglucosamine diphosphorylase/glucosamine-1-phosphate N-acetyltransferase GlmU"
"EW024_RS01990"	"g006732"	"NUDIX hydrolase"
"EW024_RS01995"	"g001732"	"hypothetical protein"
"EW024_RS02000"	"g013045"	"5'-methylthioadenosine/adenosylhomocysteine nucleosidase"
"EW024_RS02005"	"g000763"	"hypothetical protein"
"EW024_RS02010"	"g002742"	"metal-dependent transcriptional regulator"
"EW024_RS02015"	"g005468"	"metal ABC transporter substrate-binding protein"
"EW024_RS02020"	"g012913"	"metal ABC transporter ATP-binding protein"
"EW024_RS02025"	"g012249"	"metal ABC transporter permease"
"EW024_RS02030"	"g000616_2"	"peptidylprolyl isomerase"
"EW024_RS02035"	"g011215"	"DNA translocase FtsK"
"EW024_RS02040"	"g007798"	"DUF3397 domain-containing protein"
"EW024_RS02045"	"g001513"	"50S ribosomal protein L11"
"EW024_RS02050"	"g001202"	"50S ribosomal protein L1"
"EW024_RS02055"	"g006017"	"UMP kinase"
"EW024_RS02060"	"g002947"	"ribosome recycling factor"
"EW024_RS02065"	"g005693"	"S1 RNA-binding domain-containing protein"
"EW024_RS02070"	"g000651"	"peptide-methionine (S)-S-oxide reductase MsrA"
"EW024_RS02075"	"g008763"	"YozE family protein"
"EW024_RS02080"	"g004290"	"LysM peptidoglycan-binding domain-containing protein"
"EW024_RS02085"	"g002059"	"oleate hydratase"
"EW024_RS02090"	"g005193"	"PhoH family protein"
"EW024_RS02095"	"g006606"	"uracil-DNA glycosylase family protein"
"EW024_RS02100"	"g006984"	"rRNA maturation RNase YbeY"
"EW024_RS02105"	"g007467"	"diacylglycerol kinase"
"EW024_RS02110"	"g005582"	"GTPase Era"
"EW024_RS02115"	"g007100"	"NUDIX domain-containing protein"
"EW024_RS02120"	"g003806"	"hypothetical protein"
"EW024_RS02130"	"g000354"	"peptide cleavage/export ABC transporter"
"EW024_RS02135"	"g000354"	"peptide cleavage/export ABC transporter"
"EW024_RS02140"	"g000354"	"peptide cleavage/export ABC transporter"
"EW024_RS02145"	"g008682"	"ComC/BlpC family leader-containing pheromone/bacteriocin"
"EW024_RS02150"	"g014558"	"None"
"EW024_RS02155"	"g008662"	"bacteriocin"
"EW024_RS02160"	"g008033"	"hypothetical protein"
"EW024_RS02165"	"g003679"	"transposase"
"EW024_RS02170"	"g003515"	"IS3 family transposase"
"EW024_RS02175"	"g008053"	"IS3 family transposase"
"EW024_RS02180"	"g014559"	"None"
"EW024_RS02190"	"g010938"	"GHKL domain-containing protein"
"EW024_RS02195"	"g009286"	"ComC/BlpC family leader-containing pheromone/bacteriocin"
"EW024_RS02205"	"g000354"	"peptide cleavage/export ABC transporter"
"EW024_RS02220"	"g003825"	"bacteriocin"
"EW024_RS02225"	"g009108"	"class IIb bacteriocin%2C lactobin A/cerein 7B family"
"EW024_RS02235"	"g008663"	"bacteriocin"
"EW024_RS02240"	"g001797"	"class IIb bacteriocin%2C lactobin A/cerein 7B family"
"EW024_RS02250"	"g014560"	"None"
"EW024_RS02255"	"g008185"	"hypothetical protein"
"EW024_RS02260"	"g007453"	"hypothetical protein"
"EW024_RS02265"	"g000940"	"hypothetical protein"
"EW024_RS02270"	"g001489"	"hypothetical protein"
"EW024_RS02275"	"g000811"	"quorum-sensing system protein StcA"
"EW024_RS02280"	"g003836"	"hypothetical protein"
"EW024_RS02285"	"g014561"	"None"
"EW024_RS02290"	"g005673_1"	"Rgg/GadR/MutR family transcriptional regulator"
"EW024_RS02295"	"g005767"	"DNA-formamidopyrimidine glycosylase"
"EW024_RS02300"	"g002861"	"dephospho-CoA kinase"
"EW024_RS02305"	"g001001"	"DUF853 domain-containing protein"
"EW024_RS02310"	"g009633"	"multidrug efflux MFS transporter"
"EW024_RS02315"	"g000416"	"50S ribosomal protein L33"
"EW024_RS02320"	"g008587"	"preprotein translocase subunit SecG"
"EW024_RS02325"	"g011235"	"ribonuclease R"
"EW024_RS02330"	"g003196"	"SsrA-binding protein SmpB"
"EW024_RS02335"	"g012941"	"glutaminyl-peptide cyclotransferase"
"EW024_RS02340"	"g001273"	"pyroglutamyl-peptidase I"
"EW024_RS02345"	"g011866"	"DUF979 domain-containing protein"
"EW024_RS02350"	"g006129"	"DUF969 domain-containing protein"
"EW024_RS02355"	"g011867"	"glycosyltransferase family 2 protein"
"EW024_RS02360"	"g007650"	"lactoylglutathione lyase"
"EW024_RS02365"	"g006179"	"NAD(P)H-dependent oxidoreductase"
"EW024_RS02370"	"g009957"	"aminopeptidase P family protein"
"EW024_RS02375"	"g011500"	"catabolite control protein A"
"EW024_RS02380"	"g011509"	"glycosyltransferase family 4 protein"
"EW024_RS02385"	"g010939"	"glycosyltransferase family 4 protein"
"EW024_RS02390"	"g004552"	"threonine--tRNA ligase"
"EW024_RS02395"	"g002325"	"ATP-binding cassette domain-containing protein"
"EW024_RS02400"	"g005792"	"antibiotic ABC transporter permease"
"EW024_RS02405"	"g012594"	"multidrug ABC transporter permease"
"EW024_RS02410"	"g011552"	"DhaKLM operon coactivator DhaQ"
"EW024_RS02415"	"g006817"	"dihydroxyacetone kinase transcriptional activator DhaS"
"EW024_RS02420"	"g002328"	"dihydroxyacetone kinase subunit DhaK"
"EW024_RS02425"	"g006607"	"dihydroxyacetone kinase subunit L"
"EW024_RS02430"	"g007666"	"PTS-dependent dihydroxyacetone kinase phosphotransferase subunit DhaM"
"EW024_RS02435"	"g002492"	"aquaporin family protein"
"EW024_RS02440"	"g006640"	"hypothetical protein"
"EW024_RS02445"	"g001961"	"acetyl-CoA C-acyltransferase"
"EW024_RS02450"	"g009438"	"AMP-binding protein"
"EW024_RS02455"	"g011525"	"DUF3114 domain-containing protein"
"EW024_RS02460"	"g002623_1"	"response regulator transcription factor"
"EW024_RS02465"	"g010884"	"cell wall metabolism sensor histidine kinase VicK"
"EW024_RS02470"	"g005809"	"MBL fold metallo-hydrolase"
"EW024_RS02475"	"g013068"	"ribonuclease III"
"EW024_RS02480"	"g011077"	"chromosome segregation protein SMC"
"EW024_RS02485"	"g005673_2"	"Rgg/GadR/MutR family transcriptional regulator"
"EW024_RS02490"	"g014562"	"None"
"EW024_RS02495"	"g011868"	"shikimate dehydrogenase"
"EW024_RS02500"	"g012343"	"sugar phosphate isomerase/epimerase"
"EW024_RS02505"	"g012872"	"coenzyme F420-0:L-glutamate ligase"
"EW024_RS02510"	"g011569"	"dehydrogenase"
"EW024_RS02515"	"g009611"	"methionine adenosyltransferase"
"EW024_RS02520"	"g011643"	"serine kinase"
"EW024_RS02525"	"g011553"	"glycosyltransferase"
"EW024_RS02530"	"g003765"	"hypothetical protein"
"EW024_RS02535"	"g009751"	"UDP-glucose/GDP-mannose dehydrogenase family protein"
"EW024_RS02540"	"g009573"	"MFS transporter"
"EW024_RS02545"	"g008827"	"helix-turn-helix domain-containing protein"
"EW024_RS02550"	"g005731"	"DUF2326 domain-containing protein"
"EW024_RS02560"	"g008639"	"hypothetical protein"
"EW024_RS02565"	"g001994"	"hypothetical protein"
"EW024_RS02570"	"g008242"	"hypothetical protein"
"EW024_RS02575"	"g003569"	"type II toxin-antitoxin system RelB/DinJ family antitoxin"
"EW024_RS02580"	"g008119"	"type II toxin-antitoxin system RelE/ParE family toxin"
"EW024_RS02595"	"g003548"	"hypothetical protein"
"EW024_RS02600"	"g000764"	"Fic family protein"
"EW024_RS02605"	"g012396"	"asparagine ligase A"
"EW024_RS02625"	"g012537"	"Cof-type HAD-IIB family hydrolase"
"EW024_RS02630"	"g005773_2"	"Cof-type HAD-IIB family hydrolase"
"EW024_RS02635"	"g000228"	"signal recognition particle-docking protein FtsY"
"EW024_RS02640"	"g010844"	"MFS transporter"
"EW024_RS02645"	"g012303"	"PRD domain-containing protein"
"EW024_RS02650"	"g010193"	"PTS beta-glucoside transporter subunit IIBCA"
"EW024_RS02655"	"g000022"	"6-phospho-beta-glucosidase"
"EW024_RS02660"	"g012440"	"TIGR03943 family protein"
"EW024_RS02665"	"g012002"	"permease"
"EW024_RS02670"	"g009226"	"hypothetical protein"
"EW024_RS02675"	"g010076"	"RNA-binding transcriptional accessory protein"
"EW024_RS02680"	"g007317"	"SprT family protein"
"EW024_RS02685"	"g008333"	"PspC domain-containing protein"
"EW024_RS02690"	"g011830"	"HPr kinase/phosphorylase"
"EW024_RS02695"	"g012634"	"prolipoprotein diacylglyceryl transferase"
"EW024_RS02700"	"g007468"	"DUF948 domain-containing protein"
"EW024_RS02705"	"g007364"	"YtxH domain-containing protein"
"EW024_RS02710"	"g008254"	"DUF3270 domain-containing protein"
"EW024_RS02715"	"g011869"	"U32 family peptidase"
"EW024_RS02720"	"g009312"	"U32 family peptidase"
"EW024_RS02725"	"g008803"	"hypothetical protein"
"EW024_RS02730"	"g000249"	"lysine--tRNA ligase"
"EW024_RS02735"	"g012003"	"HAD family hydrolase"
"EW024_RS02740"	"g006405"	"histidine phosphatase family protein"
"EW024_RS02745"	"g007081"	"aminoacyl-tRNA deacylase"
"EW024_RS02750"	"g006675"	"energy-coupled thiamine transporter ThiT"
"EW024_RS02755"	"g012275"	"glycosyl hydrolase 25 family protein"
"EW024_RS02760"	"g003071"	"membrane protein"
"EW024_RS02765"	"g003420"	"DUF4430 domain-containing protein"
"EW024_RS02770"	"g003148"	"glutathione peroxidase"
"EW024_RS02775"	"g010226"	"oligoendopeptidase F"
"EW024_RS02780"	"g011148"	"phosphoenolpyruvate carboxylase"
"EW024_RS02785"	"g011006"	"FtsW/RodA/SpoVE family cell cycle protein"
"EW024_RS02790"	"g000899"	"elongation factor Tu"
"EW024_RS02795"	"g005930"	"triose-phosphate isomerase"
"EW024_RS02800"	"g009484"	"aminoacyltransferase"
"EW024_RS02805"	"g009508"	"lipid II:glycine glycyltransferase FemX"
"EW024_RS02810"	"g012467"	"sugar-phosphatase"
"EW024_RS02815"	"g000036_3"	"hypothetical protein"
"EW024_RS02820"	"g005028"	"HD domain-containing protein"
"EW024_RS02825"	"g007594"	"DUF1934 domain-containing protein"
"EW024_RS02830"	"g011158"	"cation-translocating P-type ATPase"
"EW024_RS02835"	"g000144"	"LacI family transcriptional regulator"
"EW024_RS02840"	"g002045"	"alginate lyase family protein"
"EW024_RS02845"	"g005786"	"PTS mannose/fructose/sorbose transporter family subunit IID"
"EW024_RS02850"	"g012617"	"PTS mannose/fructose/sorbose/N-acetylgalactosamine transporter subunit IIC"
"EW024_RS02855"	"g007030"	"PTS system mannose/fructose/N-acetylgalactosamine-transporter subunit IIB"
"EW024_RS02860"	"g004264"	"glycoside hydrolase family 88 protein"
"EW024_RS02865"	"g003285"	"PTS sugar transporter subunit IIA"
"EW024_RS02870"	"g012551"	"gluconate 5-dehydrogenase"
"EW024_RS02875"	"g001283"	"RpiB/LacA/LacB family sugar-phosphate isomerase"
"EW024_RS02880"	"g001087"	"sugar kinase"
"EW024_RS02885"	"g006341"	"bifunctional 4-hydroxy-2-oxoglutarate aldolase/2-dehydro-3-deoxy-phosphogluconate aldolase"
"EW024_RS02890"	"g006256"	"HAD family phosphatase"
"EW024_RS02895"	"g014563"	"None"
"EW024_RS02900"	"g004379"	"tRNA epoxyqueuosine(34) reductase QueG"
"EW024_RS02905"	"g014564"	"None"
"EW024_RS02905"	"g014565"	"None"
"EW024_RS02910"	"g013069"	"cell division ATP-binding protein FtsE"
"EW024_RS02915"	"g011799"	"ABC transporter permease"
"EW024_RS02920"	"g013031"	"MBL fold metallo-hydrolase"
"EW024_RS02925"	"g000128"	"(S)-acetoin forming diacetyl reductase"
"EW024_RS02930"	"g011191"	"bifunctional DnaQ family exonuclease/ATP-dependent helicase"
"EW024_RS02935"	"g009634"	"pyridoxal phosphate-dependent aminotransferase"
"EW024_RS02940"	"g004126"	"asparagine--tRNA ligase"
"EW024_RS02945"	"g012056"	"RNase adapter RapZ"
"EW024_RS02950"	"g011617"	"YvcK family protein"
"EW024_RS02955"	"g011952"	"DNA-binding protein WhiA"
"EW024_RS02960"	"g010730"	"recombinase family protein"
"EW024_RS02975"	"g003013"	"DUF669 domain-containing protein"
"EW024_RS02980"	"g000116_1"	"hypothetical protein"
"EW024_RS02985"	"g010095"	"phage tail tape measure protein"
"EW024_RS02995"	"g004393"	"hyaluronoglucosaminidase"
"EW024_RS03000"	"g000460_1"	"hypothetical protein"
"EW024_RS03005"	"g000360_1"	"DUF1617 family protein"
"EW024_RS03010"	"g000165_1"	"DUF1366 domain-containing protein"
"EW024_RS03015"	"g003736"	"hypothetical protein"
"EW024_RS03020"	"g008664"	"phage holin"
"EW024_RS03025"	"g000429_1"	"CHAP domain-containing protein"
"EW024_RS03030"	"g000566_2"	"streptococcal pyrogenic exotoxin SpeC"
"EW024_RS03035"	"g005819_2"	"DNase Mf2"
"EW024_RS03040"	"g010719"	"C69 family dipeptidase"
"EW024_RS03045"	"g010481"	"zinc ABC transporter substrate-binding protein AdcA"
"EW024_RS03055"	"g001066_1"	"GntR family transcriptional regulator"
"EW024_RS03060"	"g004265"	"SIS domain-containing protein"
"EW024_RS03065"	"g003785"	"type B 50S ribosomal protein L31"
"EW024_RS03070"	"g011776"	"bifunctional oligoribonuclease/PAP phosphatase NrnA"
"EW024_RS03075"	"g007253"	"flavodoxin"
"EW024_RS03080"	"g000803"	"chorismate mutase"
"EW024_RS03085"	"g001890"	"voltage-gated chloride channel family protein"
"EW024_RS03090"	"g001613"	"50S ribosomal protein L19"
"EW024_RS03100"	"g006688"	"HAD-IA family hydrolase"
"EW024_RS03105"	"g000241"	"DNA topoisomerase (ATP-hydrolyzing) subunit B"
"EW024_RS03110"	"g010291"	"septation ring formation regulator EzrA"
"EW024_RS03115"	"g007198"	"YueI family protein"
"EW024_RS03120"	"g001027"	"phosphopyruvate hydratase"
"EW024_RS03135"	"g002219"	"DUF1542 domain-containing protein"
"EW024_RS03140"	"g009215"	"TOMM family cytolysin streptolysin S"
"EW024_RS03145"	"g011730"	"streptolysin S biosynthesis dehydrogenase SagB"
"EW024_RS03150"	"g011264"	"streptolysin associated protein SagC"
"EW024_RS03155"	"g010865"	"YcaO-like family protein"
"EW024_RS03160"	"g006197"	"CPBP family intramembrane metalloprotease"
"EW024_RS03165"	"g006130"	"hypothetical protein"
"EW024_RS03170"	"g011891"	"ABC transporter ATP-binding protein"
"EW024_RS03175"	"g009843"	"ABC transporter permease"
"EW024_RS03180"	"g009870"	"ABC transporter permease"
"EW024_RS03185"	"g008736"	"hypothetical protein"
"EW024_RS03190"	"g011152"	"LPXTG cell wall anchor domain-containing protein"
"EW024_RS03195"	"g006972"	"queuosine transporter QueT"
"EW024_RS03200"	"g004539"	"NAD-dependent DNA ligase LigA"
"EW024_RS03205"	"g011398"	"diacylglycerol kinase family lipid kinase"
"EW024_RS03210"	"g008945"	"F0F1 ATP synthase subunit C"
"EW024_RS03215"	"g012952"	"F0F1 ATP synthase subunit A"
"EW024_RS03220"	"g006997"	"F0F1 ATP synthase subunit B"
"EW024_RS03225"	"g002998"	"F0F1 ATP synthase subunit delta"
"EW024_RS03230"	"g002121"	"F0F1 ATP synthase subunit alpha"
"EW024_RS03235"	"g012136"	"F0F1 ATP synthase subunit gamma"
"EW024_RS03240"	"g002166"	"F0F1 ATP synthase subunit beta"
"EW024_RS03245"	"g007428"	"F0F1 ATP synthase subunit epsilon"
"EW024_RS03250"	"g008445"	"DUF1146 domain-containing protein"
"EW024_RS03255"	"g004168"	"UDP-N-acetylglucosamine 1-carboxyvinyltransferase"
"EW024_RS03260"	"g004004"	"DNA-directed RNA polymerase subunit beta"
"EW024_RS03270"	"g001059"	"phenylalanine--tRNA ligase subunit alpha"
"EW024_RS03275"	"g005143"	"phenylalanine--tRNA ligase subunit beta"
"EW024_RS03280"	"g007651"	"OsmC family protein"
"EW024_RS03285"	"g007595"	"YbgA family protein"
"EW024_RS03290"	"g009986"	"ABC transporter permease"
"EW024_RS03295"	"g002671"	"ABC transporter ATP-binding protein"
"EW024_RS03300"	"g002396"	"neutral zinc metallopeptidase"
"EW024_RS03305"	"g011105"	"ATP-dependent nuclease subunit B"
"EW024_RS03310"	"g011071"	"helicase-exonuclease AddAB subunit AddA"
"EW024_RS03315"	"g012455"	"transporter substrate-binding domain-containing protein"
"EW024_RS03320"	"g001781"	"30S ribosomal protein S21"
"EW024_RS03325"	"g007737"	"large conductance mechanosensitive channel protein MscL"
"EW024_RS03335"	"g014566"	"None"
"EW024_RS03340"	"g010218"	"DNA primase"
"EW024_RS03345"	"g000926"	"RNA polymerase sigma factor RpoD"
"EW024_RS03350"	"g003547"	"metal-sulfur cluster assembly factor"
"EW024_RS03355"	"g012250"	"dTDP-4-dehydrorhamnose reductase"
"EW024_RS03360"	"g009759"	"DUF1972 domain-containing protein"
"EW024_RS03365"	"g011831"	"glycosyltransferase family 2 protein"
"EW024_RS03370"	"g012726"	"ABC transporter permease"
"EW024_RS03375"	"g009588"	"ABC transporter ATP-binding protein"
"EW024_RS03380"	"g011465"	"glycosyltransferase"
"EW024_RS03385"	"g010270"	"alpha-L-Rha alpha-1%2C3-L-rhamnosyltransferase"
"EW024_RS03390"	"g011204"	"sulfatase-like hydrolase/transferase"
"EW024_RS03395"	"g013046"	"glycosyltransferase family 2 protein"
"EW024_RS03400"	"g007873"	"DUF2304 domain-containing protein"
"EW024_RS03405"	"g009313"	"lipopolysaccharide biosynthesis protein"
"EW024_RS03410"	"g010566"	"DUF2142 domain-containing protein"
"EW024_RS03415"	"g000881"	"peptidase T"
"EW024_RS03420"	"g007031"	"EbsA family protein"
"EW024_RS03425"	"g008946"	"ferredoxin"
"EW024_RS03430"	"g007101"	"LysM peptidoglycan-binding domain-containing protein"
"EW024_RS03435"	"g002666"	"(d)CMP kinase"
"EW024_RS03440"	"g003014"	"translation initiation factor IF-3"
"EW024_RS03445"	"g003967"	"50S ribosomal protein L35"
"EW024_RS03450"	"g001599"	"50S ribosomal protein L20"
"EW024_RS03455"	"g010045"	"LTA synthase family protein"
"EW024_RS03460"	"g009740"	"class I SAM-dependent rRNA methyltransferase"
"EW024_RS03465"	"g006112"	"type I 3-dehydroquinate dehydratase"
"EW024_RS03470"	"g001954"	"chorismate synthase"
"EW024_RS03475"	"g007874"	"YlbF/YmcA family competence regulator"
"EW024_RS03480"	"g002193"	"glutathione-disulfide reductase"
"EW024_RS03485"	"g009364"	"bifunctional folylpolyglutamate synthase/dihydrofolate synthase"
"EW024_RS03490"	"g000704"	"membrane protein"
"EW024_RS03495"	"g009797"	"cysteine desulfurase"
"EW024_RS03500"	"g009555"	"tRNA 4-thiouridine(8) synthase ThiI"
"EW024_RS03505"	"g009298"	"CapA family protein"
"EW024_RS03515"	"g003614"	"50S ribosomal protein L21"
"EW024_RS03520"	"g007969"	"ribosomal-processing cysteine protease Prp"
"EW024_RS03525"	"g000795"	"50S ribosomal protein L27"
"EW024_RS03530"	"g000007"	"LysR family transcriptional regulator"
"EW024_RS03535"	"g007199"	"signal peptidase II"
"EW024_RS03540"	"g005527"	"RluA family pseudouridine synthase"
"EW024_RS03545"	"g003022"	"bifunctional pyr operon transcriptional regulator/uracil phosphoribosyltransferase PyrR"
"EW024_RS03550"	"g009400"	"uracil permease"
"EW024_RS03555"	"g005460"	"aspartate carbamoyltransferase"
"EW024_RS03560"	"g004414"	"carbamoyl-phosphate synthase small subunit"
"EW024_RS03565"	"g008947"	"hypothetical protein"
"EW024_RS03570"	"g005070"	"carbamoyl-phosphate synthase large subunit"
"EW024_RS03575"	"g009354"	"efflux RND transporter periplasmic adaptor subunit"
"EW024_RS03580"	"g000554"	"macrolide ABC transporter ATP-binding protein/permease MacB"
"EW024_RS03585"	"g009524"	"FtsX-like permease family protein"
"EW024_RS03590"	"g010282"	"glycerophosphodiester phosphodiesterase"
"EW024_RS03595"	"g003737"	"30S ribosomal protein S16"
"EW024_RS03600"	"g008563"	"KH domain-containing protein"
"EW024_RS03610"	"g011121"	"leucine-rich repeat protein"
"EW024_RS03615"	"g007495"	"hypothetical protein"
"EW024_RS03620"	"g012137"	"cation transporter"
"EW024_RS03625"	"g006887"	"TetR/AcrR family transcriptional regulator"
"EW024_RS03630"	"g003038"	"ribosome maturation factor RimM"
"EW024_RS03635"	"g002589"	"tRNA (guanosine(37)-N1)-methyltransferase TrmD"
"EW024_RS03640"	"g011540"	"NAD(P)/FAD-dependent oxidoreductase"
"EW024_RS03645"	"g011265"	"PTS transporter subunit IIC"
"EW024_RS03650"	"g011892"	"2-dehydropantoate 2-reductase"
"EW024_RS03655"	"g012966"	"DeoR/GlpR transcriptional regulator"
"EW024_RS03660"	"g005550"	"1-phosphofructokinase"
"EW024_RS03665"	"g010155"	"PTS fructose transporter subunit IIC"
"EW024_RS03670"	"g014567"	"None"
"EW024_RS03675"	"g002849_1"	"glycoside hydrolase family 73 protein"
"EW024_RS03685"	"g014568"	"None"
"EW024_RS03695"	"g001823_1"	"nucleoside-diphosphate kinase"
"EW024_RS03700"	"g007633"	"DUF1149 family protein"
"EW024_RS03705"	"g012276"	"DegV family protein"
"EW024_RS03710"	"g004273"	"CCA tRNA nucleotidyltransferase"
"EW024_RS03715"	"g004575"	"ABC-F family ATP-binding cassette domain-containing protein"
"EW024_RS03720"	"g003915"	"hypothetical protein"
"EW024_RS03725"	"g007454"	"peptide deformylase"
"EW024_RS03730"	"g014569"	"None"
"EW024_RS03735"	"g006277"	"GTP pyrophosphokinase family protein"
"EW024_RS03740"	"g006209"	"response regulator transcription factor"
"EW024_RS03745"	"g009496"	"HAMP domain-containing histidine kinase"
"EW024_RS03750"	"g012042"	"mevalonate kinase"
"EW024_RS03755"	"g011762"	"diphosphomevalonate decarboxylase"
"EW024_RS03760"	"g011433"	"phosphomevalonate kinase"
"EW024_RS03765"	"g011554"	"type 2 isopentenyl-diphosphate Delta-isomerase"
"EW024_RS03770"	"g009337"	"hydroxymethylglutaryl-CoA reductase%2C degradative"
"EW024_RS03775"	"g009689"	"hydroxymethylglutaryl-CoA synthase"
"EW024_RS03780"	"g012324"	"thymidylate synthase"
"EW024_RS03785"	"g006985"	"dihydrofolate reductase"
"EW024_RS03790"	"g009188"	"hypothetical protein"
"EW024_RS03795"	"g001879"	"ATP-dependent protease ATP-binding subunit ClpX"
"EW024_RS03800"	"g002848"	"YihA family ribosome biogenesis GTP-binding protein"
"EW024_RS03805"	"g005962"	"hypothetical protein"
"EW024_RS03810"	"g002022"	"ATP-dependent Clp protease ATP-binding subunit"
"EW024_RS03815"	"g006131"	"ribose-5-phosphate isomerase RpiA"
"EW024_RS03820"	"g004245"	"phosphopentomutase"
"EW024_RS03825"	"g000106"	"arsenate reductase (glutaredoxin)"
"EW024_RS03830"	"g012468"	"purine-nucleoside phosphorylase"
"EW024_RS03835"	"g000550"	"purine-nucleoside phosphorylase"
"EW024_RS03840"	"g005859"	"hypothetical protein"
"EW024_RS03845"	"g000007"	"LysR family transcriptional regulator"
"EW024_RS03850"	"g006818"	"hypothetical protein"
"EW024_RS03855"	"g006095"	"orotidine-5'-phosphate decarboxylase"
"EW024_RS03860"	"g002782"	"orotate phosphoribosyltransferase"
"EW024_RS03865"	"g004837"	"amidase"
"EW024_RS03870"	"g012017"	"transporter substrate-binding domain-containing protein"
"EW024_RS03875"	"g002736"	"amino acid ABC transporter permease"
"EW024_RS03880"	"g000286"	"uracil-DNA glycosylase"
"EW024_RS03885"	"g009365"	"dihydroorotase"
"EW024_RS03890"	"g006315"	"glycerol-3-phosphate 1-O-acyltransferase PlsY"
"EW024_RS03895"	"g000241"	"DNA topoisomerase (ATP-hydrolyzing) subunit B"
"EW024_RS03900"	"g005127"	"DNA topoisomerase IV subunit A"
"EW024_RS03905"	"g011244"	"branched-chain amino acid aminotransferase"
"EW024_RS03915"	"g003881"	"DUF2969 domain-containing protein"
"EW024_RS03930"	"g000110"	"polyribonucleotide nucleotidyltransferase"
"EW024_RS03940"	"g008144"	"hypothetical protein"
"EW024_RS03945"	"g005338"	"rhodanese-related sulfurtransferase"
"EW024_RS03950"	"g003994"	"hypothetical protein"
"EW024_RS03955"	"g001526"	"glutathione S-transferase"
"EW024_RS03960"	"g011968"	"TDT family transporter"
"EW024_RS03965"	"g009171"	"DUF3042 family protein"
"EW024_RS03970"	"g005581"	"tRNA (adenosine(37)-N6)-dimethylallyltransferase MiaA"
"EW024_RS03975"	"g009469"	"GTPase HflX"
"EW024_RS03980"	"g006342"	"cystathionine beta-lyase"
"EW024_RS03985"	"g011853"	"ribonuclease Z"
"EW024_RS03990"	"g012709"	"SDR family oxidoreductase"
"EW024_RS03995"	"g010046"	"single-stranded-DNA-specific exonuclease RecJ"
"EW024_RS04000"	"g000644"	"adenine phosphoribosyltransferase"
"EW024_RS04005"	"g006132"	"DnaD domain-containing protein"
"EW024_RS04010"	"g002718"	"endonuclease III"
"EW024_RS04015"	"g006113"	"tRNA (adenine-N(1))-methyltransferase"
"EW024_RS04020"	"g012579"	"Nif3-like dinuclear metal center hexameric protein"
"EW024_RS04025"	"g000927"	"FAD-binding oxidoreductase"
"EW024_RS04030"	"g000268"	"glucose-1-phosphate thymidylyltransferase RfbA"
"EW024_RS04035"	"g006532"	"dTDP-4-dehydrorhamnose 3%2C5-epimerase"
"EW024_RS04040"	"g011329"	"dTDP-glucose 4%2C6-dehydratase"
"EW024_RS04045"	"g004350"	"site-specific integrase"
"EW024_RS04050"	"g001614"	"VRR-NUC domain-containing protein"
"EW024_RS04055"	"g001605"	"hypothetical protein"
"EW024_RS04060"	"g003812"	"hypothetical protein"
"EW024_RS04070"	"g012057"	"hypothetical protein"
"EW024_RS04075"	"g008203"	"hypothetical protein"
"EW024_RS04080"	"g007856"	"hypothetical protein"
"EW024_RS04085"	"g003629"	"hypothetical protein"
"EW024_RS04090"	"g003392"	"hypothetical protein"
"EW024_RS04095"	"g007455"	"DUF5072 domain-containing protein"
"EW024_RS04100"	"g014570"	"None"
"EW024_RS04105"	"g003607"	"hypothetical protein"
"EW024_RS04110"	"g004610"	"tail protein"
"EW024_RS04120"	"g011086"	"CHAP domain-containing protein"
"EW024_RS04125"	"g010194"	"hypothetical protein"
"EW024_RS04130"	"g007836"	"DUF1366 domain-containing protein"
"EW024_RS04135"	"g007992"	"hypothetical protein"
"EW024_RS04140"	"g007926"	"phage holin"
"EW024_RS04145"	"g012710"	"CHAP domain-containing protein"
"EW024_RS04150"	"g006491"	"hypothetical protein"
"EW024_RS04155"	"g005889"	"hypothetical protein"
"EW024_RS04160"	"g001774_1"	"hypothetical protein"
"EW024_RS04165"	"g000575_1"	"hypothetical protein"
"EW024_RS04170"	"g007049"	"hypothetical protein"
"EW024_RS04175"	"g005819_1"	"streptodornase Sda3"
"EW024_RS04180"	"g000126_1"	"hypothetical protein"
"EW024_RS04185"	"g007102"	"8-oxo-dGTP diphosphatase"
"EW024_RS04190"	"g009675"	"AI-2E family transporter"
"EW024_RS04195"	"g009439"	"hypothetical protein"
"EW024_RS04200"	"g010376"	"PavA family fibronectin-binding protein Fbp54"
"EW024_RS04205"	"g011510"	"peptide ABC transporter substrate-binding protein"
"EW024_RS04210"	"g001836"	"hypothetical protein"
"EW024_RS04215"	"g012175"	"ABC transporter permease"
"EW024_RS04220"	"g012741"	"ABC transporter ATP-binding protein"
"EW024_RS04225"	"g010359"	"ribonuclease J"
"EW024_RS04230"	"g012595"	"esterase family protein"
"EW024_RS04235"	"g007970"	"hypothetical protein"
"EW024_RS04240"	"g001233"	"ABC transporter ATP-binding protein"
"EW024_RS04245"	"g011644"	"thiamine pyrophosphate-dependent dehydrogenase E1 component subunit alpha"
"EW024_RS04250"	"g011511"	"alpha-ketoacid dehydrogenase subunit beta"
"EW024_RS04255"	"g004621_1"	"dihydrolipoamide acetyltransferase"
"EW024_RS04260"	"g001683"	"hypothetical protein"
"EW024_RS04265"	"g004621_2"	"dihydrolipoyl dehydrogenase"
"EW024_RS04270"	"g001761"	"hypothetical protein"
"EW024_RS04275"	"g011173"	"polysaccharide lyase 8 family protein"
"EW024_RS04280"	"g011555"	"lipoate--protein ligase"
"EW024_RS04285"	"g012559"	"type 1 glutamine amidotransferase"
"EW024_RS04290"	"g002196"	"Mur ligase family protein"
"EW024_RS04295"	"g012263"	"TIGR00159 family protein"
"EW024_RS04300"	"g011696"	"YbbR-like domain-containing protein"
"EW024_RS04305"	"g004957"	"phosphoglucosamine mutase"
"EW024_RS04310"	"g002756"	"hypothetical protein"
"EW024_RS04315"	"g009835"	"oxygen-independent coproporphyrinogen III oxidase"
"EW024_RS04320"	"g012778"	"acyl-[acyl-carrier-protein] thioesterase"
"EW024_RS04325"	"g012711"	"TIGR01457 family HAD-type hydrolase"
"EW024_RS04330"	"g006357"	"TIGR01906 family membrane protein"
"EW024_RS04340"	"g005047"	"type II CRISPR RNA-guided endonuclease Cas9"
"EW024_RS04345"	"g005665"	"type II CRISPR-associated endonuclease Cas1"
"EW024_RS04350"	"g007875"	"CRISPR-associated endonuclease Cas2"
"EW024_RS04355"	"g002710"	"type II-A CRISPR-associated protein Csn2"
"EW024_RS04360"	"g001823_2"	"hypothetical protein"
"EW024_RS04365"	"g001796"	"nucleoside-diphosphate kinase"
"EW024_RS04370"	"g000966"	"elongation factor 4"
"EW024_RS04375"	"g014571"	"None"
"EW024_RS04380"	"g000705"	"peptide-methionine (R)-S-oxide reductase MsrB"
"EW024_RS04385"	"g001077"	"YeiH family putative sulfate export transporter"
"EW024_RS04390"	"g003317"	"PTS sugar transporter subunit IIA"
"EW024_RS04395"	"g007015"	"PTS system mannose/fructose/N-acetylgalactosamine-transporter subunit IIB"
"EW024_RS04400"	"g012469"	"PTS mannose/fructose/sorbose/N-acetylgalactosamine transporter subunit IIC"
"EW024_RS04405"	"g012388"	"PTS mannose/fructose/sorbose transporter family subunit IID"
"EW024_RS04410"	"g010380"	"sensor histidine kinase"
"EW024_RS04415"	"g012580"	"response regulator transcription factor"
"EW024_RS04420"	"g005208"	"extracellular solute-binding protein"
"EW024_RS04425"	"g010768"	"NAD-dependent succinate-semialdehyde dehydrogenase"
"EW024_RS04430"	"g004612"	"excinuclease ABC subunit UvrC"
"EW024_RS04435"	"g006492"	"NAD(P)H nitroreductase"
"EW024_RS04440"	"g004886"	"dipeptidase PepV"
"EW024_RS04445"	"g004915"	"tRNA uridine-5-carboxymethylaminomethyl(34) synthesis GTPase MnmE"
"EW024_RS04450"	"g003081"	"50S ribosomal protein L10"
"EW024_RS04455"	"g000741"	"50S ribosomal protein L7/L12"
"EW024_RS04460"	"g007702"	"hypothetical protein"
"EW024_RS04465"	"g007817"	"DNA cytosine methyltransferase"
"EW024_RS04485"	"g006114"	"response regulator transcription factor"
"EW024_RS04490"	"g010899"	"HAMP domain-containing histidine kinase"
"EW024_RS04495"	"g004088"	"lantibiotic streptin"
"EW024_RS04500"	"g001310_1"	"ATP-binding cassette domain-containing protein"
"EW024_RS04505"	"g009451"	"lanthionine synthetase C family protein"
"EW024_RS04510"	"g001310_2"	"lantibiotic dehydratase"
"EW024_RS04515"	"g013081"	"lantibiotic protection ABC transporter ATP-binding protein"
"EW024_RS04520"	"g012793"	"lantibiotic immunity ABC transporter MutE/EpiE family permease subunit"
"EW024_RS04525"	"g012929"	"lantibiotic immunity ABC transporter MutG family permease subunit"
"EW024_RS04530"	"g008737"	"helix-turn-helix transcriptional regulator"
"EW024_RS04535"	"g008764"	"hypothetical protein"
"EW024_RS04540"	"g008711"	"DUF3173 domain-containing protein"
"EW024_RS04550"	"g009485"	"D-alanyl-D-alanine carboxypeptidase"
"EW024_RS04555"	"g011667"	"polysaccharide deacetylase family protein"
"EW024_RS04560"	"g009338"	"bifunctional folylpolyglutamate synthase/dihydrofolate synthase"
"EW024_RS04565"	"g006467"	"GTP cyclohydrolase I FolE"
"EW024_RS04570"	"g012523"	"dihydropteroate synthase"
"EW024_RS04575"	"g007757"	"dihydroneopterin aldolase"
"EW024_RS04580"	"g006973"	"2-amino-4-hydroxy-6- hydroxymethyldihydropteridine diphosphokinase"
"EW024_RS04585"	"g005505"	"UDP-N-acetylmuramate dehydrogenase"
"EW024_RS04590"	"g000083"	"ABC transporter ATP-binding protein"
"EW024_RS04595"	"g005838"	"ABC transporter permease"
"EW024_RS04600"	"g005810"	"ABC transporter permease"
"EW024_RS04605"	"g009998"	"ABC transporter substrate-binding protein"
"EW024_RS04610"	"g006222"	"response regulator"
"EW024_RS04615"	"g010490"	"sensor histidine kinase"
"EW024_RS04620"	"g010950"	"L-malate permease"
"EW024_RS04625"	"g000883"	"NADP-dependent oxaloacetate-decarboxylating malate dehydrogenase"
"EW024_RS04630"	"g005201"	"zinc-dependent alcohol dehydrogenase family protein"
"EW024_RS04635"	"g012884"	"acid phosphatase AphA"
"EW024_RS04640"	"g010504"	"ClC family H(+)/Cl(-) exchange transporter"
"EW024_RS04645"	"g006442"	"hypothetical protein"
"EW024_RS04650"	"g009778"	"AI-2E family transporter"
"EW024_RS04655"	"g006146"	"JAB domain-containing protein"
"EW024_RS04660"	"g013047"	"gamma-glutamyl-gamma-aminobutyrate hydrolase family protein"
"EW024_RS04665"	"g006300"	"redox-sensing transcriptional repressor Rex"
"EW024_RS04670"	"g007837"	"DUF1831 domain-containing protein"
"EW024_RS04675"	"g009844"	"cysteine desulfurase"
"EW024_RS04680"	"g000509"	"ribose-phosphate diphosphokinase"
"EW024_RS04685"	"g002900"	"CYTH domain-containing protein"
"EW024_RS04690"	"g002684"	"GTP pyrophosphokinase family protein"
"EW024_RS04695"	"g012344"	"NAD kinase"
"EW024_RS04700"	"g011984"	"RluA family pseudouridine synthase"
"EW024_RS04705"	"g005314"	"phosphate acetyltransferase"
"EW024_RS04710"	"g001169"	"bifunctional NADP-dependent 3-hydroxy acid dehydrogenase/3-hydroxypropionate dehydrogenase YdfG"
"EW024_RS04715"	"g001209"	"hypothetical protein"
"EW024_RS04720"	"g000885"	"ABC transporter ATP-binding protein"
"EW024_RS04725"	"g001296"	"ABC transporter permease/substrate-binding protein"
"EW024_RS04730"	"g005348"	"GMP reductase"
"EW024_RS04740"	"g002887"	"xanthine phosphoribosyltransferase"
"EW024_RS04745"	"g009323"	"purine permease"
"EW024_RS04750"	"g005451"	"FAD:protein FMN transferase"
"EW024_RS04755"	"g009067"	"4-oxalocrotonate tautomerase"
"EW024_RS04760"	"g006641"	"thymidine kinase"
"EW024_RS04765"	"g000936"	"peptide chain release factor 1"
"EW024_RS04770"	"g012325"	"peptide chain release factor N(5)-glutamine methyltransferase"
"EW024_RS04775"	"g006546"	"threonylcarbamoyl-AMP synthase"
"EW024_RS04785"	"g000872"	"serine hydroxymethyltransferase"
"EW024_RS04790"	"g011618"	"nucleoid-associated protein"
"EW024_RS04795"	"g006457"	"lysozyme family protein"
"EW024_RS04800"	"g010292"	"ABC transporter ATP-binding protein"
"EW024_RS04805"	"g000976"	"high-affinity branched-chain amino acid ABC transporter ATP-binding protein LivG"
"EW024_RS04810"	"g010836"	"NADH oxidase"
"EW024_RS04815"	"g002336"	"L-lactate dehydrogenase"
"EW024_RS04820"	"g001046"	"DNA topoisomerase (ATP-hydrolyzing) subunit A"
"EW024_RS04825"	"g012794"	"sortase"
"EW024_RS04830"	"g003352"	"VOC family protein"
"EW024_RS04835"	"g014572"	"None"
"EW024_RS04840"	"g003293"	"hypothetical protein"
"EW024_RS04845"	"g005551"	"diacylglycerol kinase family lipid kinase"
"EW024_RS04850"	"g001226"	"hemolysin III family protein"
"EW024_RS04855"	"g007299"	"DUF1836 domain-containing protein"
"EW024_RS04860"	"g002469"	"ribosome biogenesis GTPase YlqF"
"EW024_RS04865"	"g002516"	"ribonuclease HII"
"EW024_RS04870"	"g012345"	"DNA-protecting protein DprA"
"EW024_RS04875"	"g004508"	"type I DNA topoisomerase"
"EW024_RS04880"	"g001454"	"LysR family transcriptional regulator substrate-binding protein"
"EW024_RS04885"	"g000007"	"LysR family transcriptional regulator"
"EW024_RS04895"	"g005324"	"D-lactate dehydrogenase"
"EW024_RS04900"	"g006223"	"DNA-binding protein"
"EW024_RS04905"	"g012953"	"DUF3307 domain-containing protein"
"EW024_RS04910"	"g004972"	"methylenetetrahydrofolate--tRNA-(uracil(54)- C(5))-methyltransferase (FADH(2)-oxidizing) TrmFO"
"EW024_RS04915"	"g000051"	"oxaloacetate decarboxylase subunit alpha"
"EW024_RS04920"	"g003615"	"membrane protein"
"EW024_RS04925"	"g000757"	"biotin/lipoyl-binding protein"
"EW024_RS04930"	"g009836"	"sodium ion-translocating decarboxylase subunit beta"
"EW024_RS04935"	"g012090"	"triphosphoribosyl-dephospho-CoA synthase CitG"
"EW024_RS04940"	"g013048"	"GntR family transcriptional regulator"
"EW024_RS04945"	"g010752"	"CitMHS family transporter"
"EW024_RS04950"	"g003589"	"hypothetical protein"
"EW024_RS04955"	"g000051"	"oxaloacetate decarboxylase subunit alpha"
"EW024_RS04960"	"g009864"	"sodium ion-translocating decarboxylase subunit beta"
"EW024_RS04965"	"g008102"	"citrate lyase acyl carrier protein"
"EW024_RS04970"	"g001123"	"citrate (pro-3S)-lyase subunit beta"
"EW024_RS04975"	"g000471"	"citrate lyase subunit alpha"
"EW024_RS04980"	"g006595"	"citrate lyase holo-[acyl-carrier protein] synthase"
"EW024_RS04985"	"g000051"	"oxaloacetate decarboxylase subunit alpha"
"EW024_RS04990"	"g005194"	"[citrate (pro-3S)-lyase] ligase"
"EW024_RS04995"	"g007059"	"hypothetical protein"
"EW024_RS05000"	"g010009"	"tyrosine recombinase XerS"
"EW024_RS05005"	"g013029"	"helix-turn-helix transcriptional regulator"
"EW024_RS05010"	"g000994"	"signal recognition particle protein"
"EW024_RS05015"	"g003541"	"putative DNA-binding protein"
"EW024_RS05020"	"g002539"	"transcriptional regulator LldR"
"EW024_RS05025"	"g010689"	"hypothetical protein"
"EW024_RS05030"	"g000992"	"glutamine-hydrolyzing GMP synthase"
"EW024_RS05035"	"g009516"	"aminoacyltransferase"
"EW024_RS05040"	"g010457"	"ABC-F family ATP-binding cassette domain-containing protein"
"EW024_RS05045"	"g006705"	"membrane protein"
"EW024_RS05050"	"g012186"	"pyridoxamine kinase"
"EW024_RS05055"	"g009366"	"PLP-dependent aminotransferase family protein"
"EW024_RS05065"	"g007894"	"hypothetical protein"
"EW024_RS05070"	"g010444"	"cardiolipin synthase"
"EW024_RS05075"	"g000979_1"	"formate--tetrahydrofolate ligase"
"EW024_RS05080"	"g002298"	"lipoate--protein ligase"
"EW024_RS05085"	"g002369"	"NAD-dependent deacetylase"
"EW024_RS05090"	"g012456"	"protein-ADP-ribose hydrolase"
"EW024_RS05095"	"g003562"	"glycine cleavage system protein H"
"EW024_RS05100"	"g011512"	"LLM class flavin-dependent oxidoreductase"
"EW024_RS05105"	"g001920"	"NADH-dependent flavin oxidoreductase"
"EW024_RS05110"	"g012264"	"lipoate--protein ligase family protein"
"EW024_RS05115"	"g006115"	"phosphopantothenate--cysteine ligase"
"EW024_RS05120"	"g006767"	"phosphopantothenoylcysteine decarboxylase"
"EW024_RS05125"	"g006642"	"ECF transporter S component"
"EW024_RS05130"	"g010299"	"phospho-sugar mutase"
"EW024_RS05135"	"g011697"	"ABC transporter permease"
"EW024_RS05140"	"g011248"	"ABC transporter permease"
"EW024_RS05145"	"g010505"	"ABC transporter ATP-binding protein"
"EW024_RS05150"	"g005195_1"	"BMP family ABC transporter substrate-binding protein"
"EW024_RS05155"	"g007570"	"cytidine deaminase"
"EW024_RS05160"	"g006533"	"class I SAM-dependent methyltransferase"
"EW024_RS05165"	"g011904"	"type I pantothenate kinase"
"EW024_RS05170"	"g008609"	"30S ribosomal protein S20"
"EW024_RS05175"	"g010989"	"HAMP domain-containing histidine kinase"
"EW024_RS05180"	"g006176"	"response regulator transcription factor"
"EW024_RS05185"	"g011183"	"M1 family metallopeptidase"
"EW024_RS05190"	"g008828"	"hypothetical protein"
"EW024_RS05195"	"g006264"	"phosphate signaling complex protein PhoU"
"EW024_RS05200"	"g001138"	"phosphate ABC transporter ATP-binding protein"
"EW024_RS05205"	"g001138"	"phosphate ABC transporter ATP-binding protein"
"EW024_RS05210"	"g012071"	"phosphate ABC transporter permease PstA"
"EW024_RS05215"	"g011811"	"phosphate ABC transporter permease subunit PstC"
"EW024_RS05220"	"g012187"	"phosphate ABC transporter substrate-binding protein PstS family protein"
"EW024_RS05225"	"g010990"	"23S rRNA methyltransferase"
"EW024_RS05230"	"g012581"	"inositol monophosphatase family protein"
"EW024_RS05235"	"g008292"	"UPF0223 family protein"
"EW024_RS05240"	"g003376"	"transcriptional regulator Spx"
"EW024_RS05245"	"g011832"	"bifunctional riboflavin kinase/FAD synthetase"
"EW024_RS05250"	"g012091"	"tRNA pseudouridine(55) synthase TruB"
"EW024_RS05255"	"g010915"	"DUF2130 domain-containing protein"
"EW024_RS05260"	"g011698"	"aromatic acid exporter family protein"
"EW024_RS05265"	"g006526"	"restriction endonuclease subunit S"
"EW024_RS05270"	"g011165"	"FtsX-like permease family protein"
"EW024_RS05275"	"g013019"	"ABC transporter ATP-binding protein"
"EW024_RS05280"	"g006778"	"TetR/AcrR family transcriptional regulator"
"EW024_RS05285"	"g006316"	"GntR family transcriptional regulator"
"EW024_RS05290"	"g002993_1"	"Asp23/Gls24 family envelope stress response protein"
"EW024_RS05295"	"g003964_2"	"CsbD family protein"
"EW024_RS05300"	"g002993_2"	"Asp23/Gls24 family envelope stress response protein"
"EW024_RS05305"	"g009041"	"DUF2273 domain-containing protein"
"EW024_RS05310"	"g006458"	"alkaline shock response membrane anchor protein AmaP"
"EW024_RS05315"	"g003820_1"	"GlsB/YeaQ/YmgE family stress response membrane protein"
"EW024_RS05320"	"g004494"	"DNA helicase PcrA"
"EW024_RS05325"	"g010970"	"sodium:alanine symporter family protein"
"EW024_RS05330"	"g009486"	"cation diffusion facilitator family transporter"
"EW024_RS05335"	"g012666"	"CAMP factor pore-forming toxin Cfa"
"EW024_RS05340"	"g012346"	"amino acid ABC transporter substrate-binding protein"
"EW024_RS05345"	"g006376"	"amino acid ABC transporter ATP-binding protein"
"EW024_RS05350"	"g006317"	"amino acid ABC transporter permease"
"EW024_RS05355"	"g000769"	"phnA family protein"
"EW024_RS05360"	"g004601"	"glutamine--fructose-6-phosphate transaminase (isomerizing)"
"EW024_RS05365"	"g006706"	"signal peptidase I"
"EW024_RS05370"	"g010547"	"pyruvate kinase"
"EW024_RS05375"	"g001081"	"ATP-dependent 6-phosphofructokinase"
"EW024_RS05380"	"g011112"	"DNA polymerase III subunit alpha"
"EW024_RS05385"	"g003457"	"GntR family transcriptional regulator"
"EW024_RS05390"	"g000239"	"peptidase domain-containing ABC transporter"
"EW024_RS05395"	"g012596"	"hypothetical protein"
"EW024_RS05400"	"g006443"	"TVP38/TMEM64 family protein"
"EW024_RS05410"	"g006425"	"DUF3862 domain-containing protein"
"EW024_RS05415"	"g010031"	"glycogen/starch/alpha-glucan family phosphorylase"
"EW024_RS05420"	"g010575"	"4-alpha-glucanotransferase"
"EW024_RS05425"	"g011409"	"LacI family transcriptional regulator"
"EW024_RS05430"	"g009440"	"extracellular solute-binding protein"
"EW024_RS05435"	"g010853"	"sugar ABC transporter permease"
"EW024_RS05440"	"g012347"	"sugar ABC transporter permease"
"EW024_RS05445"	"g000144"	"LacI family transcriptional regulator"
"EW024_RS05450"	"g012441"	"maltodextrose utilization protein MalA"
"EW024_RS05455"	"g012220"	"sugar ABC transporter permease"
"EW024_RS05460"	"g010998"	"sugar ABC transporter permease"
"EW024_RS05465"	"g010074"	"cyclomaltodextrin glucanotransferase"
"EW024_RS05470"	"g010312"	"alpha-glycosidase"
"EW024_RS05475"	"g009401"	"extracellular solute-binding protein"
"EW024_RS05480"	"g001768"	"hypothetical protein"
"EW024_RS05485"	"g005349"	"alpha/beta hydrolase"
"EW024_RS05490"	"g009425"	"D-alanyl-lipoteichoic acid biosynthesis protein DltD"
"EW024_RS05495"	"g008564"	"D-alanine--poly(phosphoribitol) ligase subunit DltC"
"EW024_RS05500"	"g009413"	"D-alanyl-lipoteichoic acid biosynthesis protein DltB"
"EW024_RS05505"	"g010496"	"D-alanine--poly(phosphoribitol) ligase subunit DltA"
"EW024_RS05510"	"g009250"	"teichoic acid D-Ala incorporation-associated protein DltX"
"EW024_RS05515"	"g000953"	"excinuclease ABC subunit B"
"EW024_RS05520"	"g010057"	"ABC transporter permease subunit"
"EW024_RS05525"	"g000004"	"amino acid ABC transporter ATP-binding protein"
"EW024_RS05530"	"g010806"	"PTS sugar transporter subunit IIC"
"EW024_RS05535"	"g007254"	"DUF3284 domain-containing protein"
"EW024_RS05540"	"g007913"	"PTS lactose/cellobiose transporter subunit IIA"
"EW024_RS05545"	"g000117"	"PTS sugar transporter subunit IIB"
"EW024_RS05550"	"g010131"	"BglG family transcription antiterminator"
"EW024_RS05560"	"g010755"	"glycoside hydrolase family 1 protein"
"EW024_RS05565"	"g006085"	"nicotinamide riboside transporter PnuC"
"EW024_RS05570"	"g009221"	"hypothetical protein"
"EW024_RS05575"	"g004127"	"GTPase ObgE"
"EW024_RS05580"	"g004110"	"DUF4044 domain-containing protein"
"EW024_RS05590"	"g012151"	"carboxylating nicotinate-nucleotide diphosphorylase"
"EW024_RS05595"	"g010991"	"C4-dicarboxylate ABC transporter"
"EW024_RS05600"	"g003679"	"transposase"
"EW024_RS05605"	"g003515"	"IS3 family transposase"
"EW024_RS05610"	"g014573"	"None"
"EW024_RS05615"	"g012873"	"rRNA pseudouridine synthase"
"EW024_RS05620"	"g007710"	"thioesterase family protein"
"EW024_RS05625"	"g009525"	"MFS transporter"
"EW024_RS05630"	"g010596"	"DUF1846 domain-containing protein"
"EW024_RS05635"	"g007496"	"PaaI family thioesterase"
"EW024_RS05640"	"g014574"	"None"
"EW024_RS05645"	"g002093"	"23S rRNA (uracil(1939)-C(5))-methyltransferase RlmD"
"EW024_RS05650"	"g010659"	"LCP family protein"
"EW024_RS05655"	"g007016"	"shikimate kinase"
"EW024_RS05660"	"g014575"	"None"
"EW024_RS05665"	"g011658"	"YihY/virulence factor BrkB family protein"
"EW024_RS05670"	"g012221"	"methionyl aminopeptidase"
"EW024_RS05675"	"g009324"	"CBS domain-containing protein"
"EW024_RS05680"	"g006779"	"GNAT family N-acetyltransferase"
"EW024_RS05685"	"g000009_2"	"G-related alpha2-macroglobulin-binding protein GRAB"
"EW024_RS05690"	"g004178"	"UDP-N-acetylglucosamine 1-carboxyvinyltransferase"
"EW024_RS05695"	"g000432"	"methionine adenosyltransferase"
"EW024_RS05700"	"g005149"	"internalin"
"EW024_RS05705"	"g011777"	"bifunctional biotin--[acetyl-CoA-carboxylase] synthetase/biotin operon repressor"
"EW024_RS05710"	"g003745"	"DUF3272 domain-containing protein"
"EW024_RS05715"	"g000960"	"DNA polymerase III subunit gamma/tau"
"EW024_RS05720"	"g003089"	"GAF domain-containing protein"
"EW024_RS05725"	"g012470"	"PrsW family intramembrane metalloprotease"
"EW024_RS05730"	"g003776"	"DUF1294 domain-containing protein"
"EW024_RS05735"	"g000581"	"uridine kinase"
"EW024_RS05740"	"g009958"	"DEAD/DEAH box helicase"
"EW024_RS05750"	"g009348"	"polysaccharide deacetylase family protein"
"EW024_RS05755"	"g010698"	"NADP-dependent glyceraldehyde-3-phosphate dehydrogenase"
"EW024_RS05760"	"g000975"	"phosphoenolpyruvate-protein phosphotransferase PtsI"
"EW024_RS05765"	"g003769"	"phosphocarrier protein HPr"
"EW024_RS05770"	"g008738"	"redoxin NrdH"
"EW024_RS05775"	"g010066"	"class 1b ribonucleoside-diphosphate reductase subunit alpha"
"EW024_RS05780"	"g011678"	"class 1b ribonucleoside-diphosphate reductase subunit beta"
"EW024_RS05790"	"g014576"	"None"
"EW024_RS05800"	"g013049"	"CPBP family intramembrane metalloprotease"
"EW024_RS05805"	"g005927"	"DUF3169 family protein"
"EW024_RS05810"	"g001779"	"helix-turn-helix transcriptional regulator"
"EW024_RS05815"	"g005101"	"alanine--tRNA ligase"
"EW024_RS05820"	"g005188_1"	"peptidylprolyl isomerase PrsA"
"EW024_RS05825"	"g012990"	"O-methyltransferase"
"EW024_RS05830"	"g009621"	"OFA family MFS transporter"
"EW024_RS05835"	"g004609"	"oligoendopeptidase F"
"EW024_RS05840"	"g011668"	"competence protein CoiA"
"EW024_RS05845"	"g012954"	"rRNA pseudouridine synthase"
"EW024_RS05850"	"g013007"	"glucosamine-6-phosphate deaminase"
"EW024_RS05855"	"g005237"	"tRNA preQ1(34) S-adenosylmethionine ribosyltransferase-isomerase QueA"
"EW024_RS05860"	"g009526"	"DUF3114 domain-containing protein"
"EW024_RS05865"	"g006547"	"hypothetical protein"
"EW024_RS05870"	"g001737"	"hypothetical protein"
"EW024_RS05880"	"g000304"	"superoxide dismutase [Mn]"
"EW024_RS05885"	"g002282"	"DNA polymerase III subunit delta"
"EW024_RS05890"	"g010035"	"DNA internalization-related competence protein ComEC/Rec2"
"EW024_RS05895"	"g006237"	"ComEA family DNA-binding protein"
"EW024_RS05900"	"g012425"	"1-acyl-sn-glycerol-3-phosphate acyltransferase"
"EW024_RS05905"	"g012651"	"tRNA1(Val) (adenine(37)-N6)-methyltransferase"
"EW024_RS05910"	"g008293"	"GIY-YIG nuclease family protein"
"EW024_RS05920"	"g004715"	"DEAD/DEAH box helicase"
"EW024_RS05925"	"g000991"	"peptide chain release factor 3"
"EW024_RS05930"	"g008683"	"hypothetical protein"
"EW024_RS05935"	"g013050"	"TIGR02206 family membrane protein"
"EW024_RS05940"	"g010782"	"UDP-N-acetylmuramoyl-tripeptide--D-alanyl-D- alanine ligase"
"EW024_RS05945"	"g011306"	"D-alanine--D-alanine ligase"
"EW024_RS05950"	"g002853"	"recombination protein RecR"
"EW024_RS05955"	"g003995"	"hypothetical protein"
"EW024_RS05960"	"g012635"	"formate dehydrogenase"
"EW024_RS05965"	"g006780"	"hypothetical protein"
"EW024_RS05970"	"g006888"	"transcription repressor NadR"
"EW024_RS05975"	"g000556"	"2%2C3-diphosphoglycerate-dependent phosphoglycerate mutase"
"EW024_RS05980"	"g011812"	"dihydroorotate oxidase"
"EW024_RS05985"	"g010195"	"cadmium-translocating P-type ATPase"
"EW024_RS05990"	"g000126_2"	"hypothetical protein"
"EW024_RS05995"	"g005871"	"exotoxin"
"EW024_RS06000"	"g009852"	"Fic family protein"
"EW024_RS06005"	"g009541"	"holin"
"EW024_RS06010"	"g008664"	"phage holin"
"EW024_RS06015"	"g003736"	"hypothetical protein"
"EW024_RS06020"	"g000165_2"	"hypothetical protein"
"EW024_RS06025"	"g000360_2"	"DUF1617 family protein"
"EW024_RS06030"	"g002041"	"hypothetical protein"
"EW024_RS06035"	"g004393"	"hyaluronoglucosaminidase"
"EW024_RS06040"	"g002041"	"hypothetical protein"
"EW024_RS06045"	"g006086"	"hypothetical protein"
"EW024_RS06050"	"g005152"	"hypothetical protein"
"EW024_RS06055"	"g003458"	"DUF5361 domain-containing protein"
"EW024_RS06060"	"g008405"	"hypothetical protein"
"EW024_RS06065"	"g002862"	"tail protein"
"EW024_RS06075"	"g007914"	"hypothetical protein"
"EW024_RS06080"	"g003864"	"hypothetical protein"
"EW024_RS06090"	"g003326"	"hypothetical protein"
"EW024_RS06095"	"g008910"	"hypothetical protein"
"EW024_RS06100"	"g011953"	"hypothetical protein"
"EW024_RS06105"	"g007173"	"DUF4355 domain-containing protein"
"EW024_RS06110"	"g010731"	"terminase"
"EW024_RS06120"	"g000203"	"hypothetical protein"
"EW024_RS06125"	"g008684"	"hypothetical protein"
"EW024_RS06130"	"g010576"	"hypothetical protein"
"EW024_RS06135"	"g009367"	"phage portal protein"
"EW024_RS06140"	"g007771"	"hypothetical protein"
"EW024_RS06145"	"g003533"	"HNH endonuclease"
"EW024_RS06150"	"g003336"	"DUF1492 domain-containing protein"
"EW024_RS06160"	"g003570"	"hypothetical protein"
"EW024_RS06165"	"g008850"	"hypothetical protein"
"EW024_RS06170"	"g004089"	"hypothetical protein"
"EW024_RS06190"	"g000202"	"DNA-binding protein HU-alpha"
"EW024_RS06195"	"g006553"	"YpmS family protein"
"EW024_RS06200"	"g012222"	"SGNH/GDSL hydrolase family protein"
"EW024_RS06205"	"g012326"	"DegV family protein"
"EW024_RS06210"	"g002354"	"LPXTG cell wall anchor domain-containing protein"
"EW024_RS06215"	"g010360"	"DNA repair protein RecN"
"EW024_RS06220"	"g007131"	"arginine repressor"
"EW024_RS06225"	"g012389"	"TlyA family RNA methyltransferase"
"EW024_RS06230"	"g012152"	"polyprenyl synthetase family protein"
"EW024_RS06235"	"g001750"	"exodeoxyribonuclease VII small subunit"
"EW024_RS06240"	"g010916"	"exodeoxyribonuclease VII large subunit"
"EW024_RS06245"	"g001136"	"bifunctional methylenetetrahydrofolate dehydrogenase/methenyltetrahydrofolate cyclohydrolase FolD"
"EW024_RS06250"	"g010322"	"phospho-sugar mutase"
"EW024_RS06255"	"g010739"	"deoxyribodipyrimidine photo-lyase"
"EW024_RS06260"	"g000004"	"amino acid ABC transporter ATP-binding protein"
"EW024_RS06265"	"g006116"	"amino acid ABC transporter permease"
"EW024_RS06270"	"g008635"	"YkuJ family protein"
"EW024_RS06275"	"g000452"	"ATP-dependent chaperone ClpB"
"EW024_RS06280"	"g003230"	"NUDIX hydrolase"
"EW024_RS06285"	"g008145"	"DUF1827 family protein"
"EW024_RS06290"	"g005083"	"isoleucine--tRNA ligase"
"EW024_RS06295"	"g012742"	"DivIVA domain-containing protein"
"EW024_RS06300"	"g012560"	"RNA-binding protein"
"EW024_RS06305"	"g008468"	"YggT family protein"
"EW024_RS06310"	"g006257"	"cell division protein SepF"
"EW024_RS06315"	"g002685"	"YggS family pyridoxal phosphate-dependent enzyme"
"EW024_RS06320"	"g001950"	"cell division protein FtsZ"
"EW024_RS06325"	"g010850"	"cell division protein FtsA"
"EW024_RS06330"	"g009747"	"cell division protein FtsQ/DivIB"
"EW024_RS06335"	"g009969"	"UDP-N-acetylglucosamine--N-acetylmuramyl- (pentapeptide) pyrophosphoryl-undecaprenol N-acetylglucosamine transferase"
"EW024_RS06340"	"g010866"	"UDP-N-acetylmuramoyl-L-alanine--D-glutamate ligase"
"EW024_RS06345"	"g008488"	"DUF3165 family protein"
"EW024_RS06350"	"g000965"	"ribosome-dependent GTPase TypA"
"EW024_RS06355"	"g007571"	"rhodanese-like domain-containing protein"
"EW024_RS06360"	"g011637"	"ROK family glucokinase"
"EW024_RS06365"	"g008874"	"YqgQ family protein"
"EW024_RS06370"	"g006862"	"DNA starvation/stationary phase protection protein"
"EW024_RS06380"	"g004428"	"23S rRNA (adenine(2503)-C(2))-methyltransferase RlmN"
"EW024_RS06385"	"g002750"	"YutD family protein"
"EW024_RS06390"	"g011619"	"LacI family transcriptional regulator"
"EW024_RS06395"	"g011338"	"PDZ domain-containing protein"
"EW024_RS06400"	"g007017"	"pantetheine-phosphate adenylyltransferase"
"EW024_RS06405"	"g006800"	"16S rRNA (guanine(966)-N(2))-methyltransferase RsmD"
"EW024_RS06410"	"g002326"	"aspartate--ammonia ligase"
"EW024_RS06415"	"g011731"	"carbamate kinase"
"EW024_RS06420"	"g010951"	"Sapep family Mn(2+)-dependent dipeptidase"
"EW024_RS06425"	"g010577"	"YfcC family protein"
"EW024_RS06430"	"g000507"	"ornithine carbamoyltransferase"
"EW024_RS06435"	"g003309"	"GNAT family N-acetyltransferase"
"EW024_RS06440"	"g004218"	"arginine deiminase"
"EW024_RS06445"	"g006147"	"Crp/Fnr family transcriptional regulator"
"EW024_RS06450"	"g007114"	"arginine regulator"
"EW024_RS06455"	"g012955"	"B3/4 domain-containing protein"
"EW024_RS06460"	"g004452"	"MmcQ/YjbR family DNA-binding protein"
"EW024_RS06465"	"g004638"	"sensor histidine kinase"
"EW024_RS06470"	"g005985"	"response regulator"
"EW024_RS06475"	"g000705"	"peptide-methionine (R)-S-oxide reductase MsrB"
"EW024_RS06480"	"g006406"	"TlpA family protein disulfide reductase"
"EW024_RS06485"	"g012977"	"thiol-disulfide oxidoreductase-associated membrane protein CcdA2"
"EW024_RS06490"	"g003680"	"CRISPR-associated endonuclease Cas2"
"EW024_RS06495"	"g011385"	"type I-C CRISPR-associated endonuclease Cas1"
"EW024_RS06500"	"g006177"	"CRISPR-associated protein Cas4"
"EW024_RS06505"	"g012277"	"type I-C CRISPR-associated protein Cas7/Csd2"
"EW024_RS06510"	"g010175"	"type I-C CRISPR-associated protein Cas8c/Csd1"
"EW024_RS06515"	"g012897"	"type I-C CRISPR-associated protein Cas5"
"EW024_RS06525"	"g005098"	"valine--tRNA ligase"
"EW024_RS06530"	"g002936"	"AAA family ATPase"
"EW024_RS06535"	"g014577"	"None"
"EW024_RS06540"	"g008610"	"hypothetical protein"
"EW024_RS06545"	"g007523"	"hypothetical protein"
"EW024_RS06550"	"g008469"	"DUF1912 family protein"
"EW024_RS06560"	"g004436"	"3-deoxy-7-phosphoheptulonate synthase"
"EW024_RS06565"	"g009999"	"3-dehydroquinate synthase"
"EW024_RS06570"	"g008120"	"cupin domain-containing protein"
"EW024_RS06575"	"g007895"	"cupin domain-containing protein"
"EW024_RS06580"	"g005928"	"class I SAM-dependent methyltransferase"
"EW024_RS06585"	"g002444"	"shikimate dehydrogenase"
"EW024_RS06590"	"g005061"	"glycoside hydrolase family 2 protein"
"EW024_RS06595"	"g004814"	"response regulator transcription factor"
"EW024_RS06600"	"g010287"	"sensor histidine kinase"
"EW024_RS06605"	"g006477"	"YesL family protein"
"EW024_RS06610"	"g010669"	"extracellular solute-binding protein"
"EW024_RS06615"	"g011870"	"carbohydrate ABC transporter permease"
"EW024_RS06620"	"g011732"	"sugar ABC transporter permease"
"EW024_RS06625"	"g005504"	"ROK family protein"
"EW024_RS06630"	"g002148"	"glycoside hydrolase family 1 protein"
"EW024_RS06635"	"g004656"	"hyaluronidase"
"EW024_RS06640"	"g001066_2"	"GntR family transcriptional regulator"
"EW024_RS06645"	"g010981"	"glycoside hydrolase family 125 protein"
"EW024_RS06650"	"g002244"	"alpha-mannosidase"
"EW024_RS06655"	"g010878"	"sensor histidine kinase"
"EW024_RS06660"	"g010879"	"23S rRNA (uracil(1939)-C(5))-methyltransferase RlmD"
"EW024_RS06665"	"g012652"	"recombination regulator RecX"
"EW024_RS06670"	"g002985"	"DUF402 domain-containing protein"
"EW024_RS06745"	"g008685"	"hypothetical protein"
"EW024_RS06750"	"g006757"	"ribosome-associated translation inhibitor RaiA"
"EW024_RS06755"	"g006224"	"ComF family protein"
"EW024_RS06760"	"g010966"	"DEAD/DEAH box helicase"
"EW024_RS06765"	"g006358"	"YigZ family protein"
"EW024_RS06770"	"g001096"	"cysteine synthase A"
"EW024_RS06775"	"g003443"	"S1 RNA-binding domain-containing protein"
"EW024_RS06780"	"g000616_1"	"peptidyl-prolyl cis-trans isomerase"
"EW024_RS06785"	"g000039"	"response regulator transcription factor"
"EW024_RS06790"	"g011478"	"sensor histidine kinase"
"EW024_RS06795"	"g012825"	"cell wall-active antibiotics response protein"
"EW024_RS06800"	"g010173"	"Stk1 family PASTA domain-containing Ser/Thr kinase"
"EW024_RS06805"	"g012845"	"Stp1/IreP family PP2C-type Ser/Thr phosphatase"
"EW024_RS06810"	"g005006"	"16S rRNA (cytosine(967)-C(5))-methyltransferase RsmB"
"EW024_RS06815"	"g005461"	"methionyl-tRNA formyltransferase"
"EW024_RS06820"	"g005148"	"primosomal protein N'"
"EW024_RS06825"	"g008034"	"DNA-directed RNA polymerase subunit omega"
"EW024_RS06830"	"g002770"	"guanylate kinase"
"EW024_RS06835"	"g004728"	"ribonuclease Y"
"EW024_RS06840"	"g000007"	"LysR family transcriptional regulator"
"EW024_RS06845"	"g000057"	"acetyl-CoA C-acetyltransferase"
"EW024_RS06850"	"g001255"	"CoA transferase subunit A"
"EW024_RS06855"	"g000162"	"CoA transferase subunit B"
"EW024_RS06860"	"g012636"	"3-hydroxybutyrate dehydrogenase"
"EW024_RS06865"	"g010952"	"GntP family permease"
"EW024_RS06870"	"g007060"	"S-ribosylhomocysteine lyase"
"EW024_RS06875"	"g010629"	"hypothetical protein"
"EW024_RS06880"	"g009760"	"class I SAM-dependent RNA methyltransferase"
"EW024_RS06890"	"g007971"	"cell division regulator GpsB"
"EW024_RS06895"	"g006917"	"DUF1273 domain-containing protein"
"EW024_RS06900"	"g006466"	"Holliday junction resolvase RecU"
"EW024_RS06905"	"g010061"	"penicillin-binding protein"
"EW024_RS06910"	"g010923"	"aminopeptidase C"
"EW024_RS06915"	"g001141"	"ammonia-dependent NAD(+) synthetase"
"EW024_RS06920"	"g004824"	"nicotinate phosphoribosyltransferase"
"EW024_RS06925"	"g010807"	"amino acid permease"
"EW024_RS06930"	"g005462"	"thioredoxin-disulfide reductase"
"EW024_RS06935"	"g008686"	"DUF4059 family protein"
"EW024_RS06940"	"g000004"	"amino acid ABC transporter ATP-binding protein"
"EW024_RS06945"	"g012506"	"amino acid ABC transporter permease"
"EW024_RS06950"	"g010905"	"DEAD/DEAH box helicase"
"EW024_RS06955"	"g011446"	"phospho-N-acetylmuramoyl-pentapeptide- transferase"
"EW024_RS06960"	"g010034"	"penicillin-binding protein"
"EW024_RS06965"	"g007993"	"cell division protein FtsL"
"EW024_RS06970"	"g005270"	"16S rRNA (cytosine(1402)-N(4))-methyltransferase RsmH"
"EW024_RS06975"	"g014578"	"None"
"EW024_RS06985"	"g009426"	"glutamate-5-semialdehyde dehydrogenase"
"EW024_RS06990"	"g012411"	"glutamate 5-kinase"
"EW024_RS06995"	"g004706"	"ABC transporter permease"
"EW024_RS07000"	"g012874"	"ABC transporter ATP-binding protein"
"EW024_RS07005"	"g003766"	"bacteriocin immunity protein"
"EW024_RS07010"	"g000088"	"transketolase"
"EW024_RS07015"	"g006301"	"fructose-6-phosphate aldolase"
"EW024_RS07020"	"g004798"	"helix-turn-helix domain-containing protein"
"EW024_RS07025"	"g010900"	"NAD(P)/FAD-dependent oxidoreductase"
"EW024_RS07030"	"g002492"	"aquaporin family protein"
"EW024_RS07035"	"g010205"	"type 1 glycerol-3-phosphate oxidase"
"EW024_RS07040"	"g000997"	"glycerol kinase GlpK"
"EW024_RS07045"	"g007234"	"PepSY domain-containing protein"
"EW024_RS07050"	"g003798"	"DUF896 family protein"
"EW024_RS07055"	"g004530"	"glycine--tRNA ligase subunit beta"
"EW024_RS07060"	"g005526"	"glycine--tRNA ligase subunit alpha"
"EW024_RS07065"	"g008851"	"hypothetical protein"
"EW024_RS07070"	"g006733"	"isoprenylcysteine carboxyl methyltransferase family protein"
"EW024_RS07075"	"g012327"	"aldo/keto reductase"
"EW024_RS07080"	"g009779"	"N-acetylglucosamine-6-phosphate deacetylase"
"EW024_RS07085"	"g010401"	"Na/Pi cotransporter family protein"
"EW024_RS07090"	"g012930"	"hypothetical protein"
"EW024_RS07095"	"g012304"	"DegV family protein"
"EW024_RS07100"	"g006707"	"TetR/AcrR family transcriptional regulator"
"EW024_RS07105"	"g005773_1"	"Cof-type HAD-IIB family hydrolase"
"EW024_RS07110"	"g006478"	"trimeric intracellular cation channel family protein"
"EW024_RS07115"	"g002337"	"tagatose-bisphosphate aldolase"
"EW024_RS07125"	"g000657_1"	"galactose-6-phosphate isomerase subunit LacB"
"EW024_RS07130"	"g000713_2"	"galactose-6-phosphate isomerase subunit LacA"
"EW024_RS07145"	"g001662"	"PTS sugar transporter subunit IIB"
"EW024_RS07150"	"g007115"	"PTS sugar transporter subunit IIA"
"EW024_RS07155"	"g005890_1"	"DeoR/GlpR transcriptional regulator"
"EW024_RS07160"	"g001831"	"hypothetical protein"
"EW024_RS07165"	"g000838"	"heavy-metal-associated domain-containing protein"
"EW024_RS07170"	"g004493"	"copper-translocating P-type ATPase"
"EW024_RS07175"	"g000706"	"CopY/TcrY family copper transport repressor"
"EW024_RS07180"	"g005304"	"alpha/beta hydrolase"
"EW024_RS07185"	"g003507"	"30S ribosome-binding factor RbfA"
"EW024_RS07190"	"g000950"	"translation initiation factor IF-2"
"EW024_RS07195"	"g008146"	"YlxQ-related RNA-binding protein"
"EW024_RS07200"	"g008180"	"YlxR family protein"
"EW024_RS07205"	"g009752"	"transcription termination/antitermination protein NusA"
"EW024_RS07210"	"g014579"	"None"
"EW024_RS07220"	"g002751"	"tRNA (guanosine(46)-N7)-methyltransferase TrmB"
"EW024_RS07225"	"g012561"	"phosphotransferase family protein"
"EW024_RS07230"	"g011350"	"ABC transporter permease"
"EW024_RS07235"	"g005986"	"ABC transporter ATP-binding protein"
"EW024_RS07240"	"g001519"	"HIT family protein"
"EW024_RS07245"	"g007772"	"hypothetical protein"
"EW024_RS07250"	"g009325"	"LCP family protein"
"EW024_RS07255"	"g006873"	"GNAT family N-acetyltransferase"
"EW024_RS07260"	"g007174"	"tRNA (adenosine(37)-N6)-threonylcarbamoyltransferase complex ATPase subunit type 1 TsaE"
"EW024_RS07265"	"g010645"	"NCS2 family permease"
"EW024_RS07270"	"g012457"	"Cof-type HAD-IIB family hydrolase"
"EW024_RS07275"	"g011541"	"PTS mannose transporter subunit IIAB"
"EW024_RS07280"	"g000273"	"PTS mannose/fructose/sorbose transporter subunit IIC"
"EW024_RS07285"	"g011954"	"PTS mannose/fructose/sorbose transporter family subunit IID"
"EW024_RS07290"	"g007758"	"DUF956 family protein"
"EW024_RS07295"	"g000864"	"serine--tRNA ligase"
"EW024_RS07300"	"g001104"	"acetyl-CoA carboxylase carboxyl transferase subunit alpha"
"EW024_RS07305"	"g012188"	"acetyl-CoA carboxylase carboxyltransferase subunit beta"
"EW024_RS07310"	"g000255"	"acetyl-CoA carboxylase biotin carboxylase subunit"
"EW024_RS07315"	"g003280"	"3-hydroxyacyl-ACP dehydratase FabZ"
"EW024_RS07320"	"g006974"	"acetyl-CoA carboxylase biotin carboxyl carrier protein"
"EW024_RS07325"	"g009497"	"beta-ketoacyl-ACP synthase II"
"EW024_RS07330"	"g012875"	"3-oxoacyl-[acyl-carrier-protein] reductase"
"EW024_RS07335"	"g011800"	"ACP S-malonyltransferase"
"EW024_RS07340"	"g011638"	"enoyl-[acyl-carrier-protein] reductase FabK"
"EW024_RS07345"	"g008687"	"acyl carrier protein"
"EW024_RS07350"	"g011628"	"ketoacyl-ACP synthase III"
"EW024_RS07355"	"g007331"	"MarR family transcriptional regulator"
"EW024_RS07360"	"g012562"	"enoyl-CoA hydratase"
"EW024_RS07365"	"g004354"	"molecular chaperone DnaJ"
"EW024_RS07370"	"g000961"	"molecular chaperone DnaK"
"EW024_RS07375"	"g006621"	"nucleotide exchange factor GrpE"
"EW024_RS07380"	"g011351"	"heat-inducible transcriptional repressor HrcA"
"EW024_RS07385"	"g006643"	"glycoside hydrolase family 73 protein"
"EW024_RS07390"	"g005975"	"D-alanyl-D-alanine carboxypeptidase family protein"
"EW024_RS07395"	"g006064"	"histidine phosphatase family protein"
"EW024_RS07400"	"g003820_2"	"GlsB/YeaQ/YmgE family stress response membrane protein"
"EW024_RS07405"	"g003929"	"hypothetical protein"
"EW024_RS07410"	"g004848"	"Asp-tRNA(Asn)/Glu-tRNA(Gln) amidotransferase subunit GatB"
"EW024_RS07415"	"g004828"	"Asp-tRNA(Asn)/Glu-tRNA(Gln) amidotransferase subunit GatA"
"EW024_RS07420"	"g008147"	"Asp-tRNA(Asn)/Glu-tRNA(Gln) amidotransferase subunit GatC"
"EW024_RS07430"	"g004018"	"hypothetical protein"
"EW024_RS07435"	"g006734"	"cysteine hydrolase"
"EW024_RS07440"	"g012618"	"GTP-sensing pleiotropic transcriptional regulator CodY"
"EW024_RS07445"	"g001918"	"pyridoxal phosphate-dependent aminotransferase"
"EW024_RS07450"	"g001430_1"	"universal stress protein"
"EW024_RS07455"	"g010787"	"Cof-type HAD-IIB family hydrolase"
"EW024_RS07460"	"g005381"	"asparaginase"
"EW024_RS07465"	"g013008"	"ABC transporter permease"
"EW024_RS07470"	"g012004"	"ABC transporter ATP-binding protein"
"EW024_RS07475"	"g004523"	"ATP-dependent DNA helicase RecG"
"EW024_RS07480"	"g000036_2"	"hypothetical protein"
"EW024_RS07485"	"g010773"	"ABC transporter ATP-binding protein"
"EW024_RS07490"	"g006148"	"energy-coupling factor transporter transmembrane protein EcfT"
"EW024_RS07495"	"g006534"	"MptD family putative ECF transporter S component"
"EW024_RS07500"	"g010352"	"ABC transporter ATP-binding protein"
"EW024_RS07505"	"g010256"	"ABC transporter ATP-binding protein/permease"
"EW024_RS07510"	"g000537"	"ABC transporter ATP-binding protein"
"EW024_RS07515"	"g011399"	"iron ABC transporter permease"
"EW024_RS07520"	"g012092"	"heme ABC transporter substrate-binding protein IsdE"
"EW024_RS07525"	"g012138"	"heme-binding protein"
"EW024_RS07530"	"g011066"	"DUF1533 domain-containing protein"
"EW024_RS07535"	"g000462"	"CHAP domain-containing protein"
"EW024_RS07540"	"g004412"	"alanine racemase"
"EW024_RS07545"	"g007773"	"holo-ACP synthase"
"EW024_RS07550"	"g000026"	"preprotein translocase subunit SecA"
"EW024_RS07555"	"g014580"	"None"
"EW024_RS07565"	"g005414"	"mannose-6-phosphate isomerase%2C class I"
"EW024_RS07570"	"g012093"	"ROK family protein"
"EW024_RS07575"	"g002237"	"endo-beta-N-acetylglucosaminidase"
"EW024_RS07580"	"g010183"	"PTS beta-glucoside transporter subunit IIBCA"
"EW024_RS07585"	"g010677"	"glycoside hydrolase family 32 protein"
"EW024_RS07590"	"g011659"	"LacI family transcriptional regulator"
"EW024_RS07595"	"g007235"	"transcription antitermination factor NusB"
"EW024_RS07600"	"g007572"	"Asp23/Gls24 family envelope stress response protein"
"EW024_RS07605"	"g006708"	"elongation factor P"
"EW024_RS07610"	"g001468"	"ComE operon protein 2"
"EW024_RS07615"	"g010000"	"aminopeptidase P family protein"
"EW024_RS07620"	"g001041"	"excinuclease ABC subunit UvrA"
"EW024_RS07625"	"g011763"	"magnesium transporter CorA family protein"
"EW024_RS07630"	"g006258"	"DUF1129 domain-containing protein"
"EW024_RS07635"	"g001749"	"30S ribosomal protein S18"
"EW024_RS07640"	"g000102_1"	"single-stranded DNA-binding protein"
"EW024_RS07645"	"g003672"	"30S ribosomal protein S6"
"EW024_RS07650"	"g008204"	"hypothetical protein"
"EW024_RS07655"	"g009853"	"A/G-specific adenine glycosylase"
"EW024_RS07660"	"g001348"	"helix-turn-helix transcriptional regulator"
"EW024_RS07665"	"g000775"	"thioredoxin TrxA"
"EW024_RS07670"	"g006960"	"phosphatase PAP2 family protein"
"EW024_RS07675"	"g011233"	"endonuclease MutS2"
"EW024_RS07680"	"g002980"	"CvpA family protein"
"EW024_RS07685"	"g008103"	"hypothetical protein"
"EW024_RS07690"	"g012005"	"ribonuclease HIII"
"EW024_RS07695"	"g006535"	"signal peptidase I"
"EW024_RS07700"	"g005128"	"ATP-dependent RecD-like DNA helicase"
"EW024_RS07705"	"g003131"	"hypothetical protein"
"EW024_RS07710"	"g009930"	"DNA polymerase IV"
"EW024_RS07715"	"g011237"	"formate C-acetyltransferase"
"EW024_RS07720"	"g011733"	"serine hydrolase"
"EW024_RS07725"	"g012779"	"peptidase"
"EW024_RS07730"	"g012072"	"TSUP family transporter"
"EW024_RS07735"	"g011747"	"aquaporin family protein"
"EW024_RS07740"	"g014581"	"None"
"EW024_RS07750"	"g011024"	"MFS transporter"
"EW024_RS07755"	"g012940"	"Crp/Fnr family transcriptional regulator"
"EW024_RS07760"	"g010026"	"Xaa-Pro dipeptidyl-peptidase"
"EW024_RS07765"	"g008712"	"helix-turn-helix transcriptional regulator"
"EW024_RS07770"	"g007667"	"helix-turn-helix transcriptional regulator"
"EW024_RS07775"	"g008162"	"YbaB/EbfC family nucleoid-associated protein"
"EW024_RS07780"	"g000199"	"MerR family transcriptional regulator"
"EW024_RS07785"	"g002788"	"3'-5' exonuclease"
"EW024_RS07790"	"g006578"	"DUF536 domain-containing protein"
"EW024_RS07795"	"g004306"	"NAD(P)/FAD-dependent oxidoreductase"
"EW024_RS07800"	"g006198"	"deoxyribose-phosphate aldolase"
"EW024_RS07805"	"g009598"	"NupC/NupG family nucleoside CNT transporter"
"EW024_RS07810"	"g012637"	"uridine phosphorylase"
"EW024_RS07815"	"g012743"	"GntR family transcriptional regulator"
"EW024_RS07820"	"g000383"	"30S ribosomal protein S14"
"EW024_RS07825"	"g005238"	"tRNA (adenosine(37)-N6)-threonylcarbamoyltransferase complex transferase subunit TsaD"
"EW024_RS07830"	"g003318"	"ribosomal-protein-alanine N-acetyltransferase"
"EW024_RS07835"	"g013030"	"tRNA (adenosine(37)-N6)-threonylcarbamoyltransferase complex dimerization subunit type 1 TsaB"
"EW024_RS07840"	"g008636"	"DNA-dependent RNA polymerase auxiliary subunit epsilon family protein"
"EW024_RS07845"	"g004654"	"ribonuclease J"
"EW024_RS07850"	"g004973"	"type I glutamate--ammonia ligase"
"EW024_RS07855"	"g003459"	"MerR family transcriptional regulator"
"EW024_RS07860"	"g006746"	"aromatic acid exporter family protein"
"EW024_RS07865"	"g004268"	"phosphoglycerate kinase"
"EW024_RS07870"	"g005609"	"5'-nucleotidase%2C lipoprotein e(P4) family"
"EW024_RS07875"	"g012058"	"SPFH domain-containing protein"
"EW024_RS07880"	"g004674"	"DAK2 domain-containing protein"
"EW024_RS07885"	"g007711"	"Asp23/Gls24 family envelope stress response protein"
"EW024_RS07890"	"g004005"	"50S ribosomal protein L28"
"EW024_RS07895"	"g012107"	"fructose-bisphosphate aldolase"
"EW024_RS07905"	"g011871"	"alpha/beta hydrolase"
"EW024_RS07910"	"g009004"	"hypothetical protein"
"EW024_RS07915"	"g000986"	"CTP synthase (glutamine hydrolyzing)"
"EW024_RS07920"	"g006608"	"DNA-directed RNA polymerase subunit delta"
"EW024_RS07925"	"g009326"	"trigger factor"
"EW024_RS07930"	"g012290"	"mechanosensitive ion channel family protein"
"EW024_RS07935"	"g006709"	"TIGR01440 family protein"
"EW024_RS07940"	"g007132"	"membrane protein"
"EW024_RS07945"	"g012712"	"bifunctional hydroxymethylpyrimidine kinase/phosphomethylpyrimidine kinase"
"EW024_RS07950"	"g012795"	"tRNA pseudouridine(38-40) synthase TruA"
"EW024_RS07955"	"g006744"	"sigma-70 family RNA polymerase sigma factor"
"EW024_RS07990"	"g010001"	"glycerate kinase"
"EW024_RS07995"	"g011125"	"type I restriction endonuclease subunit R"
"EW024_RS08000"	"g000897"	"restriction endonuclease subunit S"
"EW024_RS08005"	"g010440"	"type I restriction-modification system subunit M"
"EW024_RS08015"	"g006479"	"response regulator transcription factor"
"EW024_RS08020"	"g002114"	"ATP-binding protein"
"EW024_RS08025"	"g002046"	"FtsX-like permease family protein"
"EW024_RS08030"	"g001181"	"ABC transporter ATP-binding protein"
"EW024_RS08035"	"g010071"	"peptidase domain-containing ABC transporter"
"EW024_RS08040"	"g000988"	"DUF4135 domain-containing protein"
"EW024_RS08045"	"g009227"	"type A2 lantipeptide"
"EW024_RS08050"	"g004879"	"6-phospho-beta-galactosidase"
"EW024_RS08055"	"g004650"	"PTS lactose EIICB component"
"EW024_RS08060"	"g003604"	"PTS lactose/cellobiose transporter subunit IIA"
"EW024_RS08065"	"g002337"	"tagatose-bisphosphate aldolase"
"EW024_RS08070"	"g002382"	"tagatose-6-phosphate kinase"
"EW024_RS08075"	"g000657_2"	"galactose-6-phosphate isomerase subunit LacB"
"EW024_RS08080"	"g000713_1"	"galactose-6-phosphate isomerase subunit LacA"
"EW024_RS08085"	"g005890_2"	"DeoR/GlpR transcriptional regulator"
"EW024_RS08090"	"g008243"	"DNA-damage-inducible protein J"
"EW024_RS08095"	"g003557"	"type II toxin-antitoxin system RelE/ParE family toxin"
"EW024_RS08110"	"g001558"	"30S ribosomal protein S9"
"EW024_RS08115"	"g000700"	"50S ribosomal protein L13"
"EW024_RS08120"	"g000302"	"helix-turn-helix transcriptional regulator"
"EW024_RS08125"	"g000648"	"hypothetical protein"
"EW024_RS08130"	"g012223"	"DegV family protein"
"EW024_RS08135"	"g006907"	"NYN domain-containing protein"
"EW024_RS08140"	"g012806"	"23S rRNA (guanosine(2251)-2'-O)-methyltransferase RlmB"
"EW024_RS08145"	"g012538"	"hypothetical protein"
"EW024_RS08150"	"g007441"	"Mini-ribonuclease 3"
"EW024_RS08155"	"g004893"	"cysteine--tRNA ligase"
"EW024_RS08160"	"g008637"	"hypothetical protein"
"EW024_RS08165"	"g000036_1"	"hypothetical protein"
"EW024_RS08170"	"g006579"	"serine O-acetyltransferase"
"EW024_RS08175"	"g012780"	"SseB family protein"
"EW024_RS08180"	"g000110"	"polyribonucleotide nucleotidyltransferase"
"EW024_RS08185"	"g001185"	"transaldolase"
"EW024_RS08190"	"g000871"	"PTS ascorbate transporter subunit IIC"
"EW024_RS08195"	"g008255"	"PTS sugar transporter subunit IIB"
"EW024_RS08200"	"g010103"	"BglG family transcription antiterminator"
"EW024_RS08205"	"g000394"	"30S ribosomal protein S15"
"EW024_RS08210"	"g009228"	"hypothetical protein"
"EW024_RS08220"	"g002815"	"peptide deformylase"
"EW024_RS08225"	"g006781"	"NAD(P)H-dependent oxidoreductase"
"EW024_RS08230"	"g007365"	"MarR family transcriptional regulator"
"EW024_RS08235"	"g011053"	"PolC-type DNA polymerase III"
"EW024_RS08240"	"g010198"	"proline--tRNA ligase"
"EW024_RS08245"	"g009402"	"RIP metalloprotease RseP"
"EW024_RS08250"	"g012552"	"phosphatidate cytidylyltransferase"
"EW024_RS08255"	"g005901"	"isoprenyl transferase"
"EW024_RS08260"	"g007712"	"preprotein translocase subunit YajC"
"EW024_RS08265"	"g014582"	"None"
"EW024_RS08270"	"g002229"	"pullulanase"
"EW024_RS08275"	"g008638"	"hypothetical protein"
"EW024_RS08280"	"g004723"	"alpha-glucosidase"
"EW024_RS08285"	"g000915"	"sn-glycerol-3-phosphate ABC transporter ATP-binding protein UgpC"
"EW024_RS08290"	"g005721"	"PucR family transcriptional regulator"
"EW024_RS08295"	"g001024"	"streptokinase"
"EW024_RS08300"	"g003267"	"D-tyrosyl-tRNA(Tyr) deacylase"
"EW024_RS08305"	"g010043"	"bifunctional (p)ppGpp synthetase/guanosine-3'%2C5'-bis(diphosphate) 3'-pyrophosphohydrolase"
"EW024_RS08310"	"g000009_1"	"LPXTG cell wall anchor domain-containing protein"
"EW024_RS08315"	"g007061"	"class Ib ribonucleoside-diphosphate reductase assembly flavoprotein NrdI"
"EW024_RS08320"	"g012426"	"endonuclease/exonuclease/phosphatase family protein"
"EW024_RS08325"	"g010053"	"PTS glucose transporter subunit IIABC"
"EW024_RS08330"	"g001173"	"16S rRNA (uracil(1498)-N(3))-methyltransferase"
"EW024_RS08335"	"g002362"	"50S ribosomal protein L11 methyltransferase"
"EW024_RS08340"	"g003185"	"DUF3013 family protein"
"EW024_RS08345"	"g010143"	"amidase"
"EW024_RS08350"	"g000974"	"aminodeoxychorismate synthase component I"
"EW024_RS08355"	"g006657"	"aminodeoxychorismate/anthranilate synthase component II"
"EW024_RS08360"	"g004162"	"replication-associated recombination protein A"
"EW024_RS08375"	"g003278"	"GNAT family N-acetyltransferase"
"EW024_RS08380"	"g003066"	"DNA topology modulation protein"
"EW024_RS08385"	"g002634"	"streptococcal mitogenic exotoxin SmeZ"
"EW024_RS08390"	"g008385"	"hypothetical protein"
"EW024_RS08395"	"g010404"	"ABC transporter substrate-binding protein"
"EW024_RS08400"	"g011620"	"ABC transporter permease"
"EW024_RS08405"	"g012412"	"ABC transporter permease"
"EW024_RS08410"	"g012507"	"ABC transporter ATP-binding protein"
"EW024_RS08415"	"g006390"	"ABC transporter ATP-binding protein"
"EW024_RS08420"	"g003964_1"	"CsbD family protein"
"EW024_RS08425"	"g011198"	"pneumococcal-type histidine triad protein"
"EW024_RS08430"	"g011905"	"metal ABC transporter substrate-binding lipoprotein/laminin-binding adhesin Lmb"
"EW024_RS08435"	"g000873"	"YSIRK signal domain/LPXTG anchor domain surface protein"
"EW024_RS08440"	"g002226"	"C5a peptidase ScpA/B"
"EW024_RS08445"	"g000009_3"	"LPXTG cell wall anchor domain-containing protein"
"EW024_RS08450"	"g000009_4"	"M-related protein Mrp"
"EW024_RS08455"	"g004729"	"M protein trans-acting positive regulator"
"EW024_RS08460"	"g001805"	"hypothetical protein"
"EW024_RS08465"	"g003813"	"hypothetical protein"
"EW024_RS08470"	"g000462"	"CHAP domain-containing protein"
"EW024_RS08475"	"g010788"	"HAMP domain-containing histidine kinase"
"EW024_RS08480"	"g006265"	"response regulator transcription factor"
"EW024_RS08485"	"g009542"	"FtsX-like permease family protein"
"EW024_RS08490"	"g000554"	"macrolide ABC transporter ATP-binding protein/permease MacB"
"EW024_RS08495"	"g009368"	"efflux RND transporter periplasmic adaptor subunit"
"EW024_RS08500"	"g007476"	"hypothetical protein"
"EW024_RS08505"	"g003671"	"DUF4298 domain-containing protein"
"EW024_RS08510"	"g000242_1"	"LPXTG cell wall anchor domain-containing protein"
"EW024_RS08515"	"g000242_2"	"VWA domain-containing protein"
"EW024_RS08520"	"g001755"	"hypothetical protein"
"EW024_RS08525"	"g005188_2"	"peptidylprolyl isomerase PrsA"
"EW024_RS08530"	"g003605"	"hypothetical protein"
"EW024_RS08535"	"g008121"	"streptopain"
"EW024_RS08540"	"g009622"	"cysteine proteinase exotoxin SpeB"
"EW024_RS08545"	"g009189"	"hypothetical protein"
"EW024_RS08550"	"g009279"	"hypothetical protein"
"EW024_RS08555"	"g012305"	"transcriptional regulator"
"EW024_RS08560"	"g012442"	"streptodornase B"
"EW024_RS08565"	"g003054"	"phosphatidylglycerophosphatase A"
"EW024_RS08570"	"g009950"	"glycerol dehydrogenase"
"EW024_RS08575"	"g006210"	"fructose-6-phosphate aldolase"
"EW024_RS08580"	"g001573"	"glycyl radical protein"
"EW024_RS08585"	"g011007"	"PTS sugar transporter subunit IIC"
"EW024_RS08590"	"g003636"	"PTS sugar transporter subunit IIB"
"EW024_RS08595"	"g008008"	"PTS lactose/cellobiose transporter subunit IIA"
"EW024_RS08600"	"g011603"	"sugar-binding transcriptional regulator"
"EW024_RS08605"	"g012807"	"DeoR/GlpR transcriptional regulator"
"EW024_RS08610"	"g012667"	"glycyl-radical enzyme activating protein"
"EW024_RS08615"	"g008911"	"hypothetical protein"
"EW024_RS08620"	"g009172"	"preprotein translocase subunit SecE"
"EW024_RS08625"	"g009236"	"50S ribosomal protein L33"
"EW024_RS08630"	"g011234"	"penicillin-binding protein"
"EW024_RS08635"	"g007634"	"RidA family protein"
"EW024_RS08640"	"g009005"	"hypothetical protein"
"EW024_RS08645"	"g012427"	"RluA family pseudouridine synthase"
"EW024_RS08650"	"g010293"	"hypothetical protein"
"EW024_RS08655"	"g010555"	"C69 family dipeptidase"
"EW024_RS08665"	"g003767"	"helix-turn-helix transcriptional regulator"
"EW024_RS08670"	"g000983"	"chaperonin GroEL"
"EW024_RS08675"	"g008218"	"co-chaperone GroES"
"EW024_RS08680"	"g011207"	"ATP-dependent Clp protease ATP-binding subunit"
"EW024_RS08685"	"g007175"	"CtsR family transcriptional regulator"
"EW024_RS08690"	"g000014_1"	"transcription antiterminator/RNA stability regulator CspE"
"EW024_RS08700"	"g001363"	"alkyl hydroperoxide reductase subunit C"
"EW024_RS08705"	"g000993"	"alkyl hydroperoxide reductase subunit F"
"EW024_RS08710"	"g009314"	"imidazolonepropionase"
"EW024_RS08715"	"g010115"	"urocanate hydratase"
"EW024_RS08720"	"g012018"	"glutamate formimidoyltransferase"
"EW024_RS08725"	"g006391"	"sugar ABC transporter substrate-binding protein"
"EW024_RS08730"	"g000979_2"	"formate--tetrahydrofolate ligase"
"EW024_RS08735"	"g001333"	"HutD family protein"
"EW024_RS08740"	"g010906"	"APC family permease"
"EW024_RS08745"	"g010491"	"histidine ammonia-lyase"
"EW024_RS08750"	"g011570"	"formimidoylglutamase"
"EW024_RS08755"	"g011120"	"AAA family ATPase"
"EW024_RS08760"	"g001163"	"30S ribosomal protein S2"
"EW024_RS08765"	"g011330"	"elongation factor Ts"
"EW024_RS08770"	"g010176"	"endopeptidase"
"EW024_RS08775"	"g000246"	"alpha%2Calpha-phosphotrehalase"
"EW024_RS08780"	"g010118"	"PTS system trehalose-specific EIIBC component"
"EW024_RS08785"	"g012967"	"trehalose operon repressor"
"EW024_RS08790"	"g001858"	"hypothetical protein"
"EW024_RS08795"	"g007896"	"helix-turn-helix transcriptional regulator"
"EW024_RS08800"	"g002459"	"VOC family protein"
"EW024_RS08805"	"g002599"	"peroxide stress protein YaaA"
"EW024_RS08810"	"g006444"	"anaerobic ribonucleoside-triphosphate reductase activating protein"
"EW024_RS08815"	"g006938"	"GNAT family N-acetyltransferase"
"EW024_RS08820"	"g011813"	"Gfo/Idh/MocA family oxidoreductase"
"EW024_RS08825"	"g000942"	"anaerobic ribonucleoside-triphosphate reductase"
"EW024_RS08830"	"g010468"	"membrane protein"
"EW024_RS08835"	"g008122"	"DUF1292 domain-containing protein"
"EW024_RS08840"	"g003310"	"Holliday junction resolvase RuvX"
"EW024_RS08845"	"g003755"	"IreB family regulatory phosphoprotein"
"EW024_RS08850"	"g007506"	"transcriptional regulator Spx"
"EW024_RS08855"	"g000913"	"recombinase RecA"
"EW024_RS08860"	"g009355"	"competence/damage-inducible protein A"
"EW024_RS08865"	"g006689"	"DNA-3-methyladenine glycosylase I"
"EW024_RS08870"	"g002854"	"Holliday junction branch migration protein RuvA"
"EW024_RS08875"	"g009527"	"MFS transporter"
"EW024_RS08880"	"g010136"	"DNA mismatch repair endonuclease MutL"
"EW024_RS08885"	"g009791"	"site-specific integrase"
"EW024_RS08890"	"g009251"	"putative holin-like toxin"
"EW024_RS08895"	"g006288"	"helix-turn-helix transcriptional regulator"
"EW024_RS08900"	"g008948"	"helix-turn-helix transcriptional regulator"
"EW024_RS08905"	"g006329"	"phage repressor protein"
"EW024_RS08915"	"g007442"	"DUF1492 domain-containing protein"
"EW024_RS08920"	"g008912"	"hypothetical protein"
"EW024_RS08930"	"g003428_1"	"ArpU family transcriptional regulator"
"EW024_RS08935"	"g006266"	"hypothetical protein"
"EW024_RS08940"	"g011180"	"DNA mismatch repair protein MutS"
"EW024_RS08945"	"g008852"	"hypothetical protein"
"EW024_RS08950"	"g007318"	"arginine repressor"
"EW024_RS08955"	"g010326"	"arginine--tRNA ligase"
"EW024_RS08960"	"g008104"	"bacteriocin immunity protein"
"EW024_RS08965"	"g012153"	"YitT family protein"
"EW024_RS08970"	"g012122"	"YitT family protein"
"EW024_RS08975"	"g011778"	"YitT family protein"
"EW024_RS08980"	"g000971"	"aspartate--tRNA ligase"
"EW024_RS08985"	"g009330"	"histidine--tRNA ligase"
"EW024_RS08990"	"g009109"	"50S ribosomal protein L32"
"EW024_RS08995"	"g000416"	"50S ribosomal protein L33"
"EW024_RS09005"	"g006392"	"CadD family cadmium resistance transporter"
"EW024_RS09010"	"g007897"	"Cd(II)/Zn(II)-sensing metalloregulatory transcriptional regulator CadX"
"EW024_RS09015"	"g002151"	"helix-turn-helix transcriptional regulator"
"EW024_RS09020"	"g004413"	"DNA translocase FtsK"
"EW024_RS09025"	"g002837"	"hypothetical protein"
"EW024_RS09030"	"g014583"	"None"
"EW024_RS09035"	"g005736"	"DUF368 domain-containing protein"
"EW024_RS09040"	"g002757"	"CoA pyrophosphatase"
"EW024_RS09045"	"g007972"	"PadR family transcriptional regulator"
"EW024_RS09050"	"g006554"	"DUF1700 domain-containing protein"
"EW024_RS09055"	"g001999"	"DUF4097 domain-containing protein"
"EW024_RS09060"	"g004482"	"YhgE/Pip domain-containing protein"
"EW024_RS09065"	"g006836"	"TetR/AcrR family transcriptional regulator"
"EW024_RS09070"	"g002822"	"30S ribosomal protein S4"
"EW024_RS09075"	"g008334"	"hypothetical protein"
"EW024_RS09080"	"g004892"	"replicative DNA helicase"
"EW024_RS09085"	"g007236"	"50S ribosomal protein L9"
"EW024_RS09090"	"g010141"	"DHH family phosphoesterase"
"EW024_RS09095"	"g000964"	"tRNA uridine-5-carboxymethylaminomethyl(34) synthesis enzyme MnmG"
"EW024_RS09100"	"g003606"	"phosphohydrolase"
"EW024_RS09105"	"g000923"	"tRNA 2-thiouridine(34) synthase MnmA"
"EW024_RS09110"	"g002667"	"L-serine ammonia-lyase%2C iron-sulfur-dependent%2C subunit beta"
"EW024_RS09115"	"g005583"	"L-serine ammonia-lyase%2C iron-sulfur-dependent%2C subunit alpha"
"EW024_RS09120"	"g001313"	"lytic transglycosylase IsaA"
"EW024_RS09125"	"g012522"	"energy-coupling factor transporter transmembrane protein EcfT"
"EW024_RS09130"	"g012306"	"energy-coupling factor transporter ATPase"
"EW024_RS09135"	"g012059"	"energy-coupling factor transporter ATPase"
"EW024_RS09140"	"g006782"	"CDP-diacylglycerol--glycerol-3-phosphate 3-phosphatidyltransferase"
"EW024_RS09145"	"g011386"	"helix-turn-helix domain-containing protein"
"EW024_RS09150"	"g009306"	"insulinase family protein"
"EW024_RS09155"	"g009452"	"insulinase family protein"
"EW024_RS09160"	"g000719"	"S4 domain-containing protein YaaA"
"EW024_RS09165"	"g009901"	"DNA replication/repair protein RecF"
"EW024_RS09170"	"g012205"	"EamA family transporter"
"EW024_RS09175"	"g001003"	"IMP dehydrogenase"
"EW024_RS09180"	"g002297"	"tryptophan--tRNA ligase"
"EW024_RS09185"	"g012154"	"YitT family protein"
"EW024_RS09190"	"g004716"	"ATP-binding cassette domain-containing protein"
"EW024_RS09195"	"g011177"	"YfhO family protein"
"EW024_RS09215"	"g005339"	"IS30 family transposase"
"EW024_RS09225"	"g007082"	"23S rRNA (pseudouridine(1915)-N(3))-methyltransferase RlmH"
"EW024_RS09230"	"g009517"	"PDZ domain-containing protein"
"EW024_RS09235"	"g012489"	"ParB/RepB/Spo0J family partition protein"
"METAB_2,3,4-Trihydroxybenzoic acid"	"METAB_2,3,4-Trihydroxybenzoic acid"	NA
"METAB_3-Aminoglutaric acid"	"METAB_3-Aminoglutaric acid"	NA
"METAB_Glutathione-nTMS"	"METAB_Glutathione-nTMS"	NA
"METAB_HMDB0000012"	"METAB_HMDB0000012"	NA
"METAB_HMDB0000034"	"METAB_HMDB0000034"	NA
"METAB_HMDB0000043"	"METAB_HMDB0000043"	NA
"METAB_HMDB0000045"	"METAB_HMDB0000045"	NA
"METAB_HMDB0000050"	"METAB_HMDB0000050"	NA
"METAB_HMDB0000056"	"METAB_HMDB0000056"	NA
"METAB_HMDB0000060"	"METAB_HMDB0000060"	NA
"METAB_HMDB0000067"	"METAB_HMDB0000067"	NA
"METAB_HMDB0000073"	"METAB_HMDB0000073"	NA
"METAB_HMDB0000089"	"METAB_HMDB0000089"	NA
"METAB_HMDB0000092"	"METAB_HMDB0000092"	NA
"METAB_HMDB0000094"	"METAB_HMDB0000094"	NA
"METAB_HMDB0000095"	"METAB_HMDB0000095"	NA
"METAB_HMDB0000112"	"METAB_HMDB0000112"	NA
"METAB_HMDB0000115"	"METAB_HMDB0000115"	NA
"METAB_HMDB0000119"	"METAB_HMDB0000119"	NA
"METAB_HMDB0000122"	"METAB_HMDB0000122"	NA
"METAB_HMDB0000123"	"METAB_HMDB0000123"	NA
"METAB_HMDB0000125"	"METAB_HMDB0000125"	NA
"METAB_HMDB0000126"	"METAB_HMDB0000126"	NA
"METAB_HMDB0000127"	"METAB_HMDB0000127"	NA
"METAB_HMDB0000131"	"METAB_HMDB0000131"	NA
"METAB_HMDB0000132"	"METAB_HMDB0000132"	NA
"METAB_HMDB0000133"	"METAB_HMDB0000133"	NA
"METAB_HMDB0000134"	"METAB_HMDB0000134"	NA
"METAB_HMDB0000139"	"METAB_HMDB0000139"	NA
"METAB_HMDB0000143"	"METAB_HMDB0000143"	NA
"METAB_HMDB0000148"	"METAB_HMDB0000148"	NA
"METAB_HMDB0000149"	"METAB_HMDB0000149"	NA
"METAB_HMDB0000150"	"METAB_HMDB0000150"	NA
"METAB_HMDB0000156"	"METAB_HMDB0000156"	NA
"METAB_HMDB0000158"	"METAB_HMDB0000158"	NA
"METAB_HMDB0000159"	"METAB_HMDB0000159"	NA
"METAB_HMDB0000161"	"METAB_HMDB0000161"	NA
"METAB_HMDB0000162"	"METAB_HMDB0000162"	NA
"METAB_HMDB0000163"	"METAB_HMDB0000163"	NA
"METAB_HMDB0000167"	"METAB_HMDB0000167"	NA
"METAB_HMDB0000168"	"METAB_HMDB0000168"	NA
"METAB_HMDB0000172"	"METAB_HMDB0000172"	NA
"METAB_HMDB0000176"	"METAB_HMDB0000176"	NA
"METAB_HMDB0000177"	"METAB_HMDB0000177"	NA
"METAB_HMDB0000182"	"METAB_HMDB0000182"	NA
"METAB_HMDB0000186"	"METAB_HMDB0000186"	NA
"METAB_HMDB0000187"	"METAB_HMDB0000187"	NA
"METAB_HMDB0000190"	"METAB_HMDB0000190"	NA
"METAB_HMDB0000191"	"METAB_HMDB0000191"	NA
"METAB_HMDB0000202"	"METAB_HMDB0000202"	NA
"METAB_HMDB0000205"	"METAB_HMDB0000205"	NA
"METAB_HMDB0000207"	"METAB_HMDB0000207"	NA
"METAB_HMDB0000208"	"METAB_HMDB0000208"	NA
"METAB_HMDB0000209"	"METAB_HMDB0000209"	NA
"METAB_HMDB0000210"	"METAB_HMDB0000210"	NA
"METAB_HMDB0000211"	"METAB_HMDB0000211"	NA
"METAB_HMDB0000214"	"METAB_HMDB0000214"	NA
"METAB_HMDB0000216"	"METAB_HMDB0000216"	NA
"METAB_HMDB0000220"	"METAB_HMDB0000220"	NA
"METAB_HMDB0000224"	"METAB_HMDB0000224"	NA
"METAB_HMDB0000226"	"METAB_HMDB0000226"	NA
"METAB_HMDB0000230"	"METAB_HMDB0000230"	NA
"METAB_HMDB0000235"	"METAB_HMDB0000235"	NA
"METAB_HMDB0000243"	"METAB_HMDB0000243"	NA
"METAB_HMDB0000247"	"METAB_HMDB0000247"	NA
"METAB_HMDB0000251"	"METAB_HMDB0000251"	NA
"METAB_HMDB0000254"	"METAB_HMDB0000254"	NA
"METAB_HMDB0000258"	"METAB_HMDB0000258"	NA
"METAB_HMDB0000262"	"METAB_HMDB0000262"	NA
"METAB_HMDB0000263"	"METAB_HMDB0000263"	NA
"METAB_HMDB0000272"	"METAB_HMDB0000272"	NA
"METAB_HMDB0000283"	"METAB_HMDB0000283"	NA
"METAB_HMDB0000288"	"METAB_HMDB0000288"	NA
"METAB_HMDB0000290"	"METAB_HMDB0000290"	NA
"METAB_HMDB0000294"	"METAB_HMDB0000294"	NA
"METAB_HMDB0000295"	"METAB_HMDB0000295"	NA
"METAB_HMDB0000296"	"METAB_HMDB0000296"	NA
"METAB_HMDB0000300"	"METAB_HMDB0000300"	NA
"METAB_HMDB0000301"	"METAB_HMDB0000301"	NA
"METAB_HMDB0000302"	"METAB_HMDB0000302"	NA
"METAB_HMDB0000306"	"METAB_HMDB0000306"	NA
"METAB_HMDB0000357"	"METAB_HMDB0000357"	NA
"METAB_HMDB0000362"	"METAB_HMDB0000362"	NA
"METAB_HMDB0000407"	"METAB_HMDB0000407"	NA
"METAB_HMDB0000426"	"METAB_HMDB0000426"	NA
"METAB_HMDB0000448"	"METAB_HMDB0000448"	NA
"METAB_HMDB0000482"	"METAB_HMDB0000482"	NA
"METAB_HMDB0000500"	"METAB_HMDB0000500"	NA
"METAB_HMDB0000511"	"METAB_HMDB0000511"	NA
"METAB_HMDB0000535"	"METAB_HMDB0000535"	NA
"METAB_HMDB0000555"	"METAB_HMDB0000555"	NA
"METAB_HMDB0000557"	"METAB_HMDB0000557"	NA
"METAB_HMDB0000573"	"METAB_HMDB0000573"	NA
"METAB_HMDB0000574"	"METAB_HMDB0000574"	NA
"METAB_HMDB0000606"	"METAB_HMDB0000606"	NA
"METAB_HMDB0000618"	"METAB_HMDB0000618"	NA
"METAB_HMDB0000625"	"METAB_HMDB0000625"	NA
"METAB_HMDB0000630"	"METAB_HMDB0000630"	NA
"METAB_HMDB0000634"	"METAB_HMDB0000634"	NA
"METAB_HMDB0000638"	"METAB_HMDB0000638"	NA
"METAB_HMDB0000640"	"METAB_HMDB0000640"	NA
"METAB_HMDB0000646"	"METAB_HMDB0000646"	NA
"METAB_HMDB0000660"	"METAB_HMDB0000660"	NA
"METAB_HMDB0000661"	"METAB_HMDB0000661"	NA
"METAB_HMDB0000663"	"METAB_HMDB0000663"	NA
"METAB_HMDB0000673"	"METAB_HMDB0000673"	NA
"METAB_HMDB0000687"	"METAB_HMDB0000687"	NA
"METAB_HMDB0000694"	"METAB_HMDB0000694"	NA
"METAB_HMDB0000696"	"METAB_HMDB0000696"	NA
"METAB_HMDB0000700"	"METAB_HMDB0000700"	NA
"METAB_HMDB0000714"	"METAB_HMDB0000714"	NA
"METAB_HMDB0000725"	"METAB_HMDB0000725"	NA
"METAB_HMDB0000734"	"METAB_HMDB0000734"	NA
"METAB_HMDB0000742"	"METAB_HMDB0000742"	NA
"METAB_HMDB0000744"	"METAB_HMDB0000744"	NA
"METAB_HMDB0000749"	"METAB_HMDB0000749"	NA
"METAB_HMDB0000754"	"METAB_HMDB0000754"	NA
"METAB_HMDB0000765"	"METAB_HMDB0000765"	NA
"METAB_HMDB0000784"	"METAB_HMDB0000784"	NA
"METAB_HMDB0000788"	"METAB_HMDB0000788"	NA
"METAB_HMDB0000801"	"METAB_HMDB0000801"	NA
"METAB_HMDB0000805"	"METAB_HMDB0000805"	NA
"METAB_HMDB0000806"	"METAB_HMDB0000806"	NA
"METAB_HMDB0000807"	"METAB_HMDB0000807"	NA
"METAB_HMDB0000812"	"METAB_HMDB0000812"	NA
"METAB_HMDB0000826"	"METAB_HMDB0000826"	NA
"METAB_HMDB0000827"	"METAB_HMDB0000827"	NA
"METAB_HMDB0000828"	"METAB_HMDB0000828"	NA
"METAB_HMDB0000847"	"METAB_HMDB0000847"	NA
"METAB_HMDB0000867"	"METAB_HMDB0000867"	NA
"METAB_HMDB0000883"	"METAB_HMDB0000883"	NA
"METAB_HMDB0000902"	"METAB_HMDB0000902"	NA
"METAB_HMDB0000929"	"METAB_HMDB0000929"	NA
"METAB_HMDB0000943"	"METAB_HMDB0000943"	NA
"METAB_HMDB0000965"	"METAB_HMDB0000965"	NA
"METAB_HMDB0000975"	"METAB_HMDB0000975"	NA
"METAB_HMDB0000996"	"METAB_HMDB0000996"	NA
"METAB_HMDB0001051"	"METAB_HMDB0001051"	NA
"METAB_HMDB0001076"	"METAB_HMDB0001076"	NA
"METAB_HMDB0001078"	"METAB_HMDB0001078"	NA
"METAB_HMDB0001138"	"METAB_HMDB0001138"	NA
"METAB_HMDB0001202"	"METAB_HMDB0001202"	NA
"METAB_HMDB0001310"	"METAB_HMDB0001310"	NA
"METAB_HMDB0001311"	"METAB_HMDB0001311"	NA
"METAB_HMDB0001341"	"METAB_HMDB0001341"	NA
"METAB_HMDB0001372"	"METAB_HMDB0001372"	NA
"METAB_HMDB0001392"	"METAB_HMDB0001392"	NA
"METAB_HMDB0001397"	"METAB_HMDB0001397"	NA
"METAB_HMDB0001406"	"METAB_HMDB0001406"	NA
"METAB_HMDB0001409"	"METAB_HMDB0001409"	NA
"METAB_HMDB0001414"	"METAB_HMDB0001414"	NA
"METAB_HMDB0001423"	"METAB_HMDB0001423"	NA
"METAB_HMDB0001473"	"METAB_HMDB0001473"	NA
"METAB_HMDB0001487"	"METAB_HMDB0001487"	NA
"METAB_HMDB0001488"	"METAB_HMDB0001488"	NA
"METAB_HMDB0001548"	"METAB_HMDB0001548"	NA
"METAB_HMDB0001645"	"METAB_HMDB0001645"	NA
"METAB_HMDB0001721"	"METAB_HMDB0001721"	NA
"METAB_HMDB0001844"	"METAB_HMDB0001844"	NA
"METAB_HMDB0001870"	"METAB_HMDB0001870"	NA
"METAB_HMDB0001882"	"METAB_HMDB0001882"	NA
"METAB_HMDB0001906"	"METAB_HMDB0001906"	NA
"METAB_HMDB0002001"	"METAB_HMDB0002001"	NA
"METAB_HMDB0002005"	"METAB_HMDB0002005"	NA
"METAB_HMDB0002092"	"METAB_HMDB0002092"	NA
"METAB_HMDB0002107"	"METAB_HMDB0002107"	NA
"METAB_HMDB0002259"	"METAB_HMDB0002259"	NA
"METAB_HMDB0002322"	"METAB_HMDB0002322"	NA
"METAB_HMDB0002329"	"METAB_HMDB0002329"	NA
"METAB_HMDB0002520"	"METAB_HMDB0002520"	NA
"METAB_HMDB0002541"	"METAB_HMDB0002541"	NA
"METAB_HMDB0002545"	"METAB_HMDB0002545"	NA
"METAB_HMDB0002712"	"METAB_HMDB0002712"	NA
"METAB_HMDB0002931"	"METAB_HMDB0002931"	NA
"METAB_HMDB0003213"	"METAB_HMDB0003213"	NA
"METAB_HMDB0003229"	"METAB_HMDB0003229"	NA
"METAB_HMDB0003339"	"METAB_HMDB0003339"	NA
"METAB_HMDB0003345"	"METAB_HMDB0003345"	NA
"METAB_HMDB0003355"	"METAB_HMDB0003355"	NA
"METAB_HMDB0003405"	"METAB_HMDB0003405"	NA
"METAB_HMDB0003423"	"METAB_HMDB0003423"	NA
"METAB_HMDB0003424"	"METAB_HMDB0003424"	NA
"METAB_HMDB0003466"	"METAB_HMDB0003466"	NA
"METAB_HMDB0004825"	"METAB_HMDB0004825"	NA
"METAB_HMDB0006029"	"METAB_HMDB0006029"	NA
"METAB_HMDB0006483"	"METAB_HMDB0006483"	NA
"METAB_HMDB0006899"	"METAB_HMDB0006899"	NA
"METAB_HMDB0011143"	"METAB_HMDB0011143"	NA
"METAB_HMDB0011628"	"METAB_HMDB0011628"	NA
"METAB_HMDB0011733"	"METAB_HMDB0011733"	NA
"METAB_HMDB0013674"	"METAB_HMDB0013674"	NA
"METAB_HMDB0029942"	"METAB_HMDB0029942"	NA
"METAB_HMDB0031075"	"METAB_HMDB0031075"	NA
"METAB_HMDB0032538"	"METAB_HMDB0032538"	NA
"METAB_HMDB0034252"	"METAB_HMDB0034252"	NA
"METAB_HMDB0059916"	"METAB_HMDB0059916"	NA
"METAB_HMDB0062477"	"METAB_HMDB0062477"	NA
"METAB_HMDB04987"	"METAB_HMDB04987"	NA
"METAB_Sedoheptulose-meto-6TMS"	"METAB_Sedoheptulose-meto-6TMS"	NA
