"","METAB_3-Aminoglutaric acid","METAB_HMDB0000034","METAB_HMDB0000050","METAB_HMDB0000056","METAB_HMDB0000060","METAB_HMDB0000092","METAB_HMDB0000094","METAB_HMDB0000115","METAB_HMDB0000122","METAB_HMDB0000123","METAB_HMDB0000126","METAB_HMDB0000131","METAB_HMDB0000134","METAB_HMDB0000139","METAB_HMDB0000143","METAB_HMDB0000148","METAB_HMDB0000149","METAB_HMDB0000158","METAB_HMDB0000159","METAB_HMDB0000161","METAB_HMDB0000162","METAB_HMDB0000167","METAB_HMDB0000172","METAB_HMDB0000176","METAB_HMDB0000182","METAB_HMDB0000187","METAB_HMDB0000190","METAB_HMDB0000191","METAB_HMDB0000207","METAB_HMDB0000208","METAB_HMDB0000209","METAB_HMDB0000210","METAB_HMDB0000211","METAB_HMDB0000220","METAB_HMDB0000243","METAB_HMDB0000247","METAB_HMDB0000254","METAB_HMDB0000258","METAB_HMDB0000262","METAB_HMDB0000263","METAB_HMDB0000283","METAB_HMDB0000296","METAB_HMDB0000300","METAB_HMDB0000357","METAB_HMDB0000362","METAB_HMDB0000407","METAB_HMDB0000426","METAB_HMDB0000482","METAB_HMDB0000500","METAB_HMDB0000511","METAB_HMDB0000535","METAB_HMDB0000573","METAB_HMDB0000574","METAB_HMDB0000630","METAB_HMDB0000638","METAB_HMDB0000660","METAB_HMDB0000661","METAB_HMDB0000673","METAB_HMDB0000687","METAB_HMDB0000694","METAB_HMDB0000696","METAB_HMDB0000742","METAB_HMDB0000744","METAB_HMDB0000749","METAB_HMDB0000765","METAB_HMDB0000806","METAB_HMDB0000807","METAB_HMDB0000812","METAB_HMDB0000827","METAB_HMDB0000847","METAB_HMDB0000883","METAB_HMDB0000943","METAB_HMDB0000975","METAB_HMDB0001051","METAB_HMDB0001076","METAB_HMDB0001078","METAB_HMDB0001392","METAB_HMDB0001406","METAB_HMDB0001473","METAB_HMDB0001488","METAB_HMDB0001548","METAB_HMDB0001844","METAB_HMDB0001870","METAB_HMDB0002259","METAB_HMDB0002322","METAB_HMDB0002329","METAB_HMDB0002520","METAB_HMDB0002545","METAB_HMDB0003229","METAB_HMDB0003355","METAB_HMDB0003424","METAB_HMDB0013674","METAB_HMDB0029942","METAB_HMDB0032538","METAB_HMDB0034252","METAB_HMDB0059916","METAB_Glutathione-nTMS","METAB_HMDB0000067","METAB_HMDB0000127","METAB_HMDB0000168","METAB_HMDB0000214","METAB_HMDB0000306","METAB_HMDB0000625","METAB_HMDB0000700","METAB_HMDB0000714","METAB_HMDB0000754","METAB_HMDB0000784","METAB_HMDB0000996","METAB_HMDB0001414","METAB_HMDB0002931","METAB_HMDB0004825","METAB_HMDB0062477","METAB_Sedoheptulose-meto-6TMS","METAB_HMDB0000150","METAB_HMDB0000205","METAB_HMDB0000216","METAB_HMDB0000294","METAB_HMDB0000618","METAB_HMDB0000640","METAB_HMDB0000663","METAB_HMDB0000965","METAB_HMDB0031075","METAB_HMDB0000073","METAB_HMDB0000119","METAB_HMDB0000224","METAB_HMDB0000828","METAB_HMDB0000867","METAB_HMDB0001906","METAB_HMDB0011143"
"5448_1_RPMI",-4.89028447637635,5.21057738670122,3.42346594832227,-1.45123667729045,-10.2435793449979,0.923278790085217,-0.452733413373402,0.979551773466515,0.777978884522703,5.57448185412694,4.52400073692525,3.37296256065508,0.847301253351581,6.02381873177253,0.992792076310504,7.76323953483373,-0.103744755277653,-1.19126659971785,1.15218838833276,1.04229993824709,2.76298795254277,5.1716176345583,-0.15997508737145,-3.28089679771091,1.12318658303847,1.37442114576681,4.85779131711678,8.40653327998752,1.01429491470432,-0.927639589628079,-3.82329409736329,0.748070898095172,-2.53122546311584,5.25452085291654,0.934755477388531,7.3854930542849,0.358932706953421,3.42603922456042,1.81567209895755,2.89048620467214,1.01533837827461,2.62037173013286,3.91442399960703,-1.46197758885191,2.16068892790325,-4.31284200743498,-2.72713895780219,0.43959780500817,-2.20746106217424,0.269956177297466,1.41269853330325,0.807186924732889,-1.23706970101746,1.11786770957368,0.652026433177205,-1.33329528976034,-4.06681214473671,-1.07340221670623,1.20582207642371,0.826699213239653,-0.690188429477441,-10.2435793449979,-6.30224611790434,-4.57838652629433,7.39868037942654,1.63253840002693,6.26664416557913,-0.244004908995489,4.46770831792055,1.87539873327394,2.01479895440848,3.05521845289252,-0.257555991567084,-1.70971397233003,-4.48860069141415,-4.22645622745987,-10.2435793449979,4.69754121081261,-2.04783965476575,-0.852141109014163,-0.987733777972078,-3.85229970793049,2.3764297750289,-1.08758961764292,-1.40287533564014,-10.2435793449979,0.693656217433773,-6.93410331884558,0.608992056786967,0.202400651324592,-2.95823919488779,-5.02317666918358,-5.03569697230915,-1.08362337331523,-4.36883518179447,-2.15679301463217,2.62650992412868,-5.66063544687396,-4.02200844244576,5.14405605360643,6.20924652479564,-7.90241503124759,0.383507679034764,-0.604900477386439,-5.71581372908773,-2.9866978665594,-3.23430492572572,-5.46239568797973,5.58255436996661,3.54883361473567,-1.78902472605336,-10.2435793449979,0.836715070934382,-0.107456997303863,-5.72761498132008,-7.20890038047263,-0.99703798900817,-3.29980587472167,0.392187460958215,-3.74303819606986,-6.63858465571587,6.67267045719815,2.22778047124932,-10.2435793449979,-3.14159486377795,-4.29454585922276,-7.13071131709838,-10.2435793449979,-3.02168410282952
"5448_1_SERA",1.70115876039768,4.00339324781828,4.01643751328511,0.691132209379749,-10.0796314427135,1.38719779282935,0.808401784516985,1.43280081671095,1.01715523120373,4.99829122338845,4.33423205251377,3.73384108525574,1.80751504387198,4.93188516851141,1.7843183335842,8.36854770000547,-0.0239759509389401,0.0110405001558682,1.83693186486266,2.17655151526522,0.937284320647404,1.92455838240257,-1.43657428182371,-3.23329967935265,4.89007045033837,-0.332688854939944,3.69288172262739,8.65066871770884,1.36236922999792,-0.418104395003315,-3.50265893109434,-1.91196073158932,-1.65858327548802,5.43692813238044,0.252149686934128,7.82083275446005,0.51067301579949,-0.142055197559884,-0.510247297108149,-0.432692247131815,-0.478982617531823,1.33844400764204,2.36795281529353,-1.02473126246935,-1.06060050601283,-4.35098041715562,-1.60126220710627,0.738763076883824,-2.09060371541532,-0.00965461731658123,1.34699565719994,1.26631327460191,-0.709397518089702,0.666144383429607,0.92649692381227,-1.65825481147937,-3.71278118781971,1.76866328396575,1.86158114113244,1.65225988241238,-1.24239509615735,-10.0796314427135,-5.01195346043976,-4.67240645900165,7.82521936365195,1.52852723319443,3.11722334773778,1.53460593083428,4.44603592688927,1.82972558094401,2.44099547685692,2.48095305086908,0.00965461731658123,-1.7162757132745,-2.51657837494077,1.04917131940516,-6.04318121333605,5.04980042444571,-1.05230017588845,-0.0467906183328424,0.926606370127429,-1.56194884520351,2.51263588250864,-1.27229813357905,-1.42321857764799,-0.381649358862365,0.493297636674647,-5.87900554634954,1.2146307926528,-1.84575444625705,-1.44946817176528,-4.49003684672523,-5.15637376085667,-3.13444294885306,-10.0796314427135,-3.28207871328833,2.67104885031269,0.820267801995275,-2.05841854578868,2.68499667338635,6.45888495745019,0.268420856108612,2.2073623151238,-0.259891687853742,-6.88200243556959,-2.99509055255343,-4.09224342343695,-4.51846525505175,7.13692961453742,3.62737656853539,0.217338640440708,-3.27825400888527,-1.92372658326729,1.20059049518106,-10.0796314427135,-0.504472947968106,-2.52005545401691,-4.20786054719127,-1.27208201891616,-1.45991613133082,-10.0796314427135,6.30641446089164,-0.700151311034183,-10.0796314427135,-4.50053068822596,-3.16461432612629,3.38480723405839,-10.0796314427135,-2.92954342978766
"5448_2_RPMI",-6.95422004135846,4.34880648600374,2.68262383817521,-1.2358200197562,-10.2497655750348,1.29634228955858,-0.184372031568838,0.784003849019641,0.177895059633101,5.73986391388603,4.51012086321104,2.65834616495086,0.887951972855628,6.51504019464694,0.648561896414094,7.95067590828668,-1.01076782328099,-4.1973251713452,1.13881159797651,0.263385723213961,0.886662190066815,4.14256220382158,-1.14621372214027,-3.92868494925132,0.000604386790076461,0.417530554264733,3.51661811629135,8.44439748092318,0.461612683981976,-0.965123882453884,-4.19033944580642,0.453783858101122,-3.4662069660366,4.54432757280324,0.977143589575093,-0.000604386790076461,-0.530215962058429,-0.393904186813039,1.55471468930387,2.83804318783845,0.0483431357924644,2.36042166434325,3.74052105503192,-1.50511230859368,2.03566961676594,-4.94757903293869,-3.51938092464213,0.621152472892138,-2.50843433123979,0.092823711244133,1.38880093161242,0.431608456368533,-0.989927542674764,1.08073402247797,0.289764091274634,-1.90683647134862,-4.79275661866435,-0.744646747077754,1.3538949943808,1.29427502877785,-0.276227105128729,-10.2497655750348,-6.74527315108696,-5.14785157748691,0.0895538837732168,0.277875420977534,6.04267102825024,0.206023628730833,3.84044399964274,1.69310558463371,2.49727420029479,3.61356777303173,-0.367994626020419,-2.02227076911298,-6.7548135670238,-3.96079718914589,-4.61777068227683,4.08171453444329,2.93751490906726,-1.90600602929336,-0.610368158091635,-3.68583354237468,2.33593899807564,-1.9880492490382,-1.3344877201574,-0.531686728174435,0.408931150287483,-6.42025251603069,0.27656297912846,-2.73237361174246,-3.5533347700525,-4.95348064010837,0.0623635912323586,-3.88291532014101,-10.2497655750348,-10.2497655750348,2.71624986120316,-7.45351904311026,-6.63367317686946,4.47871532616433,6.16675491266629,-3.72883713991804,0.917168363696959,-0.923411498894666,-6.17488778222545,-3.14665382312928,-4.32507261362909,-4.55772938551977,6.49160517329718,3.76972312415634,-1.92629515370513,-1.77405934240637,0.656847630138433,0.293506341280239,-10.2497655750348,-4.11647679591214,-2.93639553131672,-10.2497655750348,0.216177399039037,-3.22926098716637,-10.2497655750348,6.4274246415498,1.75884869500493,-10.2497655750348,-3.41085778943866,-2.34202800785112,2.14344309879677,-5.30434137878458,-2.80865958831535
"5448_2_SERA",-3.18779986943638,2.67404386895114,3.48893995654229,0.67110582261323,-9.20150192397718,1.71240652885705,0.610158313562144,1.81628269643036,0.603604539843141,5.28187048207572,2.98054033281181,3.54934413987187,1.92063553779032,4.03267153631861,0.661405811512969,9.0389751360184,0.0915298941000007,-0.374633565198435,1.47715728967272,1.6723395505551,-0.689643164335859,1.01634195307577,-2.16261975080882,-3.31361687483112,4.6898925150255,-1.32754177811955,4.17707388671056,9.34884456995884,0.919814285322166,-0.685140863127923,-3.22084476006509,-1.77416798518804,-2.15381071693195,5.36049673573238,0.0554586855922974,1.15934516020248,0.479925172505064,-0.451711218378895,-0.777688025974969,-3.62442799623618,-0.32554131436971,1.30111632841624,3.58407534176536,-0.274559246190972,-3.51396771197855,-3.74935053125604,-1.32342014276788,-0.0554586855922974,-3.27521588042983,0.495033907397673,1.46436452620039,0.910185176641066,-1.53397360558116,0.70562062995412,1.07711123901148,-2.32546985012638,-3.50647220198439,0.310051760240512,1.35420024499534,0.967927099419343,-1.58210663982124,-9.20150192397718,-4.0529826881693,-4.87425824931999,1.11828383706037,1.45418486354751,0.950519134963821,1.31694000931867,4.5338560348538,1.59226502419698,2.39002983524955,-2.08926360366392,-0.58405294864944,-1.14895210778366,0.453585914438627,2.97831261231835,-9.20150192397718,4.26055338078976,-1.80491727195186,-2.7636870248648,0.272975362921529,-2.34878914438787,3.11764165292973,-1.34816096615726,-0.196235333242067,0.561264688501204,-0.245491282970692,-5.32010189956149,0.530853333704433,-2.02976259191525,-1.72050169056494,-4.10523780653397,-2.49687872661247,-3.69551724052635,-4.70513738091276,-4.08947356728631,1.55033976879566,1.14717425261561,-1.9991972834858,3.32069943118104,6.12146850870023,0.414257301089195,1.94537423607721,0.0593465870300811,-5.56814093503515,-2.75588985850583,-3.58995718748747,-6.01021909293535,7.56350382111588,3.79509359817231,0.325227051508612,-1.58773099666974,-1.62966021933388,1.54146303856688,-9.20150192397718,-0.377023652936561,-1.49627544772141,-4.79816098975601,-1.16206760757391,-1.24383501716738,-9.20150192397718,7.47973768558409,-0.149955366461329,-9.20150192397718,-4.22683711189279,-0.109152712321386,0.110909007510845,-3.36250956004066,-1.86171169095444
"5448_3_RPMI",-0.0815238023323452,4.64054095949396,1.3246631325832,-1.19960894084618,-9.92270290858047,1.70215693243523,-0.510850726836146,0.802102763942045,-0.628053980729973,6.26604758856134,4.39120112612662,3.21729580459388,0.712637842439591,5.38434767807829,-0.696290715791683,8.12065383981404,-0.562305045313062,0.0255173137372893,2.60529060271942,1.28517537074671,3.85199779607959,6.15756705171127,0.664999108563272,-3.41341941887823,0.718518442290367,4.10500309398048,4.66923471301743,8.78039993802171,0.156253804023134,-0.82971524995766,-0.701667325860097,1.49465053062637,-1.85210467245616,5.18551372928087,1.2933796667956,4.75906353714685,0.54014243155277,0.0684479485763774,1.51285898798728,2.62574567697448,0.749799559222623,1.64589406066863,3.4635022833553,-0.432451005376072,1.87858499967924,-1.86077452376796,-2.97108570104192,-0.415879506970265,-1.81049958008231,-0.0255173137372857,1.56768025167435,0.0751490757777802,-1.54216194496311,1.14287587237034,0.644123735713453,-0.460369264290586,-4.57320273566213,1.47651765815268,2.42583031985038,1.11887815612858,0.659590650509429,-9.92270290858047,-6.59401292298421,-5.29363972794881,4.77251406810807,1.25281315263269,5.85097651601614,0.859069353213883,4.45806910031259,0.947128967285732,3.39980658749796,4.13549714128944,-0.503336525493397,-1.27669396570255,-2.76082013372616,-4.18781155514021,-9.92270290858047,4.558950516205,-0.896761104576126,-2.69227136711629,-1.28634870543823,-4.99562098315664,2.72114874250725,-1.49410385465292,-2.04833006890433,-0.191691472650433,0.661357878152845,-9.92270290858047,-0.256210799449425,-2.67089487170929,-3.20864183159996,-5.39074584567536,-4.55385957582754,-2.03297948466981,-9.92270290858047,-7.1236712502294,0.832683201866029,-7.37203358541319,-3.24015600462828,5.54879394384517,7.01848128262652,1.94065447797689,0.0589601418258674,-0.460536921336136,-4.7085468023267,-2.85365419457333,-2.77520770809836,-4.08947319697105,6.02415232206866,4.88285264255152,-1.82753601880677,-9.92270290858047,2.25161748964832,0.0698743071743095,-1.78037308489926,-9.92270290858047,-0.324550463317754,-2.43791379879294,2.13831256517575,-9.92270290858047,-9.92270290858047,5.43996011487846,1.94560436143154,-9.92270290858047,-3.72256956516505,-9.92270290858047,1.57300124017256,-0.30933985917822,-4.40822051220391
"5448_3_SERA",1.49349884827427,0.84999842575259,2.24113231380929,0.78714336683124,-9.29089995289873,2.34844379102212,0.188975234645287,1.18792394736136,0.45245573363511,5.51424641398744,4.36340492797934,3.78056353448518,1.63234277061246,4.47963160991114,1.05553197480817,8.8665291493066,0.133491820878017,0.000865638769381505,1.22884842282849,1.80397036519983,1.42763292317049,1.87833147242746,-1.90823966267076,-2.97297143518122,4.01458897003179,-0.302577452971878,4.483071018862,9.27546992704827,1.74555488630979,-0.551040073233835,-3.02637863516885,-2.62503946268241,-2.37411875811821,5.67061013457132,-0.00414839892172125,-0.106107795524821,0.817001671348264,0.2100822461682,-1.28279098330539,-2.21796257065882,-1.49008689430999,-0.180114506618763,2.55997121238449,-0.0534734152272342,-2.16320851277251,-3.61014515834483,-1.90002410085572,1.48858255218179,-1.41892238234702,1.07158082099306,2.05304957725247,1.58320980810926,-1.43957012896713,0.693365565641257,1.34571858564903,-2.48375401123447,-3.37676568496358,0.294528947855438,1.49023418435568,1.81530286713981,-1.4910424941191,-9.29089995289873,-5.1410164663595,-9.29089995289873,-0.000865638769381505,1.81301708188435,2.28242635435146,1.58546762795863,4.73044513097359,2.7326055726698,2.2032408405037,3.35189833669261,0.0170877759675356,-0.82173619524721,-1.61241335737282,-3.18382903209648,-9.29089995289873,3.92911208892087,-1.81014143446889,-1.07391001828255,0.0189367444756989,-0.807003039504972,3.27657606280786,-1.30149116510155,-0.245607546331978,0.455434007405218,0.530702836293292,-9.29089995289873,1.57336410690251,-2.07355211420995,-0.871604275946261,-4.32302575902099,-3.24196513774997,-3.49971520781163,-9.29089995289873,-9.29089995289873,0.189517534949903,1.5380085826395,-2.287499952538,1.47957548719514,5.42304619696553,0.69325084980453,1.54425496821641,0.22399278324349,-7.70593745217757,-2.43601065722623,-4.61562961879862,-9.29089995289873,6.88543964409646,4.41342948975118,0.151556552580855,-3.15457972176294,-3.61127816497967,0.922122693105502,-3.77684125550932,-1.43137558906939,-1.27386737723314,-2.33756283126791,-0.696312329150176,-2.24584581292294,-2.0783750059903,6.1318608849936,-0.571384793849688,-9.29089995289873,-3.70130535691047,-9.29089995289873,-0.398504851857638,0.549286550737898,-2.77970448303621
"5448_4_RPMI",-0.0735923415107429,4.37911244000471,2.81689660642308,-1.65594498558999,-10.1032501435437,0.972798717197925,-1.1662368088464,0.730059173085511,0.198986917460953,4.51764042786879,4.85014954283599,1.48309536106207,1.58385835049239,6.29943881768067,0.189959166241035,8.04089830986697,-1.34990998401454,-0.122180960363053,0.659354848969915,1.94652761218206,3.20632825843409,3.48361246551481,-1.53143388437932,-2.89739950526313,2.34732281845951,0.33950553263691,3.57965977452557,8.59477458511543,0.949039804403032,-0.656430505629872,-5.3927903809813,0.811069768110755,-4.74239569625199,5.18987548740935,1.73967755470812,1.25723978458485,-0.413334229687111,-0.671661396095439,1.9033512744065,3.3379385465732,1.70147914179516,2.9045590875158,3.79857915112806,-1.74655446922116,2.66296885787641,-4.23877313714145,-3.66677614302453,1.05538072237416,-3.59014522408363,-0.144619580829698,2.02950618231333,0.839426711940206,-0.599757864090806,1.33494514824153,0.306959302610906,-2.83172276914227,-4.46735554563824,0.0735923415107393,0.0917132344288305,1.78445860495292,-1.03866107772726,-10.1032501435437,-6.51425889113749,-10.1032501435437,1.3415806255159,1.19608466413823,6.70772636077636,0.351752910499961,4.50638761978578,2.05322111465804,0.910690729415943,3.4195181474928,-0.187260512515465,-1.4788165243826,-10.1032501435437,-3.58417141072774,-10.1032501435437,4.67850871228644,-0.729110839684787,-1.79161610352534,0.0623991839560309,-5.05651065477477,2.33299501151812,-1.5021648956429,-1.9108745748904,-10.1032501435437,1.03363347655419,-5.48514412452226,0.838294800371298,-2.42282571735366,-3.36649636998732,-5.76830951143186,1.70352381859664,-3.0960817389902,-10.1032501435437,-6.35447195819316,3.22480255166359,-7.34085138210285,-4.01906599407953,5.78593748920798,7.60451941103813,-1.53893438477529,0.24227417610242,-0.682442111198096,-6.33302416416113,-3.10908657245348,-4.6230631084174,-3.81623507371316,5.6177434614247,4.05586190189887,-1.77543379741882,-3.44484694052041,0.0970724959071099,0.137133024794672,-10.1032501435437,-3.06245477663056,-0.930352849215481,-2.2091241544235,0.715508946158746,-3.41018422647955,-10.1032501435437,5.69873161208537,2.73053273215554,-10.1032501435437,-1.11916626262453,-0.359759844652917,1.54532761597691,-2.86202676375013,-3.35222287745068
"5448_4_SERA",-2.96270541079797,3.21672466786963,3.44072461861134,0.865702307239193,-9.57355685339549,3.50967146519644,0.34259312941894,1.43074374837473,0.347102189980465,4.56863213880984,4.37384658218016,3.8929311161769,1.83969834995943,4.06997629749824,0.686336457813546,8.82434477979857,0.234673120063665,-1.74589978137503,0.662593818607615,1.69299782268357,-0.350057203036227,0.486005379566716,-2.94205016579291,-3.39545184235515,3.47775360892572,-0.321256545657002,4.48291663597256,8.97999973827798,1.48555618850859,-0.532926951082647,-5.0508371011224,-1.52509740889069,-2.63798636209666,5.55283336892627,-0.283336945838606,5.73543801245622,1.38450435408742,0.561532618493526,-0.563775193712301,-2.58289127958509,-0.937637915449692,0.257431501695624,3.15482167819721,-0.85951883315872,-3.21541457216802,-4.54094711682179,-1.38111508481372,0.881156458519328,-4.3116827989239,0.611709397288593,1.62510654319296,1.38963503018657,-1.011544983716,1.1436767738083,1.30059417802707,-2.31339379713279,-4.55044442355521,0.442475502775697,0.852320830172587,1.81767592156433,-1.24978420836754,-9.57355685339549,-3.68698051965011,-9.57355685339549,5.72641581392605,1.84923815105236,1.21719616386191,2.05487951187008,4.58127877326204,2.22152671221501,1.85128930642212,3.38345873453136,0.0347786022814205,-1.4767621187699,-1.05255914185775,-2.68408286103004,-9.57355685339549,4.10330910873951,2.71794598547833,0.058279390807467,0.109658483938405,-1.24592132633513,2.97774656932035,-1.42684723920931,-0.500170069844618,-0.00879354312551861,0.843198175338582,-5.86797910737113,1.36292793562717,-1.46590970289741,-1.50634810480487,-5.36279563250438,-0.937637915449692,-1.92520530411934,-9.57355685339549,-3.94195251154433,1.17132776564241,1.49213034821883,-2.33964769520376,1.31119245141095,5.1843207653305,-0.0326422028615436,2.17592735857167,-0.018440195087658,-3.91333357737247,-7.13630051057987,-3.96518418368515,-9.57355685339549,7.55067093995914,4.41909936517348,0.663107510287361,-6.53415933996772,-2.96687218523325,1.40176699044038,-9.57355685339549,-1.17350840489507,-2.24733852695743,-6.0420183876327,-0.197540751746795,-1.50159065600606,-9.57355685339549,6.1982432970046,0.00879354312552038,-9.57355685339549,-2.0036502853485,-9.57355685339549,-0.325358637077562,0.174827382091822,-2.24504757739312
"5448_5_RPMI",-3.60406933150714,5.05360327609126,0.450677913794614,-1.33117048637394,-10.5764998553457,0.974295341810578,0.0503667481851977,0.669439621200279,-0.0428299418486162,5.18037912336311,4.59857108900707,2.57621353209037,1.28673278658116,6.18460938071963,-0.0657887796565007,7.79315297977284,-0.838827156880491,1.21167376715095,1.75964159817163,1.63313954327407,4.10174615495844,5.65714181097451,-0.555314911397247,-3.52107182543109,2.5479977328376,4.09645749682296,3.63476630949141,8.28893155523124,0.435651259179121,-0.491700383330404,-4.87960232490853,1.78393299326107,-3.41176162349844,4.46305090178788,1.17269748708061,4.56950733230329,-0.363656687581557,-0.73980343759353,1.52355609663447,3.39010660379046,1.17356354672136,4.00344760166368,3.59403280197455,-1.72129690985978,2.45756627119241,-4.65691661054964,-4.06148801016104,0.183349239907582,-3.84648000552157,-0.483982137185599,1.08989991167533,0.347560363641133,-0.467019742004869,0.928382437100613,0.0999128231250417,-2.4865403521372,-4.55502609008857,-0.977598042441208,1.06192087268495,2.40422079594784,0.435876272296948,-10.5764998553457,-6.24925618068847,-6.19901270813316,4.58356322526968,0.540781522520437,6.42063869399424,1.01033678485037,3.45734172959751,1.14679744783226,1.84108544545406,4.198241954911,0.0109504693108455,-2.06490637502269,-10.5764998553457,-6.86831007152089,-10.5764998553457,4.46288126895496,3.03133903947708,-1.65095039363856,-0.288908972405178,-4.97489107438873,1.92534233774643,-2.42835601476514,-3.21429123463477,-1.11573475635513,1.14750746515137,-4.81340728124774,0.387962159975832,-3.86077966045063,-4.04046782275001,-5.52508103536031,1.17356354672136,-3.736070417743,-4.66429367996731,-6.84657122007861,3.36059805338531,-7.64719179362954,-4.98610119354816,7.74281202062356,7.18217134906367,-1.73833234181232,0.389018135522626,-0.912034673464976,-4.33482856277771,-3.42600287661131,-4.52990684051368,-4.03442881910161,5.35710679909817,4.48402806174228,-0.930043833056363,-10.5764998553457,0.175555197374155,-0.244268017298154,-10.5764998553457,-4.02841498889205,-1.85551539296603,-6.72085791464736,-0.044209309776253,-3.93681316719664,-10.5764998553457,5.9883790165408,2.8190225992303,-10.5764998553457,-1.21415882937724,0.499217075011259,1.60132306445549,-0.812507749693424,-3.25911759461812
"5448_5_SERA",1.9122754563899,2.69032043354263,3.28283013601681,0.575546439208242,-9.75799165751246,3.38781977226629,0.059989928799439,1.38623457089775,0.336677812997804,5.35816229362322,4.45061863715703,3.33187756834878,1.84753447011586,3.33305207064378,0.393007849586986,8.68948044148297,-0.00749261031799264,-0.864252392610359,1.03102221071743,1.81758883143299,1.2046860380881,1.46936180847809,-1.74777804476864,-3.2463716470625,4.69099551696821,0.00742516734851328,4.50405045738855,8.838358248262,1.57019755637453,-0.388167452254319,-4.39478294233393,-1.66850118491162,-2.84185169616254,5.61298664340364,-0.302099044878309,8.08741851209922,1.24223053157892,0.726317627334865,-0.437138116938405,-2.87362647659137,-0.652364338361915,1.15062764330191,2.99091453838508,-0.783192128328507,-3.3110471559816,-3.40789790505853,-1.79247850880452,1.23975142150881,-4.37515731443718,0.479859918098732,2.02018196312886,1.405130321906,-1.16480736058923,1.00707468335238,0.933664048976866,-3.49171964299602,-2.86626910832954,0.844346013748936,1.21140452216861,1.94183986572273,-1.12934428496044,-9.75799165751246,-3.62608291966675,-9.75799165751246,8.10708616114444,1.70025322729142,1.21836102075588,2.31697366174277,4.59650596088927,2.11626512395895,2.30536496466766,3.37766706345009,0.511550823465178,-0.987610453062132,-1.84197154698865,-3.38341892897297,-9.75799165751246,3.82295214421536,2.80874726283318,-9.75799165751246,0.168008619296689,-2.01720351189782,2.7364965081877,-1.14147981745791,-1.58830201422317,-0.212949455598045,0.98664467923313,-6.4744921637332,1.15420949342606,-1.96842519082375,-1.64620829700821,-4.89334847072174,-3.7090568423637,-2.43249754529127,-3.85643629926681,-9.75799165751246,1.54961030512127,1.81564599991291,-4.74924345377314,3.08853336733733,6.19022871794774,0.41769602877703,1.26095062558736,-0.0074251673485115,-6.46441971517113,-2.85976057626952,-2.9290990912654,-9.75799165751246,7.08786694964594,3.72405235546801,0.664644630923387,-2.45378200082373,-3.33454433728953,0.991174744594758,-9.75799165751246,-5.06839229512544,-1.27983962574342,-2.4203547903471,-1.04996092819993,-1.82064252523439,-1.57731484803561,7.31255023208461,-0.528446960941936,-9.75799165751246,-0.836150720437974,-9.75799165751246,-0.535918059630934,-0.00990014014844753,-2.3718542938017
"5448_6_RPMI",-4.19799640697879,4.77228379552903,3.03331959250295,-1.15589774560799,-9.976183811537,1.20621470817693,-0.08103045379519,1.41618764213317,0.441640334303504,5.6798669980353,4.35619963945578,3.35884583929712,1.83944931671835,6.89677853016174,1.10069902364871,8.1199922308247,-0.571456556815614,-1.2989489683128,1.3910733428233,1.22752139021504,1.55102749123583,4.94006481635349,-1.44991434533896,-3.4468449756234,1.12104853539379,0.440160330211008,3.86490886511397,8.73171552226898,0.517060475640694,-0.686335114713676,-4.72596489103482,1.37775116871569,-2.73150870071237,5.12201307903411,1.06736192127347,3.75589893942454,0.659363896166937,-0.326879403109579,1.8313791183519,2.8713557400286,1.73658263533482,4.46035263477776,3.95219234939992,-1.32044300566388,2.03581024178636,-4.11736835803642,-3.18981549796208,1.11287558330334,-3.3156733653493,1.04022721395469,1.56595540952862,0.392974351481033,-0.200369179517294,1.38576364096142,0.877968138553445,-1.27470770881943,-3.61238712918203,-0.634318026515174,1.10649659852142,1.90518938730415,-0.534729632026202,-9.976183811537,-6.01357889319036,-9.976183811537,3.76505622302064,1.27240842553468,6.04644771541961,0.865158902976173,4.22486029127938,2.6127430064611,2.02992807776571,3.27840790920941,-0.218709900649509,-1.73800351887333,-4.03926396598788,-2.83021400127724,-9.976183811537,4.99526179281007,-1.55616185095891,-3.32913592426172,-0.273962623186606,-3.99644692941726,2.71733968881568,-1.93138631036664,-1.28337525746482,-0.102873897930046,0.64182592070701,-6.37398029930902,0.409570036623204,-2.95344364206284,-3.0714734288139,-4.30908417912621,-4.4519905251333,-1.96109622442471,-1.34514107190571,-4.33329619852971,3.71713430596224,-6.83890036177741,-4.16554748436847,6.02519117262086,6.40770176761209,-1.72981781171468,0.793792663991812,-0.109433871478842,-4.90101877232734,-2.20786624726539,-3.30575330747074,-4.73157254666378,5.51165811866915,4.28970502913198,-0.832706429367155,-2.0939100579683,0.523013308042081,0.0659988726801828,-9.976183811537,-3.85814858228462,-2.80834474811194,-2.76875996754911,0.559150285353379,-4.05692052572232,-4.28377309059702,6.86799378322963,2.99673455427042,-9.976183811537,-2.25416714050001,-9.976183811537,1.76772153723968,0.0949815659345958,-2.24785236526831
"5448_6_SERA",-3.74371098164635,1.43906481574815,3.50098538325563,0.245632968078061,-8.93949190265845,2.49708340715755,0.132672181713103,1.92539532687904,0.325383787193185,5.76995806674448,2.43835549484011,4.13112321589199,1.81643183933635,3.54012731612189,0.436873890260765,9.14159929577598,0.483348949831191,0.440191736704691,1.58408978665434,2.46162026766429,-2.4327616678798,2.12260405070692,-2.78593137008245,-4.06029929578852,4.61574139417142,-1.87926748142804,4.83703428098377,9.58499293653402,1.22327957955759,-0.899248158229781,-5.65384143548777,-2.5943918251851,-2.51401547515182,6.16754712609093,0.00901252406127817,3.76072231857234,0.0273957669012113,0.914131646153503,-1.41893254439292,-3.76553814953108,-1.14773900393013,0.616190967551994,3.0505953999378,0.213303351126006,-4.99438198481944,-3.86317844942525,-0.881772696735144,-0.165301834048028,-3.14551225166585,0.203711518644957,1.85843613977606,1.2955504988654,-2.04907459080822,0.626447167009042,1.32407664472606,-1.57444714411666,-3.70667664589043,1.49329519259204,2.00314559689225,0.236354832546466,-1.69137329956039,-8.93949190265845,-5.66780954638032,-8.93949190265845,3.79816803696812,1.99284672471128,0.826658993643507,0.811142027322308,5.28260753470512,1.50033898132294,3.4682659646678,2.32522225480444,-0.356169301344552,-0.246917354789479,-0.505155973876482,-1.34930452748118,-8.93949190265845,4.30183246961274,-2.18250400751999,-6.18855453250843,-1.57673118435478,-4.67635664079743,3.42498982663024,-0.911808509860171,-0.830441318074268,0.767809318469162,0.1308001645288,-5.61906616130779,0.177828702624506,-1.25539049718126,-1.81540529560888,-4.73922687241524,-2.33459668557568,-2.09602396738597,-8.93949190265845,-2.44667087939486,-1.16806890505796,0.83355877547489,-2.49254740112759,2.66558049450732,6.18369344348674,0.0868365766806427,1.40515402302627,0.445849371566617,-2.68229392573444,-2.19820590923721,-2.93450797345695,-8.93949190265845,7.0030931718918,3.44515605406248,-0.00901252406127817,-3.55156132902706,-2.73331337168779,1.22785046496276,-8.93949190265845,-3.25685073879699,-2.78212801027258,-5.00447521385532,-0.221493531577261,-1.23575087462775,-1.91481702735158,7.2034633304708,0.0108535959082463,-8.93949190265845,-3.52271562433189,-8.93949190265845,-0.074454114145329,0.446949306645003,-1.76587344947005
"HKU419_1_RPMI",0.306208684564705,6.38590354690915,3.02388031917454,-0.639489705793064,-13.191058846033,1.11834645133797,-0.0763832598008065,0.827090991708022,-0.0506584592353541,6.40162264588617,4.97873921657116,3.72426590061496,1.69735146409228,6.42560249609613,-0.336385224169071,7.9076227635791,-0.705745899147983,1.17588520946248,2.26598952518276,2.13045950265378,4.49920087681197,7.07288890281582,1.13016834526811,-3.12093790155619,2.74795120608352,1.97931717427518,4.60419682750337,8.66418042811101,1.4268767703123,-0.729458236838052,-2.82249494896821,2.71265827759617,-2.63601568965548,5.12075410958428,2.0209154768995,1.68459705309334,0.558783021824347,-0.77150055047238,2.41828242798768,3.67008865575973,2.34391429586821,3.35448597737371,5.03683685523406,-0.970441860423982,3.05754660567906,-2.46587199992568,-2.4033710405146,0.00103114617414945,-3.72441884760293,0.0620655244535762,1.0536922619427,1.37842517551594,-0.00103114617414945,1.34038995065159,0.440794299567454,0.00314663235133672,-4.4769941285477,0.794694164718823,2.4584706417908,0.819271412631206,0.276017071699837,-13.191058846033,-7.43757816508379,-4.14652092452732,-2.43718235793997,0.921865010268952,6.97758666486613,1.5133652956216,4.25025025667943,1.59998352008856,2.82803459462817,-2.33418287829536,-0.781709784391579,-1.60246748084351,-3.32023425332823,-2.83323966602807,-3.30127472046105,5.84947436489181,-0.188224913273437,-1.20812154564615,-1.02507313969099,-4.14221351177076,2.4145379392355,-1.61574352937506,-4.78905660243998,-1.20523562989027,1.58321617140287,-7.78044458812834,0.938202984562771,-1.5205190606919,-3.94125924221787,-5.1286576008598,-3.3662675492188,-3.86025987850984,-0.0445822822421142,-1.4467339620246,3.41035688679455,-9.65108380008516,-2.86102653233995,7.61292282726858,7.90362301875466,-0.984928092154817,-3.23418599164178,-0.590155616296661,-13.191058846033,-6.26468481500896,-3.8548459406928,-2.43103929972974,5.98652371398135,4.18907954251535,-0.963965460441905,-6.3181005166888,1.9345691637549,0.667643030102415,-4.70406509177133,-4.40607968184834,-0.681687511147228,-3.59948729011492,2.41865300207713,-2.87430096113841,-0.348553422478354,6.26527519701146,3.21066190062215,-13.191058846033,-2.00974309430197,-1.27771667104776,2.53489454913182,-0.997160685642738,-3.2164178386537
"HKU419_1_SERA",1.25133252411724,4.04694180990862,4.34078324204684,0.57486037072147,-13.2444206176429,0.623635314431827,0.276501704540269,1.26082617143235,0.740503867521308,5.63661675167349,4.03939169304342,3.65728302384972,2.11644270650857,4.60117034053381,1.3806423042117,8.23619104277164,-0.669565711086523,1.34172473523056,2.55178847078067,2.05715266482136,1.99598041554441,3.08547251206155,-0.725418127037244,-3.1135791389096,5.40442531256896,0.312255591800515,3.38442583858398,8.57265156153616,1.09346898488853,-0.477575726397053,-3.86561241816432,-1.69243415350139,-1.92127694749072,5.30858829347611,0.414665736419462,5.39559180924601,0.315993928422102,-0.732238963711561,-0.695129917072528,-2.11347755855111,-0.211695150101143,1.34655723850272,2.8708551640905,-1.10616566125093,-2.79510903872609,-5.02959026542616,-0.681814150695363,0.463908900885198,-3.65403054957432,0.108210909075876,1.28523789225709,0.995087626506955,-0.704738852934392,0.410056426816411,0.771631640210831,-2.08352699143274,-4.53035590015763,1.99932688723827,2.0542731908185,1.52660995477082,-1.16102877144025,-13.2444206176429,-4.38137552330363,-4.91893762557895,-4.39546829478275,1.4246363445389,1.71169996050828,1.93136486542885,4.42910022646908,1.7329840636028,2.81490716416976,-2.18340478609653,-0.0200142659656741,-1.66106563185454,0.512818954336661,0.387205187464724,-4.33927116497984,5.00105659118957,-1.55724130374547,-0.367449366378047,0.952901132920712,-1.04318336125899,2.22846558056168,-1.41998520326185,-2.74305480757441,-0.612441861921736,1.04628414690511,-7.40069824158505,0.953866898114008,-2.05112222598747,-2.32999614337215,-6.03959210205403,-2.80142257446483,-3.76049879494949,-3.48033473721449,-3.57115804088198,2.77069521781739,0.0200142659656741,-1.99110182591521,4.71540470946011,7.18582155359843,0.485373398105725,-13.2444206176429,-0.455004949882909,-5.54800209694869,-3.46937354271424,-4.89919047298353,-3.6465640825782,6.93378920684199,3.03562228105842,0.305243740498661,-2.53628966310584,-2.19403491831057,1.41359409278326,-13.2444206176429,-0.717239444810142,-1.78420724770078,-1.43602794542127,-1.4601086454482,-1.29899603375605,-1.86786678568227,5.96071434621152,-1.11858234781115,-13.2444206176429,-4.89779025122279,-13.2444206176429,3.654477190645,-1.02651073626263,-5.1911377597881
"HKU419_2_RPMI",0.398832920429168,5.63096698451508,2.83260205343991,-1.34617762620844,-14.0663206091777,1.69836141355142,0.166546022155302,0.801986677872701,-0.334437211799608,5.82562895010144,4.66684928128563,3.7075367154952,1.66493002620815,6.48817451449577,-7.31918765558855,7.41245948087189,-0.505591829880387,0.305853545311027,1.58738629226287,-0.450503454851017,-5.47366687206052,4.25197202579879,-3.14412745640971,-3.7371143785572,1.85506403181538,0.405685429977719,4.53036934456113,7.74441040570806,0.042637945731304,-6.69632156582252,-3.04428138253746,1.91267790300989,-3.15095224585157,4.72421260595833,1.44071927919529,3.17193729253186,-0.031707143751369,0.698286397749282,1.87537980663902,3.26918314950723,0.735730676066364,5.3162504271353,3.83053799670987,-1.78544302643659,2.63148360561631,-5.71363827017457,-2.50626437250419,0.636111272212958,-3.7320473238705,1.17571152510381,0.876692977217584,0.031707143751369,-0.0769681280130641,0.632803743223501,1.35518196478334,-0.701750706150094,-4.21580474592107,-0.598306235458047,1.48870519791168,0.690726659640738,-0.306000067585611,-14.0663206091777,-6.96828852621716,-4.44340181440941,-1.26334728302465,1.2288082489859,6.51704196434626,1.00227428019166,3.94705687876689,2.19815575076733,2.44219825406424,-2.24998953670955,0.155842718251609,-14.0663206091777,-8.66699944548202,-2.67902057779748,-4.70403068555294,5.60351373248812,-1.31074199590507,-1.99138694529802,-0.901496559850889,-2.97068068214321,2.18828361957489,-1.86996114681308,-14.0663206091777,0.511154805547349,1.45232122404105,-8.0535413550595,0.0833471345166323,-3.86645457500212,-2.23307679179719,-5.15705910910642,-3.72278421433068,-1.86285990508148,-6.76783592750192,-3.87461200003618,4.43452925356055,-7.84766178490203,-2.58295561196939,7.40767480871918,6.2600350131287,-1.41525711280484,-14.0663206091777,-0.472579360176031,-14.0663206091777,-2.75054537504708,-3.38911097494802,-2.39224451969681,5.99388526888673,3.91369356591695,-3.70709122013948,-1.87813847952378,1.27664771530529,0.816450628914783,-5.94383315374157,-2.38746568949639,-4.77958047802887,-4.39175663216273,1.23702267164425,-2.6551720408147,-0.53882431175289,6.3702303690576,2.27716191078278,-14.0663206091777,1.04239942282671,-14.0663206091777,2.76938117466359,-0.420265274573836,-2.50420373823377
"HKU419_2_SERA",1.80122819941079,4.4968231336058,5.17513528736242,1.13400512911215,-12.9514192825308,1.23901055209947,0.59724421578376,1.40670773512731,0.372671682526995,5.8913870458653,4.03921363505742,3.08853576646771,2.09773739180975,4.28614400732342,0.8831609197916,8.61589930422508,-0.256545960945932,1.87083967640381,2.79380859398487,2.19707611510464,3.29556443974204,2.99913301746265,-0.472317136042246,-2.56970558136586,5.47687136457401,0.942256466934374,3.73188775078319,8.82170719123031,1.18939787780432,-0.0240799021613682,-3.84275727557466,-1.38188841703989,-2.77616521475095,5.01320628773418,0.495616349839917,1.05291670271082,0.824250555220814,0.779748994619172,-0.0725314315030801,-1.93303606007945,-0.992504126439478,1.69421841317979,3.70037226002969,-1.245764161421,-2.25770308202006,-4.18062500400424,-1.06478009577734,0.696754964555002,-3.67296982431035,0.272844254762127,1.39595804207135,1.05662686776639,-0.309141904026969,0.768087754036102,0.777770985182631,-2.56664887047045,-3.76458827300765,0.232664892251847,2.04530273628168,1.8968046956662,-0.789740399874894,-12.9514192825308,-3.53278990195546,-4.52052661645039,-1.4999098999275,1.30723585168482,1.81227085257013,1.95621510980795,3.89795430863364,2.06336975090733,2.67129636163888,-1.63219283674134,-0.381576162957543,-1.20749283523073,0.134320878619212,-2.12146321277493,-5.26160517589732,5.06447341385751,-2.13293146008363,0.790984344319916,0.441784773572036,-1.65785688198381,2.62597382802432,-1.98165410107065,-1.15544373416542,-0.60591190275926,0.707984008053256,-7.28373879792598,1.00482789653388,-1.72067196073351,-1.86769503625418,-4.34623221253413,-5.46083226354515,-2.87439278056903,-12.9514192825308,-3.90114099717651,2.39309746640145,0.970465686208158,-1.83640986691324,5.65187705928105,7.16413344374107,0.823210661764534,-12.9514192825308,-0.30487241448944,-5.21813630770272,-2.41947357797789,-4.06732911626103,-3.51076863885871,7.58688857653038,3.53389614730511,0.960184595688194,-4.24242619125333,-2.70442872604496,1.17205126137502,-12.9514192825308,0.0240799021613682,-1.18055981561797,-4.48531598104563,-1.3465490981836,-1.26291589120406,-1.76013274663403,6.65074320641292,-0.587673554294314,-12.9514192825308,-3.32407739899536,-12.9514192825308,3.73882643835375,-12.9514192825308,-2.54443111576771
"HKU419_3_RPMI",0.392668642642189,4.91572830674238,1.74375498459847,-1.32092823867221,-13.2234025285868,1.12872440762217,0.199803246490248,0.999690191282856,0.0848365290280046,6.35629555454032,5.32214725611347,2.84428501754483,1.39334278014505,5.54273419970011,0.312314092960822,7.92766804154078,-0.926682501009701,0.396039201170851,2.15950407985165,0.281632008453247,2.53659101972266,6.2899591316287,1.62463608768392,-3.50527527740481,1.58177121579624,4.83761413593959,3.98153304397871,8.52217542092752,1.02525460894394,-1.27840156451634,-4.18405053592744,2.27266774805419,-2.41956880829464,5.06059892221831,0.326059179831656,3.53232717315332,-0.105528781190852,-0.127910074250259,1.50650605895791,3.35756648016761,-0.705694294803738,4.12912782191522,3.7244620652115,-1.08013680815784,2.47655084370138,-3.02702688734169,-3.32166229833604,0.536359753790414,-3.576985930206,-0.013091663304067,1.2920541689552,0.932010752553765,-0.315968256463158,1.09000638799647,0.634992633699031,-0.434004795830132,-4.29126549756337,1.28997769949742,3.4104508543447,-0.265947228119153,0.644480730252159,-13.2234025285868,-6.99863920278758,-13.2234025285868,-1.29693095819451,1.02742958526384,6.51106573036806,1.17370560405951,4.36974552900813,1.79567376116513,3.77735443094236,-2.11773520134728,-0.582622461468613,-1.94431128170672,-8.70271704935683,-8.28220166757456,-6.19578748594364,4.99645931761864,3.7217810319837,-2.33341832049028,-1.28093316544923,-3.93666239743796,2.25690438623623,-1.55584742154565,-1.87610170387505,-0.615354453069319,1.60707879869746,-7.89780585502137,0.771895088062795,-1.9452282100717,-3.57774409617807,-5.51024215203303,-4.46728518219293,-2.99870265839846,-13.2234025285868,-13.2234025285868,3.10033836231826,-8.693252912495,-2.76802122716059,7.52853610626249,7.29237069975743,-0.6104249386993,-13.2234025285868,-0.605971313581522,-4.18289649523726,-3.23299994738469,-3.71633818202093,-4.18983462723091,6.24089476861936,4.5480180477789,-0.774783544340197,-3.95452200112553,0.515395301838666,-0.524686440183254,-7.6785397477293,-5.14293560367791,-1.29767242283733,-6.16812009308559,0.297571470913553,-2.58377621315503,-0.337816524756743,5.1463461397101,2.16571399619018,-13.2234025285868,-1.77086323026145,2.96791343468958,2.49638452777397,-0.699415069134023,-13.2234025285868
"HKU419_3_SERA",1.38084507869572,-12.2903060366153,2.51804693951108,0.955332668363987,-12.2903060366153,2.59504164061093,0.082286996525486,1.55547801189306,-1.01541024611293,6.00283351629101,4.37339615787109,4.15753253155541,1.37840986463042,4.82591446681711,-0.625414367329171,8.90222775068204,0.58557464293224,0.632894369683399,1.32241092949428,1.61668836760716,2.28234121646003,2.227405434258,-0.0677812076449111,-3.03676952419839,5.01083898217024,0.497456936395057,5.05559749627094,9.29192637049494,0.987050195662484,-6.04337796556765,-3.60953013086549,-2.13408987037806,0.747773638646816,7.38066998460433,0.359221973994718,0.749361605756253,1.20069653648519,1.56670810584206,-1.62118786690169,-1.80622516039197,-1.366704880334,0.557070746266607,1.56844695215616,0.124031486423434,-2.39844240790783,-3.01994922860474,-1.27837997030845,0.393161885472187,-4.00028718968264,0.449641079597205,2.75885063772532,0.966903443304588,-1.72209987972074,-0.379840818848184,2.15634538799263,-1.90450249889136,-3.6956867746152,4.97781221193719,2.1016829627831,1.59808174104282,-1.58991195099749,-12.2903060366153,-3.57010678870258,-5.8862849393354,-2.23523770906285,3.09126715301754,1.99554102372466,1.49796689809031,6.73847374753726,1.1240106209921,3.37028074840949,-1.73778860749503,-0.193746913820105,-0.465033391493598,-0.992091134366198,-12.2903060366153,-4.20256406311274,4.24779911706755,-0.769924462680379,-0.942946925904783,-1.13563045700918,-5.44085978106862,3.15495220197568,0.777773914319447,-6.0314301122632,0.452080968782317,1.3466345323582,-7.26706711216877,0.0677812076449111,-1.76308627339935,-1.63618824290223,-4.77460619833122,-2.67957256533607,-1.18078463804183,-1.27507440486843,-5.30042607633571,-0.649656760942802,0.978212879394604,-3.04200391070385,2.19866710199675,6.79567096157991,0.621253495030466,-12.2903060366153,0.654877869453664,-4.62123450097604,-12.2903060366153,-2.1687043599177,-12.2903060366153,6.97856715853536,3.93197747033353,-0.45004573120646,-1.82221795292805,-2.22897037612812,1.16116945468771,-12.2903060366153,-1.00932164917115,0.857794184878323,-4.61379215771965,0.401701427622717,-1.64308432321334,-12.2903060366153,6.14370591469218,-0.514111120883118,-12.2903060366153,-2.84878149571591,-1.17886145647946,3.20643443050703,0.560178983677819,-12.2903060366153
"HKU419_4_RPMI",0.674545140400685,4.60028260379143,2.23832905079511,-0.9387647985928,-12.4085404800694,1.31412663872396,-0.195996098633385,0.935587493042668,-3.00245371572745,5.68405721235169,3.80730480850008,4.8216286217812,1.95540332582825,6.30721006101313,-3.71047556911617,8.56204435974208,-0.0670948102374602,0.475780688550085,1.93260156345219,0.768116592595341,1.26522769069543,5.70727349995392,-1.74194270996829,-3.7751628080989,3.35666790747775,0.136512892285163,4.23999523977012,9.25347682857574,1.14113654273485,-1.38365598795092,-4.38296375955079,1.62418951800201,-3.3321467853584,5.49100309112828,1.22901986215509,-0.0166892288581391,0.0203017594244414,0.290906404840483,1.10748996387762,2.87576425689782,1.08350375014557,1.79238634895095,3.42993131977931,-0.855088016425869,2.43054155166368,-4.06611486253493,-2.6987311026375,-0.276260612879884,-3.69700934710028,0.285301788572625,1.35336608992386,1.17174908453291,-0.595328886164806,0.948396477112862,0.886178504642988,-2.08003420373947,-4.54435433541508,-0.254938450554699,1.18825615749472,1.30424103526297,0.176508528348753,-12.4085404800694,-6.1898816557937,-12.4085404800694,-4.0944641298614,1.26994962623129,6.50997815588118,0.821740728641906,4.65819545578421,1.38756852438701,2.20025235189564,-2.59703902865916,-0.67572593083168,-0.767463203755337,-7.77471591074318,-12.4085404800694,-3.9034602245677,4.95013828036129,-0.730425734958982,-2.35261591130824,-1.32293705905934,-4.34727588655305,2.9849822865687,-1.50279721984335,-0.79361273727584,0.284682802926644,0.833701289454435,-5.77388950224218,0.674965090566857,-2.09083036046942,-3.34827119189841,-5.10139960217961,-4.03418733829736,-2.06196842909783,-2.60738522836087,-3.8781854835173,2.73658932179971,-10.8235779793482,-3.71707243333139,6.5976931672489,7.90484063950264,-0.479301541132466,-12.4085404800694,-0.0678558257059247,-6.65224752719475,-12.4085404800694,-3.48138631868462,-12.4085404800694,6.86127839574486,3.69084518301819,-0.880471989478707,-6.25665603418726,0.617773644736115,0.757829102478468,-12.4085404800694,-12.4085404800694,-2.90754140137952,-4.90785581677597,2.26527707831077,-2.98946736399157,-12.4085404800694,5.91400826987086,2.37786619150926,-12.4085404800694,-3.42479679095016,0.955298888268995,2.76578365304925,0.0166892288581373,-5.9226052738344
"HKU419_4_SERA",1.78812316391011,2.63751497004128,3.19092474107331,1.17160002316064,-12.3555747178413,3.59588854930806,0.0723307871642049,1.38961859815435,0.0768324305155099,5.23387046382247,4.54402878686492,4.55644976911509,1.91464759590062,4.12267683811507,0.151867862648919,8.9911901239019,0.438338700109519,0.138188578798768,1.21188731926262,1.94577481153472,-1.25101044757637,1.49909377836768,-3.47148455157148,-3.89334153950195,4.89296783070664,-0.657212742120054,4.39835879601157,9.2150300913161,1.68930916885122,-0.481260652673903,-5.01151246366974,-1.10150959193052,-2.72880899047996,5.70384840972226,-0.29123967183552,-0.542616350501225,1.23538775423403,0.189605701524568,-1.21848245746242,-1.70655495856694,-1.33120050137296,0.869656506912982,2.95858550581336,-0.618928011129286,-2.26818166809331,-3.83759459379625,-1.37983985950861,0.982098527830477,-3.91110467581638,0.773496421609817,1.83956676295049,1.59465021268738,-0.998398946397812,0.554801735383251,1.40159046291327,-3.5295425992395,-3.90154605301673,0.534979573260596,1.12229669567372,2.2914960707146,-1.07501759665881,-1.02669314931543,-4.24018876691139,-12.3555747178413,-1.62841556812402,2.00371609007149,2.19388382394936,1.34035752975349,4.53525640731347,2.2773099012777,2.2649616544319,-1.50822884510623,-0.0278595839814955,-0.72566693401963,-1.63843492988918,-8.07777560610736,-5.27763465070945,3.54341070005323,-0.482699101180799,-0.467652689980454,-0.491361818604264,-1.45936183302351,3.06127661890339,-1.31164805447763,-0.190485911407524,0.281228749934305,1.22067962873313,-7.18404031615631,1.3968004264317,-0.946100036357105,-1.25004522661028,-4.46363116807238,-1.33120050137296,-1.70930024523429,-12.3555747178413,1.61749478527618,1.07152443301216,1.74800211833878,-2.31889498528931,2.94611888806932,7.00919633098911,0.904578801526426,-2.85457563915144,0.126317633773585,-1.52514290846207,-12.3555747178413,-3.48764574936979,-12.3555747178413,7.70516419062982,3.58969704028428,0.484447420824775,-2.78462052197673,-3.23977811316578,1.33379686809671,-12.3555747178413,-0.733209763863286,-12.3555747178413,-4.78531952633623,-0.804195310198006,-2.00155738303006,-12.3555747178413,6.16343565608375,-0.337685766521634,-12.3555747178413,-4.71513949011422,0.0684948575413333,3.60351566473056,0.0278595839814937,-12.3555747178413
"HKU419_5_RPMI",0.173341293359158,4.83143491166213,2.69870180828316,-1.50309382777992,-12.9807189686605,1.2029939416324,-0.539371895298583,1.05488052506729,0.127207071989965,5.43913533619208,5.74256498514897,3.2343080395799,2.2093635743589,6.02114448136718,-0.0784727924247974,8.04018121394888,-0.637664779966487,0.795394761935945,1.81314900649823,1.53714140051192,3.40895570570413,6.37243069137904,0.0060119295151324,-2.69161012893257,1.58465560973276,-0.175367532387355,3.93863260651062,8.81594881165941,1.30765006732473,-0.939762388778217,-3.61474193806053,2.55304780206849,-1.70144440601898,5.37102827389737,1.03352637741695,6.49319566289761,-0.0060119295151324,0.495420989504087,1.75401014671036,3.12987487691642,1.72691545630095,2.81073447147546,3.74506139297856,-0.762968487006454,2.28383358888796,-3.56186770327375,-3.77576178461748,0.677404410397958,-3.02079327486977,0.212798286425326,1.54622742376583,1.28250003214406,-0.763223563206402,0.983683653761958,0.615476918875739,-1.1888253831754,-4.33819218927226,-0.21784523060284,1.57247136738255,1.52234503258677,-0.169080208758537,-12.9807189686605,-7.33534495124354,-12.9807189686605,0.651349501880219,1.2874651836263,6.35177300275549,2.79399088986822,4.61176611534256,1.75335830903073,2.32475219794474,-2.60573671564389,-0.438056164801068,-1.87388056674013,-8.81679493544492,-3.98166390068199,-3.74042974910813,4.82727239190692,-1.66528481315725,-1.45898939982138,-0.150257564292243,-4.06515403948616,2.60561314295076,-1.5302945027603,-5.12699903207333,-0.577048164214517,2.08423425795548,-7.99226735321843,1.02527023374679,-2.90060273167502,-3.11742928755434,-5.7758904530716,-6.55357156171866,-2.95930060946093,-1.38014579257017,-4.40428434853462,2.30925628685095,-7.43260687327433,-3.25917001998433,7.1475692121898,7.09293519813784,-1.53965861975153,-12.9807189686605,-0.328805752086868,-12.9807189686605,-12.9807189686605,-3.30596917311865,-5.05840842976745,5.46934191003635,3.31222601852032,-1.20690738411795,-12.9807189686605,0.500941071859263,0.102296648228979,-12.9807189686605,-4.80211963365237,-0.837788996854997,-3.62722387640374,0.123784953847004,-4.25656417354164,-12.9807189686605,7.1401008786236,2.88458061262455,-12.9807189686605,-1.99573844277401,2.77893519444009,1.97894224237647,-0.706601402613789,-2.19518046191411
"HKU419_5_SERA",1.40346871355861,3.20175856928649,3.16446719767507,1.43138548005812,-12.0901826755808,3.84311366299034,0.939095468665346,1.83644006780096,-0.194915212405771,7.01788994941482,4.36703702270532,4.17192859417175,2.15018893380597,4.27426790524465,-0.498980230687723,9.04327845942866,0.558352305143027,1.22585317510145,2.59239327828864,2.87454530258449,4.20987912912659,3.90383224096596,1.24718248060306,-2.71480022183297,4.7191180772774,0.180650525536587,4.81343845468867,9.51444720343713,2.01659977748392,-1.35089059558637,-3.93217099568196,-2.90413361460838,-1.89938330076181,6.30799383679271,-0.117486243152021,8.72592849742509,0.418328857640656,2.48614316147657,-0.58533755903178,-1.87018628268505,-1.47639321110819,0.150310548296025,3.42888934845847,0.0354177220260965,-2.86478494713256,-3.24948755841656,-0.912992654649468,-0.0354177220260947,-2.85517621622206,0.187456498805286,1.75502363669685,1.8585255533769,-0.918709558899057,1.00891420048692,1.31614122991303,-1.94004743085148,-3.26815700953882,1.05236948560231,3.23181400797799,2.82842805619955,-0.848168175559056,-12.0901826755808,-5.39486279312281,-12.0901826755808,-3.09776604239294,2.07714880690476,1.66006701970819,1.59540182362822,5.28032684584305,1.65997885057215,4.6621835274426,-1.49071022396698,-0.414480935548596,-0.794987719700119,-1.8410859361749,-5.43729804046002,-3.99187349763411,4.8825226124916,-1.2139639427599,-0.574664378508512,-1.21070944693309,-2.85542825938149,3.32258388009253,-0.71003493952449,-0.897597847134536,0.46767146270524,1.96992214337726,-7.01775294547728,0.962876843113218,-1.57775407941076,-1.42041178705526,-4.613170070562,-3.06329527457352,-1.32963779653036,0.245457431566106,-12.0901826755808,-0.45215172193533,2.29720761517658,-2.12098552157366,3.79756778825418,7.0480166159825,0.336923369098411,-12.0901826755808,0.453701339027146,-1.27619057945277,-2.30804660068918,-2.68986497081715,-12.0901826755808,7.22536878633114,3.42256590784903,0.317658094156181,-1.16018461297175,-2.70750177273529,1.49294340281259,-12.0901826755808,-1.25508800915489,-0.343248539208476,-4.69831729574505,-0.275536970096136,-1.95218039949338,-1.95393353445688,7.59721809959492,-0.224713927138049,-12.0901826755808,-3.63269379014166,-0.612983619071601,3.57978775774146,0.536378941279626,-2.00167336673875
"HKU419_6_RPMI",0.108426381788522,4.61738903820973,3.11857175501583,-1.01813370710512,-12.7370946190893,1.27117273206682,-0.307784240334023,1.39734436755474,-3.39519678297303,5.30851995867924,4.72062670575062,3.98249051891568,1.99919325496419,6.79705115125625,1.36480764050598,8.1064575228015,-0.117200457016658,-12.7370946190893,1.5238442531048,1.59697647241738,1.63606746452672,3.11603664061511,-0.988703125658208,-3.60145282906864,0.832405017275942,0.680723204536115,3.85425932654603,9.05816107531093,0.832392525436397,-0.590308247569933,-5.32013046324683,2.2840337582702,-1.64228767692129,5.11687757986427,1.24668187863282,8.16742732012043,1.20246043154351,1.0975687413767,2.19655964194243,3.23397735948062,2.18114340247295,5.33682203237952,4.13244151864534,-1.17261917282022,2.38389563826797,-3.68138406299322,-2.69306006782109,0.876894714554073,-2.8854277567648,0.665391565605628,1.85497201248678,0.691093347859873,0.0651985264016872,2.6615348198141,0.970746950412963,-0.621287092356082,-3.39408427531138,-0.573031252838783,1.23412274877793,2.39266077263125,-0.749886714993009,-12.7370946190893,-4.85606118167722,-12.7370946190893,3.66507509350643,1.28165004633428,6.27776795125838,0.70369943465094,4.31210404742156,2.24241284222646,2.21561071160035,-2.12825620227823,-0.412928879745866,-1.27128658604962,-3.77480840598561,-12.7370946190893,-4.49442191951333,5.59709480518304,-3.83267803242402,-0.578900188127086,0.255552071095048,-4.18756324661781,2.68033981056053,-1.83150968365054,-0.907184153948314,-0.134017367867798,1.42677432752555,-12.7370946190893,0.45648747804448,-1.8875249067895,-3.31270729533271,-4.47549452510977,-4.5202211508775,-2.40623669506585,-12.7370946190893,-12.7370946190893,3.73245097555711,-8.11774339282326,-12.7370946190893,6.51509044933496,6.86615205366443,-1.14490808791069,-12.7370946190893,-0.305006070222909,-6.2545519953487,-3.08708216343878,-2.75838415998298,-4.61733437626287,6.0939991888388,3.48945324384552,-1.0616250027288,-2.05276123573442,1.05683483715222,-0.00484907690098701,-12.7370946190893,-1.21201174362133,-1.46664559368348,-2.11258772147545,0.0896733666016516,-3.21880382604675,-12.7370946190893,7.03136715254477,2.81623941930739,-12.7370946190893,-3.64670357929268,-12.7370946190893,1.61862956486067,0.00484907690098701,-2.04301170551056
"HKU419_6_SERA",1.66187469941572,4.09259692797087,3.52728175196377,1.14943921528021,-12.6202192261949,2.90421455459517,0.0527759533741801,1.52232033959665,0.240013460538606,6.45253580092126,3.94638800654778,4.00740390001474,2.29644352203913,3.72900652279966,0.211869206844803,8.76747964216506,0.206757774547992,1.92365525170941,3.05534469491164,3.11390959639489,2.82880550948254,4.10923870637292,0.32798468232907,-3.15079161757356,5.80180511269511,0.117239392375575,4.1993513016986,9.10272824302545,1.16132922470866,-12.6202192261949,-4.36854995814872,-1.61345025221019,-1.76449010748406,5.68701318631402,0.291143193075342,6.98959312752386,0.21322226696271,0.756812883109717,0.146124419015955,-3.1382074148672,-0.978809148255188,1.44006339649593,3.49777943906038,-0.462224161177087,-3.8560460234869,-4.01152668596162,-0.406747231127282,-0.394995930667294,-4.79903267786453,0.060614500917687,1.32375587016378,1.32839295531867,-0.59633723223428,1.18163269319655,1.02997633094705,-1.49597829682743,-3.61474241086431,0.785894849024885,2.76511636860103,2.13632886675538,-1.15457227414542,-12.6202192261949,-5.31691913604018,-12.6202192261949,-0.253221266453231,1.58177164724557,0.778475250160749,1.10195353229128,4.7193300190942,1.08236928955902,4.11751803418061,-1.96912031481987,-0.920121787165764,-0.986722051632441,-0.190862554099111,-1.91683465757755,-4.89194064948987,5.46305806638359,-0.994784589399679,-1.80994356792892,-2.17301148256457,-4.88836430893538,2.84481847573068,-0.977858709272322,-6.61429925465107,-0.0527759533741783,1.41377876078176,-7.58699757406409,0.340535342615322,-1.42348769547466,-1.68091066823706,-4.84404595938556,-2.81651293932761,-2.65496655869388,-7.19395447149279,-2.53268659681823,1.57398277588762,2.22619645651891,-2.0419458597939,5.34388617781728,7.88607209191573,0.648730535673703,-12.6202192261949,-0.0834991151636135,-4.8145601959993,-12.6202192261949,-3.69712635712654,-3.66403415185047,7.51081039540951,3.14662157951014,0.813990605301775,-4.77968973615224,-1.74932730213242,1.51518208336119,-12.6202192261949,-0.339829994241846,-1.72536158354425,-4.73339957096945,-1.23115401602158,-1.12844522715632,-1.63269340574836,7.38050871036122,-0.0611566634816949,-12.6202192261949,-4.6854420291195,-12.6202192261949,3.38604109844463,0.190595486662989,-4.06260437527975
"PS003_1_RPMI",0.543977604463379,4.82796656392822,1.99886125478481,-1.44619390722292,-10.9651748363933,0.841422423373668,0.649500380409226,0.701216218198379,-0.0346603558129921,5.76676158229822,4.67448831141495,2.97525026738728,1.65343515052104,6.15789759117765,0.240362250912735,7.99841134289541,-0.745394781175531,0.262615761564181,1.56482500467846,1.89903003341427,3.44525728064431,6.50347837150985,1.4163826507468,-3.18402667724119,1.9920696073514,0.404674586329701,4.11869449346015,8.50034753415895,0.906361986128871,-1.44446111768146,-3.89873838512249,2.22639684812429,-2.82139391184526,4.90691224568625,2.29925672822712,5.79233993242985,-0.308471268533996,-0.00353066099802745,1.48901111940951,4.11796086183903,0.220373372706941,3.57290129186143,4.724112521758,-1.32366687519812,3.43565655170787,-4.2732625052741,-3.29510876729575,-0.226238154717183,-4.54053443356958,-0.129082050750512,0.917406587513444,0.874549622075996,-0.486840120581505,0.510640296174113,0.527878928761446,-0.772873047429697,-3.83047251321755,0.539339840949058,2.57999335689184,0.0204605538000209,0.00353066099803101,-10.9651748363933,-7.65102409209768,-10.9651748363933,-4.16434450249955,1.01734729751191,7.37268423633458,0.769093182673586,4.10465701700511,1.24263656104293,3.16651015222763,-3.60942117255439,-2.63132217765513,-1.56459375499606,-4.0536916436085,-3.24142583551465,-3.18600268210643,5.78506150499523,3.14332837167442,-0.637742919930638,-1.25825730044615,-4.98396051116163,2.16267564737034,-1.87933833877108,-2.26768407999496,-0.877669221374775,1.06284631323093,-8.16354114078785,0.382535820566186,-5.16978101374893,-3.55204740868931,-5.30251603083343,-7.80562898073101,-2.46554323110547,0.461050459211993,-2.37718565927802,3.25796484542031,-6.8099757602799,-10.9651748363933,7.2202952659618,6.93465415881268,-1.06014374878639,-10.9651748363933,-0.803365695373442,-4.26309526837795,-10.9651748363933,-3.46876128315032,-10.9651748363933,5.62768199194498,2.64953624439625,-1.3524252164129,-0.617982129043353,0.387894897194624,-0.0693552778452933,-6.530636281196,-3.04317398189464,-0.440612058578573,-7.46678669353918,2.34493246761828,-3.87896725687531,-10.9651748363933,6.3363112750479,3.12412168268513,-10.9651748363933,-1.3840350110345,-4.34967373736831,0.695669315399204,-1.14189321064178,-3.57313445538995
"PS003_1_SERA",1.95706925810784,3.46992822980976,3.86079452281396,1.22777665771849,-10.7519520012723,3.0941207177272,2.06457364505483,1.45775355714447,-0.220058892034973,5.73461324309478,5.26813766175844,2.99639980117632,2.82885994762377,2.12941897604075,2.1902491388458,8.56075889476019,-0.453618384594346,-0.0527527255272844,1.84170266528474,2.35481319004493,1.58083351858993,3.29694772058999,-0.749908298387286,-2.79008226075988,4.14595290723719,-0.425268821621893,3.59490795931608,8.62690771725159,1.69624480880708,0.283519668762718,-4.72006926477923,-1.43987418263397,-2.64438336267422,5.13477018599391,0.0511114658908021,7.99871921711512,0.882629752708429,-0.72257570805875,-0.428485561268682,-4.3866643478746,-0.453938720653793,3.07993515499577,2.72829395330208,-0.86123009420866,-3.73400615389047,-3.88079197017983,-1.28414926742067,1.4696838404321,-4.11946487103327,0.140476565771749,1.82314751226389,1.61096099993702,-0.527185263960176,0.317671003030757,0.845645049798968,-2.04799590927148,-3.49091868591124,-0.161797605425328,2.12211836036543,3.17426128516801,-0.435938167064876,0.301353524775379,-5.32352428508425,-4.51652963148673,-3.60493860570849,1.67096899646565,0.708916704581391,1.67579732216921,3.97919649238992,2.69242143375898,3.41725659862556,-1.94151857225904,-1.29828308943429,-1.46428926369659,0.553056940913777,0.989614385383829,-5.76119228426,4.74132879599136,-0.947363234455487,1.88818358270975,0.57252610358743,-1.38170989603346,2.31868294026182,-1.76990913174642,-4.90390123166068,-0.733213386210766,1.47419795131472,-3.37890134039716,1.38615117111166,-1.30644759328633,-1.0407198600442,-5.77787669857427,-3.77135171948077,-2.82407848065103,1.74178241684375,-2.75480287848167,3.0995504335888,1.36985651569634,-3.1454174377033,3.58673721308153,6.2236064919092,-0.0511114658907985,-2.72535419417872,-0.296702126309746,-7.51797160566063,-10.7519520012723,-3.823123243219,-10.7519520012723,7.34674434022946,4.41004036805419,0.435991993210148,-2.17594520825687,-5.54922253964507,1.72839576065578,-10.7519520012723,-0.618174495913934,-2.73418570895812,-4.92834506822637,-1.60737598436964,-0.255527709256647,-2.14928306489255,6.60727219656631,0.309680497902512,-10.7519520012723,-3.61174067857796,-5.50198476595509,2.66623074756488,-0.470071815659397,-2.69032675997274
"PS003_2_RPMI",1.09200434819629,4.08680331973116,0.701475504043763,-1.0033662818056,-10.9224698841265,1.33549767286484,1.4361960852075,1.06911672435818,0.31027427678516,6.37137823825708,5.09241603246975,3.12825556993903,1.60243248854719,6.53063468187953,1.03732566243585,8.14092222393826,-0.787670972389686,0.610749935136983,2.10727560425405,1.697579920778,3.38865964549785,6.4910580829249,0.913550768779761,-3.20475661390615,2.35331200931062,1.2576297606406,3.94585640223665,8.56806203316793,0.561622108085789,-1.17148381964532,-4.1333745218222,2.88097664806201,-3.32359693749774,5.12925914975285,1.73691466483683,1.08734744838914,-0.357900358300618,-0.219841010601893,0.846483651558653,4.03047337991345,-0.507307408804182,3.44919919068546,3.97236977543554,-0.91912577476502,3.20375667077499,-4.00900134613259,-3.09005622030148,0.470511068236892,-3.5983135387246,0.00999095654885451,1.27627548124367,0.525918453488817,-0.343813139765011,0.10217085826902,0.515120004370765,-2.11174613950481,-4.38131080227736,0.698060362094207,2.6697497689244,1.63136324022422,0.598692541308232,-10.9224698841265,-6.05276825920973,-10.9224698841265,-3.61017243820116,0.961786814907381,7.12310132353969,0.714948674493474,4.2610183478603,1.78513277543175,3.59213349223917,-2.95018487054694,-3.8774882764507,-1.1271982697713,-8.1707066035708,-3.63917583486763,-3.46295012698892,5.13863473619656,-0.362152987483573,-1.14886979777609,-0.730051602180171,-3.68921101643226,2.39062800324396,-1.52009959823255,-3.0025173125624,-0.550927415017863,1.02059235414849,-7.93778049200682,0.0907026813459311,-1.90359669139588,-3.81068915821591,-6.44691076537449,-0.523209189838752,-3.2931916139011,-4.94913512128946,-10.9224698841265,3.30239488809141,-5.5275693003337,-10.9224698841265,7.2202625816883,6.99229768101819,-0.00999095654885806,-3.9663982387025,-0.660438203208638,-2.73206105539144,-6.40702437727382,-3.43294559385676,-3.68344887181427,6.27175980357424,4.0088330807596,-0.734944864989991,-1.16379890835156,-0.051500356482947,0.052276204641224,-10.9224698841265,-2.13917236636031,-0.972768661938286,-3.1288228773401,0.839863034188447,-3.03281055525492,-10.9224698841265,6.17543159960261,2.46935546424714,-10.9224698841265,-2.14863941316077,0.228853604627773,1.86784138480912,-1.03482342433521,-3.9809646976152
"PS003_2_SERA",1.83338407802646,-2.45675330040575,3.16390892600968,0.988853293290708,-10.3150685854625,2.00160527678362,1.6979651162468,1.45583947876091,-4.10266797169271,5.80412291888141,3.41323026532449,4.48863778704929,1.19813368498856,0.989184589090696,0.386778162879567,8.8326446187376,0.301687740114664,0.954629969525994,1.43539078614664,2.25947662235314,1.23339600684088,2.93899328109135,-0.390559348449386,-3.2835415283995,4.75234996236525,-0.51324725223076,4.45414218864877,8.95408566656343,1.92020900826351,-0.446445139826404,-4.7207640500471,-2.33502116631077,-0.125655813381597,7.5689280833233,-0.448238359733137,6.4724553982216,0.756646055103547,0.696181217531505,-0.950933930454452,-5.53964415229634,-1.37334255011178,1.95696852956604,3.1204854644271,-0.466159644697608,-5.44218688201888,-4.38891608769335,-1.57581423850079,0.0113246562280924,-4.92385964913158,0.246075619981658,1.73548591860316,1.82833863141104,-1.83650552888033,0.0480652731512077,2.00736540624927,-1.1081670083978,-3.80216886194363,5.07226804329165,2.1749007325716,2.15963773411109,-0.961613433512133,-0.0113246562280924,-4.59242628937523,-10.3150685854625,-1.17862865680829,3.15072956095564,-1.02919409751655,1.06659646319695,6.93576197358015,1.29533615974469,3.78440737348995,-2.29168682710033,-3.46769124864139,-1.04463509447384,0.880427589852523,-3.73936165746671,-5.23721916891857,4.33887981072267,-1.46141195490627,1.48473961077948,-1.33661806893589,-3.50039137455579,2.88944175502168,0.928034999696793,-4.01916390456544,0.360461686171552,0.318346608817977,-4.23682118382764,0.951623515149302,-2.23900009682089,-1.34937738090244,-6.21669684504523,-2.46897163762596,-1.71295843099016,1.15642636272174,-3.72478337353859,-1.62161909910173,2.12067727763523,-4.68398934423389,2.74029950350461,6.59062130991973,2.15127928414966,-10.3150685854625,0.0761750039649396,-4.21285297227602,-2.01340030890586,-2.94649171939481,-10.3150685854625,6.57843084402113,4.30837598651709,-4.72140638979096,-3.62947200257007,-3.91703751148935,1.55510138167481,-10.3150685854625,-3.60674486180962,-10.3150685854625,-4.54845062766072,0.9597103285848,-0.606058910300421,-2.18972455644403,7.19440124002686,-0.264356843216605,-10.3150685854625,-3.17068444728839,-5.21987009543256,2.46534550393111,-10.3150685854625,-2.09428721403204
"PS003_3_RPMI",0.881657709844202,4.61320692544048,0.605358593637213,-1.40572496151878,-11.1918540355493,1.24241827175352,1.52731164440631,0.85486293677225,-3.12565678095822,6.4109404566592,5.50951720740801,2.36813074490034,1.57625245602911,5.70670506978027,1.32481238293321,7.91954764006403,-1.02083869896941,2.05365873798243,2.64778259942671,0.107249328864317,2.17381137732643,6.20811660670979,3.5254843861202,-3.32288216695145,1.82077238047449,1.02735027334247,3.68576355271906,8.25906200330446,0.175860137820237,-1.16289343186543,-4.79235213688815,1.70546081269512,-2.99117950776579,4.54083911016078,1.2389160449457,4.52169733442078,-0.309350674331398,-0.476860770717497,0.21814701969933,4.2008258420241,-0.221848680368577,3.86639733308911,3.5285379182908,-1.79886731470165,3.36124555161278,-4.13075145724705,-3.93001186458314,0.456827298587271,-5.12068004474621,0.0847269257194192,1.07887772007337,0.0891224771636523,-0.350458775110194,0.33578586725838,0.4778644759208,-0.252328725552884,-4.26863838757431,0.393244802136955,4.81524036356281,-0.454715750069837,0.521971281243832,-11.1918540355493,-7.50580540971384,-11.1918540355493,-3.79870580650464,0.653513762213432,7.35761128000724,0.556713058094715,3.77391037313692,1.57557179259407,4.77808437268187,-3.05169769884987,-2.42491554612031,-5.29300075900621,-3.39654058819524,-2.97509400597282,-4.72345991204363,5.18771884774081,3.93763758710194,-1.38489737777491,-0.299251670783425,-3.72074700922319,1.91207353604869,-2.20497216398199,-1.95728122612251,-0.827072176154857,1.2445132951574,-6.32402295127943,0.0196483481357035,-2.63096654380348,-3.29371591394976,-5.39925613440187,-0.218434399901604,-4.1570107089738,0.745381341043093,-4.9474006814013,3.7334426646126,-4.75355402861434,-5.85028141151568,6.99604523038799,6.49284841844369,-0.6975790903365,-11.1918540355493,-0.990322929592278,-6.09756347194385,-3.52011324639772,-4.91382930723163,-3.7504269596439,6.40949141883766,4.29896753195604,-0.804797940881727,-0.963177553186114,0.384615072611165,-0.198436235618136,-11.1918540355493,-2.63606920992522,-3.63668769335439,-2.86387892434437,0.301016732539821,-2.97899814742894,-11.1918540355493,4.46278109078875,2.20483561499675,-11.1918540355493,-1.13676114919951,-3.81672115632588,1.17688416134409,-11.1918540355493,-11.1918540355493
"PS003_3_SERA",1.78020310161072,1.03604679882164,2.79561406540972,0.947447366970007,-9.91573142240695,4.26871322137025,1.68111457442905,1.27603757256031,0.244393898453685,5.6826528769711,4.4488379212,3.53897553730208,1.7477071265338,1.17460157596595,0.793454322831991,9.05950277193902,0.488414403785295,-0.527042841552978,0.822242760339108,1.71081663770492,-0.0477386703931764,2.30621619115592,-1.34135153045863,-2.91997946538967,3.31592042726599,-1.66805907708531,4.3010771702144,9.02722175995606,0.870072568925963,-0.402725534844198,-5.20636962857655,-2.71016149126523,-1.90156093233033,5.59654675295893,-0.727581310110496,4.36621963084845,1.71984531052881,0.0720521383661783,-1.01977345905476,-5.52785306479469,-0.951095545591675,2.02359106457504,3.37087136178182,0.0139724146884426,-6.72187491182902,-3.87958735844159,-1.98467623359228,0.457589825864657,-4.55213828866482,1.09449586976676,1.64193299553509,0.87561529746479,-1.90144092775192,0.902412618038781,1.58293015971116,-2.67382081461066,-3.63810655413642,1.32323182549447,1.63518599423432,2.84267763002417,-0.788194657489861,0.0574027121179093,-3.50378768851364,-9.91573142240695,1.07703183171857,1.86011334615355,-2.17259812974979,1.45104317902586,4.77931499331867,2.25024600714012,3.50088878027133,-1.90492511966738,-2.55166738908141,-0.847299841939794,-0.781416433798216,3.90573923648905,-4.7679520618446,3.38864903539427,-1.50891181139642,0.142798638405022,-0.950108650597686,-1.40100676485569,3.2381831885192,-1.27354382855927,-5.11225993483658,0.0977338391089297,0.0590686240995311,-9.91573142240695,0.349177749070721,-2.13571207746735,-1.28234552628503,-4.55213828866482,-0.946569293899605,-2.45163586746421,1.29888147245679,-9.91573142240695,-1.02022943094253,2.24995566531077,-5.69250819480459,3.11591235163518,5.3661421435231,-0.111444240045707,-9.91573142240695,0.191935638482766,-5.24604624278037,-2.65186909422365,-3.93108327532766,-9.91573142240695,7.52011497492762,4.63918938566232,-0.560190868500177,-2.42172537083384,-4.13042837753767,1.16048795584072,-9.91573142240695,-2.59080083935807,-9.91573142240695,-6.54050510135954,-0.819427169028396,-0.913037369764808,-9.91573142240695,5.83454980922329,-0.0139724146884408,-9.91573142240695,-3.66108374205921,-0.477409055213752,2.16608485570224,0.42625958372939,-9.91573142240695
"PS003_4_RPMI",1.92547030842666,5.23729520245892,-1.74750503586458,-1.34624811666367,-12.0379822568142,2.03917892657427,2.06531700990737,0.787333474538869,-3.29798413874173,5.70196425890555,5.37946276496607,3.51351509059365,3.0883731173283,6.88784591876127,-0.00800120079611588,7.89859352247731,-0.759564024474916,0.166565880906379,2.425437054822,2.01393288687483,0.449871280471001,6.53335176025837,-0.420875256039842,-2.41248943162883,1.09915178408075,1.86358720462131,4.28292725844547,8.0203567061884,-0.599050705939387,0.0990191879443394,-0.721475654214878,3.46169923879655,-2.88618823840922,4.03108509778162,3.22639452265451,0.75270562572604,0.0239006167000966,-0.0285862886338251,2.47719893627975,5.0651467785382,1.18840565647684,6.92448066949485,4.65222184729548,-2.12958963604044,4.52441421681214,-8.10242112139574,-2.0355755318681,-0.331871558469718,-3.383115286227,0.00800120079611588,0.0802646162894867,-0.647345216780128,0.289084397086746,0.151506903955397,0.706266113985706,-0.033558621355203,-4.12020917697318,-1.43318992847569,1.88938851513516,3.55972022349075,0.793637849457987,-12.0379822568142,-4.38430888498915,-3.74469603244015,-4.87702651300873,0.54973225923537,7.26260467163612,3.57073987494346,3.30314233972539,1.18822111893937,2.86484615637812,-2.73456974035528,-2.86684582273634,-5.54113921500235,-5.1460293329806,-1.48635218533259,-3.06227294060302,6.89566753481126,3.90263669622514,1.00351314695832,0.448828659633046,-5.05713632628362,1.96056362776976,-1.94092713471599,-3.70576519783072,-0.0939354104067611,1.44854869165903,-4.99084837639163,-0.550579803565991,-3.304547729825,-2.39263372734893,-4.90261774190055,-3.95984579961335,-1.84167759523153,-6.47155988664478,-4.90239707884707,5.12579959611863,-6.28914017821465,-5.97885589377562,7.55666326814593,6.86407258212297,-1.52751583023974,-2.28329226973196,-0.741479209623645,-4.52907998121299,-3.47414018762292,-3.35619599213183,-2.35855891275401,7.05044338334706,4.83133289719666,-0.240089799712234,-1.10277759373519,1.28664745119777,0.97292741622049,-1.7179096249191,-12.0379822568142,-12.0379822568142,-2.02358676634084,3.41312393170462,-2.5065798331395,-12.0379822568142,5.00233704310483,3.77191468977667,-12.0379822568142,2.18689061716399,-0.811744885530072,1.95585113970434,-0.934743808314419,-5.59183277066637
"PS003_4_SERA",1.83444384489087,2.73722324088585,2.65496622343648,0.857369072170961,-10.7805850260714,4.10792041725805,2.41188511456722,1.08830803993454,0.29222533829362,5.73451252382338,5.37775764982021,3.46098093930106,2.54026555361263,1.94701754469115,1.19431136852094,8.5063540973495,-0.0386016411873911,1.02802889985786,1.80075478000118,2.13290562960235,2.27206883949982,2.93920973093575,-0.653894428831549,-2.54830595237685,4.33152731797147,0.961882880510938,4.40888794395519,8.56286243657598,1.2426066718139,-0.129774537422442,-5.06855733365512,-1.77898009675301,-2.36404852833121,5.43768991930023,-0.427521222801049,6.04074281213838,1.14796120678033,1.59863901948727,-0.917114780626434,-4.7832537639803,-1.62198890996795,2.1301241865088,2.79760122510898,-1.30491695971736,-3.87434094404796,-4.7496509629914,-1.3202502429709,0.751922772603102,-3.96756244026157,-0.146525422787956,1.79901731315042,1.12922339569065,-0.41068284873594,-0.125977867900382,0.972690142274878,-2.03208266745734,-3.62985503265053,0.537720880412504,1.98000303378898,3.09797169657678,-0.385465547518177,0.840033899514975,-4.53899903950167,-10.7805850260714,-3.74976959104236,1.79012506677896,0.574843040456113,1.39128786553238,4.41102686885737,1.8051877328855,3.42560961665633,-1.62220608111008,-0.869837537302063,-2.35022240677352,-2.26187646774554,0.510912362422099,-5.40199882373624,4.3419433761521,-1.81137511765187,1.27044479683363,0.401169003956907,-0.706486735161251,2.65164955919562,-1.49849302664347,-4.15813953317661,-0.527779730442836,1.50741586363614,-7.38941174742607,0.695339034767212,-1.50498615174184,-1.30679200567447,-5.13332003964051,-1.62198890996795,-2.4964263598237,-5.35143704274866,-5.01796187512835,2.570652562861,1.64997712308801,-4.11074747858909,3.94417692421403,5.96155445935835,0.333486120491781,-2.14548131030567,-0.22474867212788,-5.57113166044248,-3.78483306905414,-3.54711997071918,-10.7805850260714,7.21509909078045,4.70330556462985,0.783876941248714,-2.64958553653744,-4.07761177949709,1.15425911428864,-10.7805850260714,0.0293559374100312,-2.07653265598471,-4.86673048271314,-1.39041606987124,-0.399914500346037,-5.80650972337341,5.58650693283372,0.266516892231422,-10.7805850260714,-0.717320432598937,-7.39641635176027,2.42129350795252,-0.0293559374100312,-3.89886252414396
"PS003_5_RPMI",0.0917176466172727,2.5829328431157,1.98614916078556,-1.74024188838282,-10.3147845530209,1.20368353633634,0.491869003913939,1.19906506087263,0.233696225177892,4.86368746198045,5.0056820337161,4.04434285393245,1.50689086327672,5.58488883590716,-0.0309618298374907,8.15082869162037,0.0640696360694974,-10.3147845530209,0.919678806956453,1.38993256460047,2.57208177884554,5.04193326177239,-1.00319491475805,-3.35546809039316,0.0450948654972176,-0.947968832513453,4.4108170585837,9.13221417773694,0.986803831071802,-1.55262580231289,-3.50895401950623,2.39408842134313,-3.07658529653919,5.45209245105191,2.05771486757933,8.86315710848976,0.808745870685707,0.813563234635877,0.799020615104405,3.63936582014615,-0.0369472453012616,2.58228220472659,3.95498547051111,-0.632035327244175,2.86354396857475,-3.83696101659527,-2.1335387677923,0.692581876260538,-3.5228864797023,0.468556975515108,1.66567369401064,1.06486747576077,-1.47697013862468,0.149036423574303,1.08904641736916,-1.4072473952619,-2.58109491721146,0.205263767090097,0.314425157591378,2.15052675585629,0.0177573681771452,-10.3147845530209,-5.65120732087875,-10.3147845530209,-3.25856931539175,1.55257307750501,6.85939542508918,1.94144633279062,4.58896420073602,2.17003022214135,1.74563900657547,-1.85601414482685,-2.01488723933102,-0.900633558202765,-7.79211756008697,-7.0888688068095,-4.32085702196131,4.87412038056085,-0.941947018552161,-1.16004809285762,-1.22904101284735,-3.51646083276309,3.40152671076022,-1.41446956279434,-1.77817176092992,-0.0222526337522879,1.04784864693082,-10.3147845530209,0.509293089652422,-2.12639511505148,-3.6100256083856,-4.68433148152471,-0.0369472453012616,-3.1486349716128,0.0381843618529896,-1.71107845265622,1.00188018647176,-7.1691947437073,-5.70992249486203,5.53461713215303,5.69487689843885,-1.42358882496663,-10.3147845530209,0.0218659703709623,-4.78348694818427,-5.76714367850547,-2.85897125692112,-5.81708291745588,5.37477758187574,2.52736933161398,-2.35915026778244,-3.48420971523397,0.89331211073126,-0.271022250538991,-10.3147845530209,-5.05587664376586,-0.334230335024793,-4.19016291344579,1.20266789286607,-4.95723254840281,-10.3147845530209,6.97227255069467,2.75592611996847,-10.3147845530209,-2.1750681797422,-0.719697552522232,0.351763989828052,-0.0287982345109796,-4.89575318043518
"PS003_5_SERA",1.21961052313967,1.90500204463011,2.19679340565233,0.274092048587772,-10.6581147643363,2.75736152355046,1.97815171047902,1.05525789152591,0.301411737020485,5.68973520867901,4.92097080677489,4.2527742367881,1.60440005431321,2.13423604887999,0.923323756173112,8.41308477109635,0.093492280587423,0.264037995298178,1.28696323077151,1.66922358127272,-0.0817116921268344,2.36785640129724,-1.20767950357989,-3.48959090868651,3.77213332359663,-0.636328800495365,4.34644127749204,8.58178443839358,1.25208870429715,-0.820825949704602,-4.33754468276594,-2.40108183441095,-2.21807169714826,5.49033512285054,-0.374740086959799,7.95263487898848,0.685136631428989,0.0815479066697797,-1.50087650451943,-3.46521217183067,-2.42367071982965,1.15528286377454,2.10890607241501,-0.790321236024965,-5.70491963028446,-4.73912332738678,-1.25400328271075,1.11833153445271,-4.14182166034931,0.52062370055949,2.17447967594826,1.32187505277114,-1.44889725523073,-0.0585518033264236,1.02066046342015,-3.40948282213783,-3.18491092416192,1.27352429365579,2.2058778728345,2.62132576439361,-1.01765600768296,-0.342246967907197,-5.46807771631224,-4.88127495281578,1.0344304357214,1.64519033349826,0.495675592613978,0.740037019698452,4.50982136709681,2.16955873462581,3.84384879126532,-1.56663672186081,-1.9906788817872,-2.4517568053683,0.368952094509954,-0.482711622397362,-8.70943354162128,3.47308444392699,-0.266139145801811,-1.1444720565168,-0.338487539809238,-1.39801725393102,3.11737493946224,-1.45878543144489,-1.04627686264259,0.0447933368844389,0.988371363596791,-10.6581147643363,0.782871581914232,-2.59081052654855,-1.42673872155532,-5.70792733472524,-4.00267060028637,-2.77277920006241,1.49737337143371,-10.6581147643363,0.195169634875235,1.47976124558327,-4.60785649967572,2.77170673723336,5.38378606542701,1.24768062860976,-2.37934059700977,-0.114573563744937,-6.56518716260915,-4.29772783044898,-3.59515468834007,-10.6581147643363,6.19060925529989,3.70174178227948,-0.031610861374304,-4.18063936860757,-4.29697278919617,0.832827742033484,-10.6581147643363,-4.72839502162491,-10.6581147643363,-5.10683030036273,-1.10863024278324,-1.30068100274891,-4.12029100946318,6.99653833051116,-0.140011589550966,-10.6581147643363,-5.12480596720248,-10.6581147643363,1.94925781136615,0.031610861374304,-2.50929652988634
"PS003_6_RPMI",0.749364674190858,3.75664141159464,2.89159212415979,-1.04158060881103,-10.2799596643812,1.40695968660243,1.20574523325654,1.48339104400125,0.96480556901755,6.46729277865308,5.60698577447526,3.5888037827362,2.29493137382547,6.42591523601862,2.06755157422645,8.44103509111712,-0.155185181486342,-1.87436066761137,1.43144364989705,0.958990746670441,0.484992163002477,6.31531270185636,-0.33932242575513,-2.61248562892262,0.367411717272631,-0.0544930552313989,3.95217834798711,9.12788742627913,1.39293611930526,-0.692272869325794,-4.36456213152725,2.59501961819527,-3.01488659827865,5.65971556409166,1.19079213073493,7.50562470366418,0.564290512119339,-0.180781557850054,1.07701877103733,3.29217896505905,1.41537622127721,3.61644293631542,3.9211868679415,-1.15820335850045,2.54669773335618,-3.75488094451783,-4.0383736778114,1.14104753389248,-4.24855118661719,1.22010582851678,1.98362821475482,1.3035022787593,-0.352866723780854,0.647220913389042,1.44444874884926,-1.89230900436069,-3.26129582011613,0.0720837614142695,1.99781828840621,1.04978243208595,0.410967651797463,-10.2799596643812,-6.15467119094122,-6.12128211752682,-2.42097603175345,1.73706946985282,6.57512478425911,1.5380941548612,4.74594035931397,2.66445918896004,3.29738667313829,-2.81200358400648,-1.77246337906739,-1.4594032262446,-3.75517493500589,-3.01658456689258,-3.79970149254501,5.06012335656444,0.0715066250490928,-0.231824399235261,0.0328263210015418,-4.56911620764875,2.78229143446216,-1.39020221857584,-2.74673461097343,-0.093446007605273,1.40034786509725,-10.2799596643812,0.938603571809107,-2.12797475017163,-2.55871344193548,-4.0884360680124,-4.30415791215901,-2.97313846188401,0.717030067656264,-10.2799596643812,3.06233758030704,-4.90510714694794,-10.2799596643812,7.05043912868593,4.89142271770054,-1.68529393850062,-10.2799596643812,-0.148614359060501,-3.44041720752497,-10.2799596643812,-3.6328494486462,-4.47011375746145,5.91661416429795,3.82680640622578,-0.985511839784676,-10.2799596643812,0.339717996531572,-0.037592267350389,-10.2799596643812,-3.70912462964404,-2.58273049934449,-4.75471251359815,0.830677993893634,-3.80318080217997,-10.2799596643812,7.13356137171666,3.00012664466523,-10.2799596643812,-1.80662487447301,-10.2799596643812,0.947817996927839,-0.131319079015068,-2.08361533726255
"PS003_6_SERA",1.91943248160267,0.579774854611045,2.4900168071811,0.583476691799763,-10.4103367359962,2.85785151286795,1.9148085034469,1.42716827591498,0.359264497614921,6.02689708806481,3.7065478026728,3.53898697429606,1.89409125845122,0.955603482513805,0.58061355102982,8.759960400232,0.292571365224585,1.13799319247759,1.99972987744859,2.16913888384838,1.45870563653557,3.27084144649879,1.00932334456729,-2.9070666616035,4.75494639242205,0.936373575192064,4.43270997558195,8.86571766330326,0.344595652187511,-0.824263716515187,-5.13131284215555,-1.36520829361385,-0.994458697276109,5.89196802558298,-0.310423390147658,6.38089741733015,0.492078902606984,1.37522559235547,-1.28052748620041,-6.44071038503968,-1.52057929019083,1.58842427952035,1.74636142077647,-0.510037978899176,-6.86070730838728,-4.30451269187518,-1.95828374371251,-0.514232240851696,-4.31763641982141,-0.169609507943912,1.78955654450371,0.414493722782648,-1.47335059136717,-0.0229794765658315,1.15265958808054,-2.51814702117774,-3.44753399730022,2.60190668906261,3.38400597527968,1.10676641724744,-0.912914087357086,0.124949093989674,-5.14254321889345,-10.4103367359962,-3.26048037520562,1.76314899530681,-1.66124225832855,0.924843483523968,5.12936571734614,0.789263055421944,4.77942680947536,-2.54255981090191,-3.62686318320558,-0.852842153143108,-0.648970935548778,-3.79655221507928,-4.61829866995116,4.32214472001912,-1.55566971942729,0.386374532794946,-1.49079347065093,-5.41082159402152,2.71079114824437,-0.568747026881029,-1.76527880101168,0.0229794765658333,0.31141480066557,-5.26404018728078,-0.726530881011071,-1.73460729337526,-1.88302790071152,-6.01949748449516,-2.77371211545251,-2.08952405827582,1.52001511296944,-10.4103367359962,0.553188661511371,2.23523212193297,-6.22412928920855,4.52159069398757,6.70407873168638,0.527480014459119,-10.4103367359962,-0.0367348282307471,-10.4103367359962,-2.56491413380192,-2.5585876945801,-10.4103367359962,6.79630811006723,4.22233300138344,0.0728831034364532,-10.4103367359962,-3.96561125493953,1.02536152620277,-10.4103367359962,-4.2946357928968,-0.615379419070775,-6.11265618735547,-0.780725508272491,-0.753181588813696,-2.79713147284323,7.16785355814781,0.51886598441255,-10.4103367359962,-5.37348367289741,-10.4103367359962,1.92664065135418,0.410159655790789,-6.32470009124395
"PS006_1_RPMI",-0.215449724130767,4.17830908955436,3.14884095852857,-1.63731494576473,-5.82497845022555,1.06146443375263,-0.70186593353565,0.808524310799552,0.268070632243095,5.06081916753547,5.22162340626489,3.35554805847223,1.08538333797611,6.20068309418,0.0946761450398199,7.74368630156176,-0.34989536172827,-1.0010078622998,1.91484183419519,0.39086499074514,3.60332524697264,6.34627514256712,1.39033468316569,-3.27553593439367,0.088614496350111,4.75087851339426,3.83010561370991,8.6167934471901,1.25552028945282,-1.04950818638324,-3.59639923106243,0.562508608843682,0.70490296257616,4.7732793713879,1.29602118217472,6.29339366955293,-0.629642833239702,0.768780714429614,1.49845166982704,3.42681003554597,-0.366159195375506,2.33890954416033,3.89493812782582,-1.48594162895913,2.78158418668963,-4.53166739862165,-4.22414019050308,0.507623023606918,-3.01862158773103,0.202231654311063,1.5495620376473,1.00844532991572,-1.66495362708701,0.719823026696432,0.622293443163628,-1.06962546244719,-4.29561540201684,-0.514695659100777,2.75502594163818,-1.44818506977409,0.248996408664208,-1.97023505604237,-9.17308316767199,-4.82997566700192,-3.90366012214813,1.20927447187783,6.86846814024427,1.44777553960588,3.9320184141692,1.57261482491696,3.3399719302562,3.26023778526445,-1.67880504148227,-1.68586587584655,-4.41158221465052,-12.2353674459263,-4.89971437702957,4.51075395949201,-0.719866691669156,-0.296674308392365,-0.836880395509635,-4.66864181411713,2.30341347514133,-1.91921904097184,-1.49896551460804,-0.819066649994088,1.10044158689606,-1.12426340463405,0.768615430049458,-3.23288332367873,-3.04830653216999,-5.30046247414822,-4.43560967170829,-3.22809278212858,-5.18519868894124,-1.4998114220148,2.94512222663701,-6.48994027301193,-1.47763429372033,6.22893710684853,4.93832289297851,1.27825130818004,0.408793693105263,-0.795536561944939,-12.2353674459263,-3.56731675113882,-4.04176961549965,-5.01278560752917,-0.831603496496463,3.44507126410044,-1.47822258856642,-1.07634945654621,-0.328233769610959,-0.0361642408735179,-6.36138059277848,-12.2353674459263,-2.68269834841206,-4.08144292317773,1.22808179754325,-12.2353674459263,-1.30476054112546,6.04564233732335,1.78773968124675,0.299307349943042,1.02102338080658,-2.5279068049595,-12.2353674459263,-0.695894989964064,-2.9010284267068
"PS006_1_SERA",1.57489309523953,4.11395744671361,4.41449387193518,0.212896138261787,-5.74684313914607,2.92704199289948,0.737211204851583,1.11187399531738,-0.109438470437761,3.99214586324984,4.9196087530786,-12.7375311056304,1.59884007825838,2.10573472949709,-0.306678885639883,8.0589524102799,-0.313318494185783,0.387388440838482,1.28917031335682,2.07077361102662,3.85509682519957,2.08609662872461,0.089426224398462,-3.4754362602602,5.06576869725525,0.710942047863934,3.78520636493242,8.05595617341698,0.927928915196898,-0.472847041506455,-4.65820319616254,-1.82847632351173,2.13957819028959,6.1899020399516,-0.284911326293606,5.06044326423275,1.09069290108848,0.326894670370258,-0.663291241300836,-12.7375311056304,-0.184805508280942,2.55972657601373,2.49162125790445,-1.0551302820505,-7.89425660931783,-4.15610896261447,-2.81639025108371,-0.015828741508841,-5.14112207825812,-0.862798317341474,1.51237969181412,0.794846307786969,-1.44869895049406,0.00488979429231761,1.03813363643202,-2.07329727304465,-4.48597907863064,3.58752835066969,2.40025586182779,1.72850035802587,-0.821695653143536,-1.12802642064643,-2.41407890863584,-4.61188972723881,-2.4862575643068,2.13538703211814,-0.903338936095668,2.31338035924503,5.47120952348279,1.21330885983255,2.86050257367144,2.49558186838963,-0.804339484197286,-2.15207143815654,-3.38416425033481,1.40447161800727,-4.94044181289349,4.41068609337587,3.28014007324546,0.805258955924518,-0.124636657024853,-3.52908155349914,2.05152000206015,-0.311173841814902,-2.88670080272903,-0.968519784533367,1.57436326091624,-0.877188417910887,0.14162415484985,-1.44700397515824,-1.76687535103243,-5.87370923191375,-3.34521368285162,-3.09187267322167,-1.82020290707639,-3.26872740329773,3.06992148770478,1.18432076753851,0.472298510065699,1.20743389033388,6.19230485020702,-0.00488979429231761,1.70085180515479,-0.481929710581092,-6.13237844518614,-3.54886954160648,-2.69273522207626,-4.96390704088533,6.81062344063553,3.39254256276699,0.454344579841454,-5.55119834766646,-12.7375311056304,0.993082629581185,-6.81656532481014,-0.428740383751045,-1.68177019075687,-3.20054116036398,-1.01505001298262,-2.22328118308906,1.07584338628271,6.26957460484907,-0.791140816530302,0.697150774449728,-4.65883086423461,-12.7375311056304,-0.880213266129696,-0.71491851217419,-2.92913469736185
"PS006_2_RPMI",0.528683248771166,4.30398792074078,0.828797712911662,-1.82567638129521,-5.78807023937096,1.57847883704103,0.0630179561963757,0.896688877844149,-0.0643945652477562,5.64394361471204,5.10343911503786,-12.6692741913158,1.19823168365587,6.85739337339853,-0.120636412995324,7.80382869154874,-0.992098654920145,-0.115842532658853,2.14034323018054,0.587628234020894,5.22310225459164,6.51541118068424,1.50996259396646,-2.94045333414596,1.79495245635576,6.39186119243424,3.6193957774382,8.216651823231,0.257545024593202,-1.34870589369178,-4.66134000977361,1.1101434243183,0.295629356267575,4.74752964135478,1.89986938522923,0.801100577276216,-0.80329080587704,-0.801518508851476,1.07320862924077,4.14627760491363,-0.891221226109877,3.35315737061529,4.26654626315386,-1.55560861973141,3.15663451665449,-4.82969986384587,-4.28024395522457,0.514397674826824,-5.71576243374886,0.00221484232152491,1.32867318290698,0.315259453972253,-0.728550366527301,-0.00221484232152846,0.322653996370477,-1.81438305113245,-4.65476136161693,-0.137993080725138,3.07474805034659,-0.476165603546033,0.878215784916716,-1.70370208329077,-7.77659745492701,-4.75427359367363,-3.64935646952026,0.802244134907131,7.13894594575439,1.12522529464064,3.83221453187552,1.60708973072788,3.60120901857542,3.59689334182776,-1.23271573164015,-3.28265087555077,-2.38292278169473,-8.25843408827104,-6.00770565052596,4.59288112213762,-0.274128014614918,-1.69439570564551,-0.314698625064442,-4.37033560892539,2.09110943865387,-1.99575725708707,-3.01706188681144,-0.801950021692885,0.974767627422114,-3.09976770295376,0.0235079529269662,-3.27329910550466,-3.73940662832615,-5.91753324446922,-3.63471795005381,-3.70995406220981,-5.63261572073698,-3.95220262957094,3.83472961507169,-6.00268466503724,-0.445201561994583,7.26375034075414,6.02832285092884,-5.58305989626274,1.2963615729769,-0.75306540748721,-4.94817500260864,-3.61958577228786,-4.55491941589824,-3.45566959434765,5.80889316357914,3.85671523187513,-1.31217504046197,-0.9143130240069,0.478716301323946,0.543481448712555,-6.60318500085805,-2.74962214108345,-2.6612575912503,-6.6274540156212,0.611530687902786,-4.12715273237231,-0.125332583837697,6.03742991777992,1.83394503608426,0.425550620158564,1.71664370628691,-3.80399578537968,1.13987918951071,-0.619445657196128,-3.00550681888802
"PS006_2_SERA",1.78807563997517,1.04914970692425,2.77286257382902,0.557881202158828,-5.07888646758704,3.80005712442465,0.00262197325159618,1.45481129300584,-0.0317263406819643,5.04403459255075,3.35534889526534,4.04949433692866,1.42412696560859,2.27770208974439,-11.6088910916309,8.90752738723165,0.338359070567044,-0.393001262954906,1.25378044828912,2.54230270372751,4.35313171739113,2.52090329431394,0.336961516412529,-2.98727012033089,4.24383490291796,1.62080249779837,4.39451572359765,8.95551291396833,0.991322462949899,-0.184261643464735,-4.22823904650314,-2.22633063530609,1.94554963469864,5.98245335457473,-0.728182161150086,6.75781029054406,1.10736098264612,3.6692764826051,-0.444538699308751,-11.6088910916309,-0.665126585281721,1.99492613111934,4.02540113820333,-0.455227302512036,-6.39714591449396,-3.10693685711263,-1.76358554034032,-0.282792111266103,-3.7520078987434,0.117452304907287,1.48028673825278,0.960769091984723,-1.6543526266021,0.162185648631901,0.805483252021059,-0.573123388808582,-3.92982502428237,1.72557938642884,2.09137011459541,0.889576849120342,-1.24482082684137,-0.810943534310539,-2.3160281606175,-4.60491854655763,-2.19862681562251,1.60640992197364,-1.14116568153529,2.32122658526025,5.2464962882723,1.28383028190898,3.1855815171235,2.97042484594911,-1.13685733976257,-0.54486164953591,-2.56286287580647,-3.92651094273047,-4.65880697891906,3.56750437850949,-1.93469980321018,0.839665566755453,-1.42721132719804,-3.44250644789383,3.10259875391691,-0.815239972206141,-1.58293732139529,-0.0524977431065121,1.00854936373059,0.43557887870679,0.0649375744575149,-1.54835409082105,-1.65880697891906,-4.78421307658552,-3.37583540824855,-2.14212484057728,-1.82290982036586,-3.93729799372107,0.770853573065519,2.28721867071918,1.06661198015049,1.5317131582015,6.16364560349608,-0.883625090513677,2.11858520749637,0.0859532627104187,-4.54280190117313,-2.01500569770743,-3.18336662346222,-5.38347097759688,-2.54803624657193,4.23772130420258,-0.285041567439988,-4.82907519317158,-11.6088910916309,2.00648160342218,-7.24102671257668,-4.02658304435572,-0.515667738058454,-3.82984772065504,-0.701558561560082,-1.76894631993221,1.29583206609379,7.2744900974184,-0.620833000661825,1.54862303626074,-3.85439653378169,-5.00286697538191,-1.0587667795535,-0.172822605016204,-2.23117018888684
"PS006_3_RPMI",-0.0137560564491661,2.4871941651279,0.638026423558781,-1.51251208376559,-6.10594587614684,1.63842687025972,-0.893181392121779,0.963560250777931,-0.992839376608231,5.75088190380437,4.8625510669755,4.94164239872979,0.125466616872409,5.46795932844191,-2.19425938780823,7.97005855542503,0.444984875620207,-0.68944783192927,2.31526937267164,-0.262043176073991,4.72848990925537,6.56269258689849,2.9801155934937,-3.46706566687668,-0.160505149611929,7.32724042495,4.74977823496181,8.81676820864186,1.38329850642676,-1.96327722507325,-2.76120188600727,0.288888098477059,1.24978202191075,7.57609891849516,1.50095981024121,4.03161018537742,-0.13283337565526,0.546043706953597,0.479511619640324,2.85230942357171,-1.07297938107839,1.91490567963199,3.26768671145938,-0.458812468421106,2.17650988268021,-3.71633225137426,-3.23832246487324,0.921860256560326,-3.01785187552978,0.578156179754849,2.61443015258239,1.24693367810035,-2.32077226862218,-0.387370236263648,2.10906480354691,-0.344681680651313,-4.21250731937478,5.17579819039608,3.93723108171892,-1.95203718527927,0.635334827552516,-3.73429073190567,-6.88333444987018,-4.65420045065468,-2.99318370972177,3.24563178133718,6.2043004721209,0.817421082237669,6.99480128633922,2.00572477288313,4.16262036103398,3.68458007775621,-1.39739152827177,-1.18259154899373,-2.5563442992332,-11.896533947625,-5.08388472589792,3.94380142393369,3.30861071259526,-2.46006734522371,-1.87476167327015,-3.89553978538915,3.48778160754162,0.977746804802706,-1.94567790449033,0.0930692543250089,0.827566056889211,-2.35064083749496,0.732380602574942,-2.6946983169719,-3.2253571518508,-6.09677617340699,-1.07297938107839,-1.87220905307437,-3.77454342324643,-4.97626867424312,-1.59698920498815,-7.37666647512577,-1.41687254621523,5.93550961677798,5.73788425092058,1.25357731079706,0.240589052498304,0.0137560564491661,-4.95470956190713,-2.17885752455864,-2.89636820633691,-4.65307991076076,5.37082883873904,3.83072804452108,-2.30220934370019,-2.16003253038864,1.14689548093125,0.404541898813719,-5.65756730175307,-11.896533947625,-0.110865127495016,-4.63914610493239,2.79823360702284,-11.896533947625,-0.725209951213737,6.00227719611398,1.31799053329874,0.557992157497228,-3.2751284486637,-3.07560416810163,-1.0772470883342,-0.0342156644987934,-3.13107720375138
"PS006_3_SERA",1.8692556600141,3.30273403118422,4.11149103225633,0.40643719750851,-5.36882319645388,3.80448114355051,0.50794049054312,0.827486151613098,0.201970155650234,4.87680911902792,4.45512385545851,-4.5547062159957,1.96728510910631,2.28530693698043,0.0720788400427743,8.6924862200838,-0.330057890434457,0.0458916482421969,1.91342154700901,1.98478033198953,3.34491179415762,2.68094577761485,-0.0341239349224622,-3.35570372101023,4.19629048081175,-0.578735680076473,4.17184406923988,8.73311095127914,1.20111564721787,-0.240142788048802,-3.72869717619224,-1.93713346637658,2.38452182766742,5.02403737832877,-0.720230239962278,0.219740810589339,1.20758404601562,0.398135375344282,-0.72926105935005,-11.9625987669813,-0.732719661119173,2.86876960864493,2.91546623713928,-1.05173562629956,-5.84060824260274,-3.85438182273571,-2.15410771541952,0.109376161288477,-4.29600924070276,-0.297863923737976,1.21754807012053,1.10913961512614,-1.03721886602352,0.273274681048484,0.580219738876409,-2.02280488321046,-3.83999912499146,0.0617464998701429,2.87381423573002,0.993072506052005,-0.600751726444392,-0.377608641389854,-2.9212617173863,-4.52014308011136,-2.24411625642875,1.4722977029217,-1.4709224823488,2.75522568246735,4.1228529445956,1.51707749279143,3.42805624383264,3.03955955797522,-0.740016928584181,-1.38694829977588,-2.31027483122375,3.94861856817052,-5.76004276129907,3.78818209815359,-1.00783206975953,0.741317525893784,-0.0148637693320062,-1.74521121981018,2.55515383334703,-1.7473512939381,-0.637293311891664,-0.333644023012553,0.895485104290611,-2.23289409967102,0.514072992568881,-1.12845308276316,-1.64711618031488,-4.54524262059885,-0.545149538494988,-1.94701973470804,-1.53030251533213,-3.98262724747516,2.84717822636905,1.46723869405842,1.16713880913586,1.71433055913572,5.99249986789372,0.0341239349224587,2.60820567074315,-0.369152716811831,-5.7938529197043,-2.91563528801076,-3.58296557432594,-5.43259414293749,-0.95145374686127,4.16243121467752,0.579480004677624,-4.07493015131035,-11.9625987669813,2.02227514830186,-5.26788241440048,-4.0806750868894,-2.37267229173028,-4.76408150230347,-1.00660704933685,-1.79098041809958,1.38283909443857,5.25055851428576,-0.199679402579536,0.803187021263877,-1.23207868103603,-0.723632121109384,-1.23187890328305,-0.215467112762198,-11.9625987669813
"PS006_4_RPMI",0.641713362407803,3.24025290049628,0.0737278665954442,-1.77776432803876,-5.35989523797676,0.52153708040624,-0.872953770204518,0.490335351720329,0.0904130114997965,4.88108085411923,5.7095858489154,-12.5398043279917,1.46226607080353,6.56381208164423,-0.215342472014374,7.91180459012852,-1.36282456901543,1.49792429382015,1.92274305255426,2.40720942018965,5.87757824074425,6.45936489828343,0.490538242440408,-3.35595005234065,2.40138356112452,5.59671977994493,3.5342448771864,8.38118957889765,0.859677809642889,-0.961459388504794,-3.69689942180308,1.50092858637549,0.376777690595404,5.00227577766404,1.28690186951015,0.281266186248942,-0.785457151857242,2.23927526445236,0.872329612247722,3.70409921217051,-0.364841939896465,4.21746540887704,3.12539930908475,-1.86972089721173,2.9267126621394,-4.60906699042881,-4.64819929776152,0.624021059192362,-2.93432480993002,-0.313870373721524,1.64694716445738,0.790832496731596,-0.3056913378263,-0.122618847732426,0.290186497777892,-2.10496582395562,-4.62973482171567,-0.769310465385786,2.03610677836539,0.933349279535051,0.947252447644942,-1.39241232431936,-6.2598524179952,-5.48771581684324,-2.0551591091797,1.48137979380216,6.92962075787771,2.54948305545459,4.2396291305364,1.47648677567799,2.44402496520161,3.50751383475238,-0.707728758172735,-1.82177518622958,-2.87001705911985,-4.18145248584996,-4.30562087825065,4.69359671734844,4.11843522209765,-1.87363255038865,0.183856173808403,-4.36546606204672,2.11184097528743,-1.82243030388694,-1.46204610102109,-0.544556763897997,1.80620824656878,-3.13584528048886,0.614678751053667,-3.33307722562138,-3.41249272413864,-5.53517075425124,-5.72338532350585,-3.948446989718,-4.69247057706363,-4.10248061839042,4.17996667194854,-5.45421471146792,-0.620327532259161,6.95004928041265,6.91832942442278,3.61955111858783,1.00320616224305,-0.948694537555527,-5.25385820901334,-3.60871922737038,-4.26067174317059,-4.3722385994233,-2.95749628071651,4.33205420857699,-4.29383225395798,-1.01255732512682,-0.105850758479697,0.3327573952891,-8.36987932654938,-2.18128240084808,-1.90632824140268,-6.3687011353521,0.150116585303717,-12.5398043279917,-0.0737278665954406,5.58712784892261,3.01672285810271,-0.590406722568986,1.32621884440648,-4.1892550815909,0.89466293034214,-0.504277446387462,-4.12916592524718
"PS006_4_SERA",1.59907360779819,3.21051600169547,1.91303966837803,0.0119241005325676,-5.46180444786119,4.16605810878884,0.108153536142403,0.921872665818778,-0.695616308822852,4.80869142310524,3.98912504464532,-4.54453362192926,1.30136837258834,2.15776353257885,-1.46533445028486,8.24585311423292,0.137713951402233,0.979498477635289,1.58349322195541,2.26531139654338,3.68796207791881,2.76030933622097,0.052892321356012,-2.91872569308477,4.83467409842396,0.462722517026879,4.20709248480028,8.23817485654043,0.601659713883944,-0.911844605146815,-3.55452486333892,-1.95078565231324,1.65802731987546,5.40457916354804,-0.974988855904526,1.88594480405057,0.858120314757105,1.15938806501602,-1.03284305204985,-12.493931227352,-1.24251843647075,1.22298907943034,2.93609655536734,-1.18857356145088,-6.35377812518809,-4.49625360690055,-2.39551204115563,0.162270152842581,-4.88486115452401,0.369560446362541,1.85430874375042,0.505177586853776,-1.35950490713105,-0.0291902960629926,0.70085278053088,-2.42520833879874,-3.91095910869987,-0.36214990545874,2.46803973147771,0.863879487038329,-0.76481036081474,0.120697430409258,-2.73326019392256,-5.91339553292978,-3.17425910640498,1.34910073612146,-1.9930307814102,1.83738092772961,4.58278246004668,1.27089158990786,3.40666785783029,2.75123695132242,-1.340863577821,-1.84917363483572,-3.13653553623781,-0.681884623240713,-5.37865802535214,3.68698687500298,-1.40361904933247,0.273206510958957,-0.944937456033618,-3.47548556003115,3.24609130016007,-1.5250527121328,-1.87500597610997,-0.514085764294126,0.90087819696975,-1.67734644234578,-0.31036881798574,-1.98625316386061,-1.9672593929518,-5.00019348667735,-4.29079918051974,-2.24196157260553,-2.14078440185389,-3.80784272217381,1.18954076871048,0.71265224466919,0.872109685371075,1.43305690485652,6.29442426314445,1.27147676282414,1.89730446328112,-0.307835199172946,-5.66178582999906,-2.95443026160202,-3.12632376131435,-5.6550980738212,-2.72633095023469,3.85398014418063,0.196837099019238,-4.3598069473375,-12.493931227352,1.49771044930238,-7.34537987670223,-0.172268358136996,-5.57296544653173,-5.3854067705738,-1.47540373981047,-2.3397832561338,1.17638005614431,5.49400020598696,-0.751943846296426,2.03530193749729,-4.94885319205542,-3.13767346794573,-0.237358285405332,0.43816408408431,-1.94318444196873
"PS006_5_RPMI",0.398647704465159,3.9720997000436,1.42523182448343,-1.70019593964491,-5.34523866891849,0.757476264215473,-1.129014675457,0.590840122073377,-0.00397309948636603,5.28521351223489,5.59055405737821,-12.5615565758453,1.44273619281149,6.2880720243276,-0.280461801933487,7.84744217226403,-0.565623196710455,1.51841343003733,2.16121957021436,0.94047080986083,5.76653230464713,6.9102142339095,1.27470267539247,-3.16017507063826,1.89247427809233,6.7615481288405,4.31403610212026,8.49373216876598,0.463705146924518,-1.15119875905679,-3.4556480672741,1.7406707337765,-0.0166773508073277,5.68278211631186,1.53685293403596,8.02617306689167,-0.301882534381338,1.24936940463363,1.57694111014057,3.82000625535935,-0.540923814187547,3.12555050395885,3.2069136027396,-1.66829966418895,2.84774465706597,-4.15791792017906,-2.97836316797715,1.12801752494895,-2.92749295308812,-0.159265515814262,1.69512909257141,0.430736179972044,-0.338353387339968,0.467842310504718,0.531666777727189,-1.52988804274531,-2.93649241665577,-0.518851088948832,1.8478226601879,0.622589507056151,1.68737817635095,-0.555993942679034,-7.01058350310512,-5.12889186677074,0.0166773508073241,1.37721222363875,6.89214988621753,2.52196430316473,5.02590943749957,2.35290000773925,2.64480693448795,3.76903082204757,-0.986100749916114,-1.87212379293847,-2.20092091126592,-8.4841475213192,-4.56023117837869,4.0547177500321,-0.623236259994228,-2.10110067953562,-0.720915316897159,-3.92173708788341,2.11215844580463,-1.47917268899193,-1.60607760374847,-0.590964256397182,1.51057110121102,0.548061689028792,0.371689296724085,-2.8866373783852,-3.78948463071294,-5.47097708823077,-4.36940883604311,-1.87222657827913,-4.10792280174607,-4.55329274845655,3.60721922282062,-6.18856352078596,-0.5399845861564,7.819738038381,6.82217662347878,-4.97747835038371,1.13477176955323,-0.770465526901228,-7.10986060598756,-3.01591066215488,-3.06958561708825,-4.48662808833869,-1.35943275201479,4.55707084794641,-2.05015272210558,-0.935713459893087,0.952207298897861,0.560167378687773,-4.24574104162454,-3.60343037779825,-3.88539206536797,-6.36940883604311,0.958802115415487,-4.79766076806208,-0.206853444866272,6.02196394940707,2.84170809153734,-0.136402393440054,-1.18878751939538,-12.5615565758453,0.999471585563896,-0.938024696435171,-2.79522254703068
"PS006_5_SERA",1.47839884720548,0.419091883234604,2.38841477755194,-0.195751907146114,-6.13803968527943,2.84535410071919,0.127488325204038,1.03371870698135,-0.574758429866188,5.36946462229971,4.46674540742184,3.91127847608672,1.07342533082812,2.62213455032693,-11.9916244503697,8.53722008145542,0.250498848444735,0.508909916654737,1.55887479256971,2.29475918939303,4.65079230453131,2.84844474609568,1.35950153775788,-3.64419848508961,4.35560913894624,0.276177763651308,4.38945024713572,8.68674813001531,0.842904692923398,-0.790797949439035,-3.79570950233445,-2.22997545117552,1.76323235687303,7.29400778252827,-0.466535512629257,8.0466405258209,0.645839507956641,0.70158062314518,-1.40710401952814,-11.9916244503697,-1.25000876062632,1.2443457605459,1.81508508313195,-0.347741740709262,-5.97187021602862,-4.19453515763277,-1.94401934584219,0.0148047654678045,-4.35969847067792,-0.151679678670975,2.19524535806255,1.19162778635801,-1.81677218185984,-0.272436982538991,1.66278123606625,-0.88377325551835,-3.32566159247459,4.92915392331098,3.04660111797154,0.578998641739496,-0.913002686687127,-0.867198997074002,-2.65873226953094,-4.81993252275317,-3.31048940942563,2.92590668626507,-0.955410426756364,1.7211554016124,6.6196656933947,0.631826737637503,4.21583068278044,2.61209051957624,-3.0222802560394,-1.40032211905589,-3.52952191830058,-4.76902761790622,-5.71167254037318,3.64736704817385,-1.12718404147612,0.242241904178254,-2.03741314474809,-4.36914191138751,2.5402407422125,0.650732573438447,-1.89289565635179,-0.130355051800391,1.3266774359276,0.937221841672786,-0.199073365341238,-1.98657788746403,-2.06236604173269,-5.75828674273837,-1.25000876062632,-2.66731151604348,-1.04695544649542,-3.77559191482963,-0.00214646605984114,1.12716398044068,0.789072107528106,1.21205642168329,5.82638308330042,-5.94209617953978,1.63120795356587,0.00214646605984114,-5.54673136633116,-2.29783004587059,-2.51386618392578,-6.11330300695792,-2.32242673189051,3.66362180690082,-0.479145400614488,-2.63860739280879,-11.9916244503697,1.4187723399539,-5.82405872180128,-11.9916244503697,-0.435625642714117,-4.20487435678913,0.0745043218278489,-2.27778310557098,0.9090315127239,6.48919869172848,-1.00331568842101,0.827662408921171,-3.91575209953804,-11.9916244503697,-0.0970964318549718,-0.0956928260091186,-2.93108744955981
"PS006_6_RPMI",-0.154329172558285,3.13308762612288,2.23995234324455,-1.61017648652586,-5.7230789445808,1.09767520217456,-1.32156346784357,1.14640932199956,0.0612603934595723,5.56687449665969,5.28421072459689,3.77745057460564,1.48403267819454,6.12957530587872,0.116135761981486,7.89133088358965,-0.290200569053365,-1.40440495630975,1.83603798128973,0.778740996507917,4.4106220063098,6.24282847647396,0.0366852257735513,-2.94732176039568,0.701775046224569,2.59750068183777,4.24402991098959,8.95442268332081,0.914650929602338,-1.16668247063727,-3.92360370718082,0.551431436873596,-0.411407353239058,5.5322212198624,1.19250533312863,3.53834994048242,-0.448713913878713,-0.440917981191637,0.746827341155608,2.52099009674841,-0.189955057755059,2.06766057406754,4.06020020572869,-0.885721565153329,1.8742797466151,-3.93152666541095,-4.49196177502427,0.929328014529862,-4.4243393195019,0.43371176635679,1.92350628170339,0.979558914755113,-1.52291342008554,0.0239621269291845,0.715403034562492,-1.53405300366652,-4.9632917012579,0.0826006716431422,1.70880787051398,-0.336876478251554,0.540586918843921,-2.67060036250652,-7.68118733242552,-4.7902526735254,-4.09784492737253,1.31091653985121,5.89790594985027,1.23861900675577,4.72906413505783,2.02400868124729,2.33015288506497,2.92940257947785,-0.843065764597531,-1.18776987107555,-3.30379370941201,-7.77674274306038,-3.69246439766383,3.97723755452553,-0.193542292318673,-2.13874166382215,-0.636454383320417,-5.14647507118608,2.76694288146109,-1.40553309011483,-1.70044188950547,-0.190117055177195,1.29620824260686,-2.47320847588238,0.593432011705879,-3.47659972196839,-2.81119631962853,-4.76944733715561,-0.189955057755059,-2.86346072629548,-5.13229408641189,-4.84701957923395,2.10220780741624,-6.32565084489534,-1.60570368103622,6.67933695577951,4.46699177383949,-2.43210980294584,0.117663532129136,-0.190657177996963,-11.8080436119759,-2.73547748792647,-3.72871570250811,-6.32185926573296,4.83924037290736,3.62640639858157,-1.74846056428057,-2.18847092839358,0.527264634717657,0.0318085575826643,-7.14061895106282,-5.70198109272507,-0.82630845771518,-11.8080436119759,0.0355080148079292,-11.8080436119759,-0.939674948990405,7.21063136396821,1.91017445076344,-0.0239621269291828,-3.4660997117123,-11.8080436119759,-0.0667005567360963,0.0646991582285974,-2.18803946819123
"PS006_6_SERA",1.43004044605343,1.08453571846656,3.14155374294987,-0.12234670309217,-4.60855063507026,2.69963668414405,0.00950570731904676,1.42568228633738,-0.924801708298078,5.02219244482784,2.9408910543199,4.12880939209726,1.68425226540766,1.94987887536077,-2.82942377567181,9.01151780212998,0.658020529787727,-0.628063026864458,1.21090907518191,2.02262223835739,3.72904819961039,2.45555097523659,0.723354686565838,-3.46728322961097,3.85499957504008,-0.00327974631095173,4.44086137912098,9.25326291840831,0.734387403682675,-1.06964147762925,-4.68255121651404,-2.33982715735464,0.822641940114703,5.62677657244057,-0.936255359366513,8.01176677117377,0.800235393386686,1.28462185532764,-0.378936194393759,-11.285959384556,-1.06131923984529,1.96514878045916,3.67636518219176,0.140212855100414,-7.43678428680378,-3.2182877709486,-1.82231481173959,-0.179204020630898,-4.30464394782094,0.28087814913736,1.64132838919816,0.732793084668739,-1.80131416574402,0.0799770307729748,1.3132424336178,-1.58151625743836,-2.62921907467352,0.647969877594981,2.71484842443683,0.0305883639259168,-1.20099471716087,-2.43329218932491,-3.81787445415929,-5.04586958172511,-1.57100683671603,1.67009641347052,-2.30330128132953,1.56264054473152,4.81169033200407,1.62493681475345,4.01263390940888,2.39963969160874,-1.41986232500135,-0.700278809063381,-7.53603644101441,-4.64930583427276,-5.0503674654647,3.72800978865851,-2.53767474587523,0.00327974631094996,-1.66688430944437,-4.3510544127779,3.27758039900024,-1.40655632541881,-1.7554956690076,0.364009985013251,0.34631417773388,0.746019663532642,-0.412877212594688,-2.58490779319974,-1.64136082219268,-5.75687338202736,-2.58899185832172,-2.46765917620356,-1.39506926764121,-2.70808630862117,-1.52744221220117,1.42374531532263,0.679294399993132,1.17336675243777,5.54527144082288,-0.108320007322023,1.45855296101109,0.129440649062976,-3.76193628256543,-2.29510460359029,-2.24978577200253,-7.2806650848865,-3.23675146346451,3.53193539660025,-0.835718477898707,-4.63111278972235,-4.11426745693951,1.48269930490816,-9.70099688383486,-2.8601881120003,0.286963712211859,-3.88106828064648,-0.583633890211111,-2.32391397475125,0.966671266977375,7.37699424638423,-0.188585615565788,1.48444945537922,-2.97601498143097,-11.285959384556,-0.945716544353537,0.284872950470808,-2.29210523652058
"SP444_1_RPMI",-6.14438756709662,5.33614632710395,2.15226898885942,-1.77059439381974,-10.579861560453,1.01667257958857,-0.402225369055799,0.798409731828695,-0.600481666668861,5.71810239789632,5.54376259410794,2.95417870665264,3.56233107164338,6.61252409447875,-0.545042666055569,7.73399448055431,-1.06076664056325,1.70677153049895,2.52447367480909,1.569876356283,4.66885937266094,7.00073209420754,1.51165527329751,-1.96440517296232,1.46804275552022,-0.896866976771312,3.50836857503018,8.42645677546936,1.12421749436507,-0.763364805481672,-2.64441889495781,1.37205661008547,-0.0194179563273842,4.84789250660338,1.2455754403127,3.95523416552649,0.387918117228686,-0.435277201575801,1.38173492724566,3.11108217815352,1.25856593453661,2.81098497515582,4.31901156418015,-1.23424740333577,2.51435480796059,-1.90902573923894,-3.91071973635041,0.0194179563273842,-2.21024841031244,-0.346502396711731,0.937936183235482,0.975283264502512,-1.06856725069198,0.643134541082325,0.486500664552025,-0.737536362464607,-4.57236702390607,-0.096586121151141,2.80502579073161,1.20416865739602,0.0423759835539634,-2.79745679433582,-7.65221240467768,-5.22895439859387,3.96343912497449,0.884210597676073,6.50064507353729,4.28807182433139,4.0928352029619,1.39156224292366,3.07052683161903,3.89839239420685,-1.36592968835698,-1.9475511910859,-10.579861560453,-4.27003412709483,-4.97242402697602,5.43180154202346,-1.44310662424464,1.44446008631299,-0.329490249567778,-5.64809629620545,2.18042448288919,-1.80297561866047,-2.58920260715188,-0.83690535922968,1.80077595447344,-8.10007055091269,0.602307854765108,-3.17465842127873,-4.35495110194711,-5.68486810512256,1.25799486417294,-3.32699048406527,-5.5949684528432,-4.02816722869555,1.61426629254537,-6.43099817453851,-4.43365262798449,6.14366529854869,7.52959216014122,2.83955672283039,-0.519596395057096,-1.03484114849873,-7.09033351706956,-3.18605143703317,-3.87580757309578,-4.88991421612955,6.07233758439032,1.11007312681886,-1.89844488884025,-1.63560572111733,-0.296202779918797,-0.58221160990713,-3.38104288134621,-4.6705336853252,1.12141978582301,-6.33855192577392,0.225356580126128,-4.24725739542647,-6.52096787139943,6.18119333049259,2.32691468658768,-10.579861560453,-2.76394462489197,5.30583515823228,-10.579861560453,-0.911156391282217,-2.96739366712446
"SP444_1_SERA",-3.29418592120801,4.82079433708995,3.57570986521293,0.969810825137795,-6.46683158957179,2.42612900866792,0.236657829025553,1.56145424384965,-0.465584545083003,6.39561025747318,4.74828955570364,3.58652719917117,1.8149919499383,6.41390531093453,-0.748570474789652,8.3220782569892,-0.239246308416195,3.7903086651606,4.87404055325348,4.69330800970879,7.26240717380212,7.56497976343987,4.19247422540552,-2.89755071108291,4.53690770471822,0.319764772319012,4.43994701643327,8.41821811288197,0.960980346865071,-1.04137021099887,-1.28335427203405,0.531914559220123,1.94643692364561,5.09830615266183,0.244471959883942,0.846674818843731,-0.0188006147989164,1.77161741597051,1.0188190249735,-0.0450039439526293,1.68568622509486,1.8359652155134,3.33530173095332,-1.54622927285791,-0.55081613234379,-4.33592615490619,-3.15104381946913,0.0821762298425455,-2.48258360262357,-0.0824536874776385,0.491527413670045,0.915304175077488,0.0755459885293881,0.648192973940425,0.942382398326281,-2.73290010622578,-3.19200869435745,0.976592020441867,5.45981872813362,2.46579702343022,-0.0170153060782141,-0.986336887620556,-6.82542839450655,-4.9328930918751,0.902876062829563,1.19284616444355,3.18867081584827,5.93472892927916,4.28561040916718,1.4969460097551,6.40394890481339,2.38351335488077,-0.377404115642598,-1.12509855831387,-3.16669448553742,0.0448270620745879,-10.6970435153675,5.70082072998575,-1.81492192771549,2.28511822657144,-1.54329824389968,-5.24237169992897,2.20500930376813,-1.51875755889065,-5.07424894112065,-10.6970435153675,2.32983571076869,-3.91184423725788,0.384295185721399,-2.27699176981051,-2.30230123772462,-5.39989463986384,-3.58549200116141,-0.335862567844856,-2.35712898113673,-3.84647162986374,1.47406074403818,-0.621234981236842,-3.10925241325289,4.79218545047783,7.30204294265631,-1.85173529000043,0.764295051333949,-0.293491118978796,-4.80275295653866,-2.37002792421894,-2.0842551299704,-3.12169610352311,6.59959543966558,3.06433908928867,-0.639247946878729,-3.69068694330423,-1.27458257603117,0.247806444772273,-2.41137326212628,-0.660611057360828,-1.68156785954715,-7.08446878343852,-0.201565008674262,-2.35474334824914,-1.8927254045369,5.98162558928748,0.905756191578323,-10.6970435153675,-4.24978057006194,-1.59060385098718,-1.25482118676247,-0.920181407364707,-2.31027504640931
"SP444_2_RPMI",-0.47648733405696,4.22492834620785,2.79443830953016,-1.73781841836901,-9.91093426165689,1.49795693332468,-0.624426721796834,0.669419900563675,-0.534636755886122,6.13185177223682,5.51800237619796,3.3668163897582,3.63453040789094,5.76541691081813,-1.91305935812992,8.04723810506266,-0.201875429757445,1.77234645182103,3.31524884308851,2.49197352387587,4.32118790892584,7.37818301585857,0.533720562987906,-1.86590668672695,0.615692549882528,-0.786400831524576,4.11772632083343,8.90295791160588,1.15330082814209,-1.13500197870454,-0.989653870804364,2.47029910210029,0.539679337207321,4.96878701267391,0.914439364334868,3.04945598114024,0.893991723023035,0.0991782470141374,1.19852736971648,1.91471588837441,1.59990872345741,1.718554351272,3.64491911863116,-0.373406345383533,1.41074878948621,-2.82547142451588,-3.22240519780526,-0.143157616728674,-2.07118275334043,-0.0224998229512714,1.20632298544867,1.12787541034672,-1.42969055078699,1.16719720402046,0.455578018466397,-0.617151336908868,-4.12010179551195,-0.380202810181038,1.85825677853607,2.0180292516358,0.458710495688052,-9.91093426165689,-7.32597176093574,-9.91093426165689,3.0740104288065,0.956467596386791,5.34882712215889,4.39351420040117,4.300624543406,1.42210762654375,2.31305867145128,4.1897530703638,-1.35935137364759,-1.17863163077038,-2.26310328734581,-4.76862624295608,-9.91093426165689,5.70610017642433,-0.663744311315867,-9.91093426165689,-0.675341715683721,-5.42047574739897,2.71124690421027,-1.50277376912545,-1.8527464112936,-0.286469885958219,1.6910719650138,-7.00334704839844,0.068501289567962,-2.62754388950317,-3.41097286193974,-5.11407171341693,1.59990872345741,-3.16985814359758,-9.91093426165689,-5.28729129277168,-0.265093118762865,-6.48418334181426,-9.91093426165689,4.15389269152398,8.04385217312137,-2.59384940649599,-0.722327499502285,-0.515912455151879,-6.79064002793918,-3.36325733824051,-3.18242217491772,-9.91093426165689,6.29654708811928,0.681130008362846,-2.38987441824121,-4.99155272186518,0.410634421493686,-0.299882727226734,-2.3492450816965,-4.9929352759153,1.79515503823406,-5.0732834777115,1.73841304646064,-4.35812596563987,-9.91093426165689,6.13811119041345,2.07682405682877,-9.91093426165689,-2.71268497379218,5.40937833001436,-1.15963278240138,-9.91093426165689,-3.42303598771753
"SP444_2_SERA",-4.85451313610807,3.85740940900046,3.14262232868869,1.81059800280083,-9.87848840895841,3.99828848178308,0.520797256597461,1.46762379706566,-0.579595055491212,7.23957660242291,4.71244351744753,3.55446381398536,1.52164851827965,6.57503759487623,-1.43452387621541,8.75127745274742,0.159018756398432,2.1081832421775,4.34074808047071,4.21262833001456,6.39126690627472,6.85627086686057,3.77813885477191,-2.35106806694786,3.5588697827842,-1.2613270858491,3.7569799953236,9.04815971609788,1.15086884519376,-0.942874929463391,-1.19315558320752,-0.0327256626080814,2.49946473664103,5.67165799977793,-0.237248167390696,2.30480984224532,0.505466264467486,0.427721912318916,-0.0368670906257815,-0.985692643235676,0.941528641311255,2.02644067031682,4.06978623339102,-0.755416657068073,-1.82919226852295,-3.92935952577264,-2.95979798057674,0.362251082709072,-1.53580175390425,0.23725265518631,1.43907167188857,1.03384774041236,-0.514004790298204,0.710036135703113,0.638439145620115,-2.98047892624995,-3.3011690543105,0.492972598985784,5.16400429271661,3.69648039650082,-0.243414381199216,-1.38257546460838,-5.5979193438321,-9.87848840895841,2.31561713398932,1.31587590936807,2.49145263225608,5.45121603480246,4.89832305093394,1.76596877855085,6.49946792827556,4.06494613300351,0.0275089377043152,-1.53638152464135,-2.8156674555026,0.309570742741212,-9.87848840895841,5.12078910297057,-1.1937821577974,0.784979457932248,-0.945157392385625,-4.5234884924654,2.94653372457137,-1.20939794916525,-0.660267402331014,-0.184244091453822,2.06446693749967,-5.07209479679716,0.41198127235117,-1.49184488111404,-1.42548624160009,-3.96464505270812,-4.09484955587461,-2.44918780649475,-9.87848840895841,-4.85515590512778,0.269545984781974,1.42797785350281,-3.17945668887766,4.68087222753757,5.95690482760899,4.89475757713821,0.678517366896518,-0.261114110495766,-9.87848840895841,-2.67512267188596,-2.87261981086927,-9.87848840895841,7.48463059885538,4.01855549154888,0.118343234938617,-4.84554431034349,-0.65277450278856,-0.0275089377043134,-2.83996697679086,-1.87253847041082,-0.94065618591339,-3.36016310126754,-0.859220007530322,-2.97159781334989,-9.87848840895841,7.27600282253063,-0.0404492172206812,-9.87848840895841,-5.31812788147033,-9.87848840895841,-1.48735380381594,-9.87848840895841,-2.04798468397332
"SP444_3_RPMI",0.0678545060948679,4.82190457339808,2.95228957549386,-2.29002654567433,-5.68734985494979,1.01412736372585,-0.177459292883501,0.379171497744505,-0.552179157612916,6.20340588059831,5.72579884738602,2.08138685935885,4.25665344573522,5.86092846071406,-0.756137854381446,7.73726412175617,-1.46881755251337,1.81085150383239,3.15621449765455,2.56431611715925,4.021261291839,7.35439624787032,0.505239946458609,-1.52328709254014,1.13956970781265,0.0391169398802518,3.29760646963956,8.2853150177639,0.866496621050242,-0.70350326084603,-1.6790643746309,2.57059710352675,0.492413977811612,4.61400499999639,0.422614212789338,3.42984294711268,0.2036022438411,-0.50951206278144,1.54613424681745,2.06475910653169,1.35201451484897,3.50904586202613,3.0173773718258,-1.58732064297994,1.37512965762837,-3.4823147240674,-4.45895245078801,-0.0391169398802518,-1.91313993108624,-1.08855021391088,0.814625310798114,0.851122320869511,-0.685890292589843,1.3682987304816,-0.429222305367926,0.261085119361916,-4.79527797405282,-1.5370466478738,1.68334152867247,1.72249398164544,0.601044747492871,-10.6768574811321,-7.56863607971501,-10.6768574811321,3.43599867416291,0.360540259901491,5.38381091962588,4.85568064191919,3.80512562037043,1.40382489668671,1.90523335328002,-6.28952691102315,-0.748457117299822,-2.15539928395632,-6.54465318010026,-4.02634459838167,-5.27264147510682,5.95617598104986,4.10181319624063,-0.174299489299596,-0.87456917218464,-6.2471930058579,2.05768954820374,-2.06658152451239,-2.08055967413082,-10.6768574811321,1.93990109951804,-7.4840669354907,0.258542477702857,-2.79651976512687,-3.71090593717581,-5.60050659500203,-5.22123244792458,-3.02663821408934,-0.393769128108143,-5.30257398118365,2.45073271802183,-5.802388363216,-4.9982956133587,5.66700209433059,7.57593213109496,-6.17712711593241,-0.0463529275501955,-1.35235078380422,-10.6768574811321,-3.40329834776835,-3.95982683703949,-4.72603747708589,5.71052943339481,0.860206136634197,-2.00217904784593,-2.95130598447543,0.314417876810214,-2.23025361532592,-2.91366917507509,-4.70523062829623,1.36641255989634,-4.65932282183964,1.14314800328891,-3.94519411386983,-10.6768574811321,5.30875085164993,2.75301352693633,-10.6768574811321,0.423861984129406,5.41748918908931,-1.95096026907791,-0.949183611600551,-3.55671353597553
"SP444_3_SERA",-2.98547461512617,2.82903794967859,2.23986481138447,1.14284349594788,-10.1080213005753,3.24457193164525,-0.450120375362259,1.24090726749344,-0.725995105290645,6.67679929115269,5.21946523982496,3.44126637068792,1.32654649624734,4.50264500432113,-1.01285364106473,8.51042530025628,0.149998445441664,3.07287430306731,4.16345970085208,4.47294554167034,6.99648412909513,6.86918553552863,3.77065579062361,-2.82530216792599,3.90875040664696,-0.221087738064922,3.98366320457705,8.79354337202613,1.47993282099841,-1.06002810461319,-2.26134994162349,-0.19166582046914,1.7267359836599,5.6500045996659,-0.824027079773353,1.20569972870267,0.852862051139372,1.5649292237198,-0.500369351546002,-2.65740770171105,0.763192023765423,1.37063109690624,3.42853563925337,-0.919199558406712,-3.3222963944892,-4.08661882384304,-2.91934287485653,0.560606798121871,-2.69335138252246,0.432303313420508,1.21796845221571,1.44389589285574,-0.986600401403265,0.180276401686957,0.798629697157736,-2.72844131353948,-3.03368589331053,0.362018580813444,5.14420489822817,2.8451972214533,-0.0857540132787129,-2.4146353544564,-5.35934228584526,-10.1080213005753,2.30317494915207,1.58102078457301,1.03014845745167,4.9755037937555,4.77467850439523,2.25542707743828,6.23457704507289,2.36815989307962,-0.546608822324778,-1.39517036498089,-2.45384575881565,1.86357009058839,-10.1080213005753,4.48403958305501,3.57060265253569,1.06446056222077,-0.74221213606612,-3.97218192223292,2.70269002867492,-0.952176466664223,-2.45915574798679,-0.467723962738726,2.19451829141379,-6.6639585193764,0.657475010305546,-2.55309883922082,-1.49902997584321,-5.15449961963294,-4.05983061312873,-1.41503947071699,-2.73764976858394,-4.93403645111259,-0.46853640172343,1.19479971374866,-10.1080213005753,2.40521996635154,6.12940923839181,5.25214539728985,0.0857540132787129,-0.277035410598959,-10.1080213005753,-2.57257686143116,-2.21364286095319,-10.1080213005753,6.34528824763249,3.46703317113427,-0.328658792014322,-6.13173736954907,-0.999989341091412,0.162104715364855,-10.1080213005753,-2.64325360740118,0.773026141205438,-2.83405682090838,-1.09408171695248,-3.18484455461313,-2.2237844064103,6.17700207775313,-0.717166978547038,-10.1080213005753,-4.34079640593338,-0.569480887740692,-1.44696615115302,-0.333234240974088,-3.80238907807929
"SP444_4_RPMI",-5.28901621526642,4.40484466915504,3.74840239224311,-2.08038730118557,-10.4449343587148,0.774558629905059,-0.372112410537309,0.383995468936636,-0.713039534354675,6.00081009834446,5.5255382461036,2.88505285757693,3.84815092866086,5.6555759301169,-10.4449343587148,7.76124431981302,-0.88976174071888,0.820816561948003,2.64718839534627,2.2434014831619,3.28476949976466,7.15357491834239,-0.0321497657998577,-1.78703343350185,0.378905901777102,-0.49179229551466,3.80012525722611,8.43778690206268,0.844600101726787,-1.22219194707056,-1.64788377593036,2.31259455163306,0.158571044432236,4.14774102443786,0.305165749339544,3.89116787870967,0.675237766739539,0.387153017929389,1.37241430795931,1.74052914386434,1.16131661278528,2.58687670125257,2.79795494956771,-1.28601372710489,1.09146772735514,-3.48837932649316,-3.39421816508135,-0.0145121097208651,-2.09594967976032,-0.0799591617683255,0.806359364536849,0.822658092904195,-1.40788484120843,1.26067924832333,0.27740296110014,-1.90437124919415,-4.78568816671632,-1.61286992113395,1.54492801527033,1.52205689395115,0.403371062250024,-10.4449343587148,-6.38103130684754,-7.04566417529432,3.89071894812599,0.20329294561359,5.08381832730129,4.67329379731585,3.32284078717782,1.45008105661407,1.80291147810512,4.25786805207427,-0.647907278908207,-1.92974875855455,-10.4449343587148,-7.23545808407374,-10.4449343587148,5.61739810729755,-0.724142257601722,0.0145121097208651,-0.716959881395065,-5.14194782748095,2.29957045942695,-2.53430248990886,-1.5304408957885,-0.688498900350419,1.5252861808121,-10.4449343587148,0.250331764535375,-3.18631712094066,-3.87200076528275,-5.58623255665703,1.16131661278528,-2.34919335935618,-10.4449343587148,-10.4449343587148,1.35604171971806,-5.86871019507139,-10.4449343587148,5.00575020776429,7.40502433914331,-3.01514861289534,-0.434659651520285,-0.94240519224601,-6.10431017011758,-3.10134630091916,-4.02110289020417,-5.3427874717074,5.39392949580424,0.745570286165453,-2.36054959638101,-5.06863592123087,0.0460327530859566,-0.523567715804731,-3.23336343063192,-4.72373608040696,1.45634247122095,-3.92228175978904,1.09093265008192,-4.75134639690695,-10.4449343587148,4.98569715512456,2.18597571161083,-10.4449343587148,-2.57787949744342,4.96042247723738,-10.4449343587148,-0.842813790178205,-4.084834772575
"SP444_4_SERA",1.81819985975364,3.51133790178243,2.92770736733851,1.77254631007592,-9.47587976037955,4.41153955060723,0.169491508792989,1.64080321978578,-0.548789804927043,7.09374262744867,4.74150946555509,4.11020362503678,2.33143432394425,6.15279236561245,-0.868281412250926,9.07451376758494,0.368132294018713,1.26883222684746,4.28694758615578,4.53191562788211,6.50147146432889,6.84859840170471,3.51536991929355,-2.34391099328092,2.88147700950353,-0.936664744388448,4.03511189090666,9.39312338377611,1.09669690361755,-1.06384691873776,-1.2351921110694,0.223227423014228,2.62974886423801,5.45487899979455,-0.249537381045453,0.0627731082225456,1.20977046907334,0.176185798751021,-0.12385233208963,-1.0562553805304,0.60107134916457,2.12467959539262,4.06601298720804,-0.466679958339364,-1.69461508918444,-4.6812755403454,-2.93290399650498,0.188322732082131,-1.75716076613412,0.526364536639321,1.47160895692921,1.20306477497549,-0.449055649905278,0.881975005037955,1.50895144537132,-3.42347171202182,-3.0219232718084,-0.279126194593898,5.00487843363307,3.46863868930474,-0.149482841574667,-0.914135246445003,-5.44357444638472,-9.47587976037955,0.18520121486576,1.7041645083697,2.5201177560597,5.57397187111722,4.5288877485251,2.25941258230424,6.4216427291813,-1.47538979771874,-0.0627731082225473,-1.0299352753036,-2.1975217086282,-0.289874151195822,-9.47587976037955,5.09002945485683,3.08839348293471,0.115493521548437,-1.09491273839697,-5.00226223549894,3.21608180383724,-1.33395774701247,-0.382356939025161,-9.47587976037955,2.15702985106704,-9.47587976037955,0.47337602565548,-2.52320181011271,-1.4007688356845,-4.01312559864312,-4.7802731959744,-1.71144082672899,-2.46076776335389,-3.7960937134568,0.307593027087846,1.57576265897196,-3.25825565595216,3.10669519531356,5.07212015479098,-1.75994263196024,0.917308592121337,0.150358317848918,-1.67310586520856,-2.72331731116232,-4.22685221253963,-9.47587976037955,6.97772522186711,3.92003268309083,0.396494004286758,-9.47587976037955,-0.443933887065581,0.441881465397319,-3.4410210031679,-2.9968610757859,-1.13106927042934,-5.71558166238272,-0.790039122219026,-2.6666592037145,-9.47587976037955,6.47438259103831,-0.171569777038446,-9.47587976037955,-0.132227338219668,-2.74776206813187,-0.819739925084372,-9.47587976037955,-2.69129232744641
"SP444_5_RPMI",-4.7839037965801,4.09042380278619,1.77728401822471,-1.61309098277691,-9.9785892887467,1.35214089314754,-1.07676047997562,1.06969026104851,-0.367278405093674,6.25702473834661,5.45112019045849,3.3388397109939,2.48922297020844,6.18493306371782,-0.24093779343767,7.84305897247975,-0.412369756449721,1.36701683391452,2.58090210881292,2.28545378245735,5.75639178674977,7.20822823003192,1.78385293472956,-2.86764267813052,0.621619908131045,-2.12557361420197,3.84277599303732,8.88284846674726,1.19158071482592,-2.00205629513191,-1.8546928183488,1.49816425153333,-0.111803127468143,5.45199535619285,0.156376388016632,8.41245822035665,0.239579059972449,-0.0593157132916566,1.01593837612286,0.862302635926305,1.6801784424642,1.8676619080042,3.93748893557865,-0.92004847587182,0.531429485522271,-3.28358800861345,-3.59877146799235,0.20131980126823,-2.93895497258698,0.343061086752233,1.33282175096954,1.16868938606983,-1.44828191404544,0.568808232123846,0.444526621400396,-0.499960903846361,-4.18624693754413,0.417239741483058,2.83120796031575,0.551774636727387,-0.28315923935661,-9.9785892887467,-7.5248713213038,-9.9785892887467,8.41697631553923,1.34551786380002,4.4703565003004,4.85977754074861,4.58222810105824,1.6143484042883,3.03039239234901,-2.15360749589543,-1.3082152695165,-1.32244945345153,-3.31618465566561,-4.18579847237595,-4.72407411526836,5.09175288118212,3.83827627812596,-0.200988516291845,-0.801356644495187,-4.95847493267228,2.47993620302489,-1.33761090307242,-2.54468639799851,-0.524841504006094,1.99928168011271,-9.9785892887467,0.19267817658406,-2.58043425592647,-2.81901040991395,-5.90099950598323,1.6801784424642,-3.18304366897874,-5.81681841905283,-5.90969420753564,0.161017670622392,-6.0210245550671,-9.9785892887467,3.15495549347432,6.67165091672481,1.77595332510222,-0.866017574503189,-0.52710937679419,-9.9785892887467,-3.74949184353237,-3.39253820799889,-9.9785892887467,4.25915757899684,0.225467907960525,-2.30677903740098,-1.78133697661506,0.212362606359111,-0.721816536679823,-9.9785892887467,-9.9785892887467,0.856728849938655,-3.69157961006257,0.441172472458113,-4.93292853625958,-5.71969899427805,6.80635851512398,2.46157648572151,-9.9785892887467,-3.68490107281023,-6.82032720482997,-9.9785892887467,-0.994852120680953,-2.56379683321213
"SP444_5_SERA",1.12561923431447,0.799554158185188,2.15017349321327,1.19266664194334,-9.77136024838567,3.71482077514527,-0.547638315337485,1.42917414178942,0.0379911285481134,6.62703928140525,5.56707791329389,3.67787065317896,1.51951005635413,3.87857764174759,-6.45992452731595,8.63963931502764,-0.00526350006189879,2.26105986806753,3.52707386041267,4.0223564341876,6.28333868119002,6.60563164848281,3.5776564929524,-2.40465792742158,3.36639430921921,-1.51349418311086,3.89118719772818,9.05187604538952,1.81326190256041,0.0911648135902645,-3.69749035175931,-0.699004299525543,1.46919778688027,5.53877913046702,-0.725462125940368,1.72720716271831,1.24423660666535,0.110662496597199,-0.689789975058535,-3.46625677613967,0.74653731950637,1.43340579359795,3.18593898125742,-0.866649280085365,-3.87636679305524,-3.4659923767912,-3.28742766789576,1.17933299033509,-2.69268730310162,0.841428137011469,2.15771050655215,1.87010907810741,-0.879884705163843,0.00526350006190057,1.08556140821704,-3.4610054941305,-3.50538855947233,0.1220512079598,4.97954164328558,1.97468543901317,-0.441450192528409,-9.77136024838567,-6.1708008926135,-9.77136024838567,1.73535696570442,1.60964186116525,0.629735681069889,5.08867873820401,4.61598983519075,2.59938242940451,6.20683595135769,2.39950823652873,-0.271283345282617,-1.07348612699741,-2.80397375599172,-1.34513356724352,-9.77136024838567,3.96293979180529,-0.545704548214256,0.506600922631495,-0.236934353527689,-3.10160219516819,2.98928739078799,-1.20867538145903,-0.517358654009577,-0.194643145903003,2.34017236642187,-6.83341324737419,1.08952430189849,-2.42751475036073,-1.60871351402407,-4.62367601663646,-2.65859968735337,-2.19097877455113,-3.23580311189817,-1.82689219496068,-1.14883089981117,1.59784984918825,-4.60725492018747,2.52734985971508,5.32526241350658,-0.900638160695193,0.207184424198143,0.014246212748974,-2.84990735857426,-2.76013299296242,-3.79408032488576,-9.77136024838567,6.10881592850992,2.89598595011763,-0.522092179788162,-9.77136024838567,-1.99628679770844,0.142396404836195,-9.77136024838567,-3.1944788703777,-1.05080617417015,-3.99685963672367,-1.39405539646194,-3.0852657710337,-9.77136024838567,7.74322517553881,-0.453390615827019,-9.77136024838567,-4.88694636899803,-9.77136024838567,-1.12421470309461,0.247243126227136,-1.77971517403394
"SP444_6_RPMI",-0.445567954996736,4.68859958444888,2.46006388886032,-1.62111614758163,-9.74815721373993,1.79731095335641,-0.94913374647134,1.09678729171075,-0.677408892291878,6.23221911910978,4.82757213010795,3.93608797485911,2.89876014625046,6.64531024018258,-3.01040775916819,8.25850648125552,-0.0493770665478301,1.07594833179672,2.86752572657432,2.53392395197642,5.96020706095372,7.22674246914094,1.45899861302567,-2.44477351938146,0.805374698069851,-1.37431485675812,4.05416451010496,9.17100999207297,0.923601768214333,-1.70075665449152,-1.78849120228362,1.827032600278,-0.264341436475675,5.49515261763748,0.99702993136269,7.89286536344996,0.0236671376379274,0.881489774669308,1.64874999728656,1.87020168697091,1.81658599212219,2.51807765471149,4.21236419149862,-0.333211600987791,1.51463555201997,-3.6493622440603,-3.37336971551875,0.53746278684828,-3.55861910279908,0.260961430870992,1.5658923391571,0.809320362126801,-1.26416623518323,0.786469906280036,0.754948350603449,-0.534511268269353,-3.90867953954043,-0.0804542820108374,2.45400210816616,1.69113166026387,0.551598307558812,-3.06307836123869,-6.68926352468636,-9.74815721373993,7.9148300644639,1.31107946664734,5.32321041564985,5.0840448527503,4.45225834254727,2.21212809051767,2.84861659598658,3.94102892791472,-1.23875511371935,-1.06378972428528,-6.26117857819746,-7.15081446765663,-9.74815721373993,5.3200496872135,-0.936128919562266,-0.0860693918274471,-0.855067112581374,-5.04611003577695,2.92508784134503,-1.3047932034169,-1.28890380460702,0.0212973739697695,1.76169666184037,-9.74815721373993,-0.0212973739697695,-4.15450898515255,-3.76723118940219,-4.98093231909805,1.81569532665745,-1.9049416312485,-9.74815721373993,-9.74815721373993,0.112907209689121,-8.16319471301878,-9.74815721373993,2.76132736380376,6.9816461070036,-5.68050852141061,-0.853734835728636,-0.113503973133113,-9.74815721373993,-3.01138765123934,-2.26773285020342,-9.74815721373993,4.93168061473695,0.202451508575372,-1.93029300816841,-1.57990296528213,0.322430452417017,-0.666162487825385,-9.74815721373993,-9.74815721373993,1.08437740175353,-5.46866438517296,1.56039616333761,-9.74815721373993,-3.93446895273265,6.77135285011142,2.63085614807536,-9.74815721373993,-2.52226870422703,3.78211304831196,-9.74815721373993,-0.158438227730679,-2.96869953745965
"SP444_6_SERA",-4.75902333901412,3.45050108827456,2.5580322465986,1.53107661359572,-9.6083264430697,3.67271532376033,-0.224434360808086,1.51334783461904,-0.190745701563438,7.09096780943259,5.44164476673626,3.29337122154184,2.00045735984184,4.69571584596676,-0.107383559204196,8.90959758376292,0.236322472414201,3.14486910659567,4.24248887555091,4.62593888607613,6.46992348863876,7.09696414327264,3.90524382907828,-1.74467881840707,4.43608376356348,-2.56535861650254,4.06275304738606,9.28004000370991,2.08344235837555,-1.57689992000105,-2.47829688274927,0.04654303755418,1.67866650046911,5.80804084113207,-0.36394537093445,1.97647269977993,0.878989323880326,2.6518942631976,0.02311425340854,-3.451528875613,1.36838294386737,1.74743159588492,3.06124869459945,-1.06636006667891,-5.07751019119564,-3.80808301699868,-3.16178250851453,-0.346504048489411,-2.45475605447769,0.333082711661085,1.18273024653491,1.86924119920386,-0.898618254783228,0.708873136072818,0.998695569569456,-2.52942456643758,-2.84880004610271,0.569887331737046,5.27918806648934,2.16257081286333,-0.376861754846059,-2.34916314357782,-6.32883361450273,-9.6083264430697,2.01128220045835,1.86664326862684,0.188065911560233,5.33110039319925,4.8964475752117,1.29849881160985,6.55674979846263,2.46212511152666,-1.65725294178305,-1.14007133623751,-1.51678847800245,-0.838220369582568,-9.6083264430697,4.30074592856374,3.80139714704868,0.450567245983873,-1.04900778467128,-4.77874157362863,2.98130095886837,-0.989568570635678,-0.596856084597441,-9.6083264430697,2.24346219746915,-6.15942563219631,1.15589611337148,-1.78251501182183,-0.923450801364048,-3.78685283723884,-3.36646415753502,-2.8437913521864,-2.9855318688228,-3.57506305817686,-1.12182658123423,1.8995902546731,-3.37144565313007,3.21359770352156,6.11238367572355,5.78672496314697,0.965691125249986,-0.176420111166889,-5.71122635065399,-2.72355865835932,-2.99682045334889,-9.6083264430697,7.1902585328185,3.41644687082006,-0.00502263218744047,-4.41078921041952,-0.934108583200226,0.464883722924323,-5.77874157362863,-1.45740185356218,-2.00088890959272,-5.32991065452356,-0.169173103383335,-2.1827912433975,-6.01814623307752,8.09735220935756,0.00502263218744225,-9.6083264430697,-4.72249746298901,-0.710744012596527,-0.751652829128911,-0.156906260149272,-1.15705559354908
